team_id,canonical_name,display_name,record_source,record_source_url,logo_url
lp_team_64076,17 Academy,17 Academy,leaguepedia_cargo,https://lol.fandom.com/wiki/Special:Redirect/page/64076,https://lol.fandom.com/wiki/Special:Redirect/file/17_Academylogo_square.png
lp_team_64262,Fenerbahçe Esports,Fenerbahçe Esports,leaguepedia_cargo,https://lol.fandom.com/wiki/Special:Redirect/page/64262,https://lol.fandom.com/wiki/Special:Redirect/file/Fenerbah%C3%A7e_Esportslogo_square.png
lp_team_67049,1 Trick Ponies,1 Trick Ponies,leaguepedia_cargo,https://lol.fandom.com/wiki/Special:Redirect/page/67049,https://lol.fandom.com/wiki/Special:Redirect/file/1trickponies_logo.png
lp_team_124106,Cheetahs,Cheetahs,leaguepedia_cargo,https://lol.fandom.com/wiki/Special:Redirect/page/124106,https://lol.fandom.com/wiki/Special:Redirect/file/Cheetahslogo_square.png
lp_team_124211,Cherry Esports,Cherry Esports,leaguepedia_cargo,https://lol.fandom.com/wiki/Special:Redirect/page/124211,https://lol.fandom.com/wiki/Special:Redirect/file/Cherry_Gaminglogo_square.png
lp_team_124229,ChiLeanFivE,ChiLeanFivE,leaguepedia_cargo,https://lol.fandom.com/wiki/Special:Redirect/page/124229,https://lol.fandom.com/wiki/Special:Redirect/file/ChiLeanFivElogo_square.png
lp_team_124232,ChiLeanFivE Hopes,ChiLeanFivE Hopes,leaguepedia_cargo,https://lol.fandom.com/wiki/Special:Redirect/page/124232,https://lol.fandom.com/wiki/Special:Redirect/file/ChiLeanFivE_Hopeslogo_square.png
lp_team_124235,ChiLeanFivE The Legacy,ChiLeanFivE The Legacy,leaguepedia_cargo,https://lol.fandom.com/wiki/Special:Redirect/page/124235,https://lol.fandom.com/wiki/Special:Redirect/file/ChiLeanFivE_The_Legacylogo_square.png
lp_team_124244,Chicks Dig Elo,Chicks Dig Elo,leaguepedia_cargo,https://lol.fandom.com/wiki/Special:Redirect/page/124244,https://lol.fandom.com/wiki/Special:Redirect/file/Unknown_Infobox_Image_-_Team.png
lp_team_124253,The Chiefs Black,The Chiefs Black,leaguepedia_cargo,https://lol.fandom.com/wiki/Special:Redirect/page/124253,https://lol.fandom.com/wiki/Special:Redirect/file/the_chiefs_profile.png
lp_team_124259,Chiefs Esports Club,Chiefs Esports Club,leaguepedia_cargo,https://lol.fandom.com/wiki/Special:Redirect/page/124259,https://lol.fandom.com/wiki/Special:Redirect/file/Chiefs_Esports_Clublogo_square.png
lp_team_124355,China e-Sports Academic,China e-Sports Academic,leaguepedia_cargo,https://lol.fandom.com/wiki/Special:Redirect/page/124355,https://lol.fandom.com/wiki/Special:Redirect/file/CEA_logo.png
lp_team_124517,Chunnam Techno University,Chunnam Techno University,leaguepedia_cargo,https://lol.fandom.com/wiki/Special:Redirect/page/124517,https://lol.fandom.com/wiki/Special:Redirect/file/CTU_logo2.png
lp_team_126308,Cloud9,Cloud9,leaguepedia_cargo,https://lol.fandom.com/wiki/Special:Redirect/page/126308,https://lol.fandom.com/wiki/Special:Redirect/file/Cloud9logo_profile.png
lp_team_132602,Cloud9 Challenger,Cloud9 Challenger,leaguepedia_cargo,https://lol.fandom.com/wiki/Special:Redirect/page/132602,https://lol.fandom.com/wiki/Special:Redirect/file/Cloud9_Challengerlogo_profile.png
lp_team_132626,Cloud9 Tempest,Cloud9 Tempest,leaguepedia_cargo,https://lol.fandom.com/wiki/Special:Redirect/page/132626,https://lol.fandom.com/wiki/Special:Redirect/file/Cloud9_Tempestlogo_profile.png
lp_team_132680,Cloud9 Eclipse,Cloud9 Eclipse,leaguepedia_cargo,https://lol.fandom.com/wiki/Special:Redirect/page/132680,https://lol.fandom.com/wiki/Special:Redirect/file/Cloud9_Eclipselogo_profile.png
lp_team_132920,Coliseo Dragons,Coliseo Dragons,leaguepedia_cargo,https://lol.fandom.com/wiki/Special:Redirect/page/132920,https://lol.fandom.com/wiki/Special:Redirect/file/Coliseo_Dragonslogo_square.png
lp_team_132959,Comando Élite,Comando Élite,leaguepedia_cargo,https://lol.fandom.com/wiki/Special:Redirect/page/132959,https://lol.fandom.com/wiki/Special:Redirect/file/ComandoElite2014.png
lp_team_132983,compLexity.Black,compLexity.Black,leaguepedia_cargo,https://lol.fandom.com/wiki/Special:Redirect/page/132983,https://lol.fandom.com/wiki/Special:Redirect/file/CoLBlack.png
lp_team_133001,compLexity.Red,compLexity.Red,leaguepedia_cargo,https://lol.fandom.com/wiki/Special:Redirect/page/133001,https://lol.fandom.com/wiki/Special:Redirect/file/col_logo.png
lp_team_133004,compLexity.White,compLexity.White,leaguepedia_cargo,https://lol.fandom.com/wiki/Special:Redirect/page/133004,https://lol.fandom.com/wiki/Special:Redirect/file/Complexity_Whitelogo_square.png
lp_team_133016,compLexity Academy,compLexity Academy,leaguepedia_cargo,https://lol.fandom.com/wiki/Special:Redirect/page/133016,https://lol.fandom.com/wiki/Special:Redirect/file/CompLexity_Academylogo_square.png
lp_team_133022,compLexity Gaming,compLexity Gaming,leaguepedia_cargo,https://lol.fandom.com/wiki/Special:Redirect/page/133022,https://lol.fandom.com/wiki/Special:Redirect/file/CompLexity_Gaminglogo_square.png
lp_team_137045,Copenhagen Wolves,Copenhagen Wolves,leaguepedia_cargo,https://lol.fandom.com/wiki/Special:Redirect/page/137045,https://lol.fandom.com/wiki/Special:Redirect/file/wolveslogobund.png
lp_team_137351,Copenhagen Wolves Academy,Copenhagen Wolves Academy,leaguepedia_cargo,https://lol.fandom.com/wiki/Special:Redirect/page/137351,https://lol.fandom.com/wiki/Special:Redirect/file/CW_Academy.png
lp_team_138032,Cougar E-Sport,Cougar E-Sport,leaguepedia_cargo,https://lol.fandom.com/wiki/Special:Redirect/page/138032,https://lol.fandom.com/wiki/Special:Redirect/file/Taoyuan_Cougar_E-Sportlogo_square.png
lp_team_138257,Counter Counter Clockwise,Counter Counter Clockwise,leaguepedia_cargo,https://lol.fandom.com/wiki/Special:Redirect/page/138257,https://lol.fandom.com/wiki/Special:Redirect/file/Team_ccc.png
lp_team_138263,Counter Logic Gaming,Counter Logic Gaming,leaguepedia_cargo,https://lol.fandom.com/wiki/Special:Redirect/page/138263,https://lol.fandom.com/wiki/Special:Redirect/file/Counter_Logic_Gaminglogo_profile.png
lp_team_141182,Counter Logic Gaming Europe,Counter Logic Gaming Europe,leaguepedia_cargo,https://lol.fandom.com/wiki/Special:Redirect/page/141182,https://lol.fandom.com/wiki/Special:Redirect/file/Clgeu_logo2.png
lp_team_141863,Crest Gaming Act,Crest Gaming Act,leaguepedia_cargo,https://lol.fandom.com/wiki/Special:Redirect/page/141863,https://lol.fandom.com/wiki/Special:Redirect/file/Crest_Gaming_Actlogo_profile.png
lp_team_141902,Crew e-Sports Club,Crew e-Sports Club,leaguepedia_cargo,https://lol.fandom.com/wiki/Special:Redirect/page/141902,https://lol.fandom.com/wiki/Special:Redirect/file/CEC_logo_2.png
lp_team_142460,CrossGaming,CrossGaming,leaguepedia_cargo,https://lol.fandom.com/wiki/Special:Redirect/page/142460,https://lol.fandom.com/wiki/Special:Redirect/file/Crossgaminglogo.png
lp_team_145631,Curse Academy,Curse Academy,leaguepedia_cargo,https://lol.fandom.com/wiki/Special:Redirect/page/145631,https://lol.fandom.com/wiki/Special:Redirect/file/Curse_Academy.png
lp_team_145883,Cursed Rage,Cursed Rage,leaguepedia_cargo,https://lol.fandom.com/wiki/Special:Redirect/page/145883,https://lol.fandom.com/wiki/Special:Redirect/file/Cursed_Ragelogo_square.png
lp_team_145961,Cyclone,Cyclone,leaguepedia_cargo,https://lol.fandom.com/wiki/Special:Redirect/page/145961,https://lol.fandom.com/wiki/Special:Redirect/file/Cyclonelogo_square.png
lp_team_145988,Cyzone,Cyzone,leaguepedia_cargo,https://lol.fandom.com/wiki/Special:Redirect/page/145988,https://lol.fandom.com/wiki/Special:Redirect/file/Cyzone.jpg
lp_team_146042,Dplus Kia,Dplus Kia,leaguepedia_cargo,https://lol.fandom.com/wiki/Special:Redirect/page/146042,https://lol.fandom.com/wiki/Special:Redirect/file/Dplus_Kialogo_profile.png
lp_team_146060,DAN Gaming,DAN Gaming,leaguepedia_cargo,https://lol.fandom.com/wiki/Special:Redirect/page/146060,https://lol.fandom.com/wiki/Special:Redirect/file/DAN_Gaminglogo_square.png
lp_team_146186,DS Gaming,DS Gaming,leaguepedia_cargo,https://lol.fandom.com/wiki/Special:Redirect/page/146186,https://lol.fandom.com/wiki/Special:Redirect/file/DS_Gaminglogo_square.png
lp_team_146270,Dadslammers,Dadslammers,leaguepedia_cargo,https://lol.fandom.com/wiki/Special:Redirect/page/146270,https://lol.fandom.com/wiki/Special:Redirect/file/Skyline.jpg
lp_team_146576,Dark Horse,Dark Horse,leaguepedia_cargo,https://lol.fandom.com/wiki/Special:Redirect/page/146576,https://lol.fandom.com/wiki/Special:Redirect/file/Dark_Horse_logo.png
lp_team_146585,Dark Passage,Dark Passage,leaguepedia_cargo,https://lol.fandom.com/wiki/Special:Redirect/page/146585,https://lol.fandom.com/wiki/Special:Redirect/file/Dark_Passagelogo_profile.png
lp_team_147401,Dark Passage White,Dark Passage White,leaguepedia_cargo,https://lol.fandom.com/wiki/Special:Redirect/page/147401,https://lol.fandom.com/wiki/Special:Redirect/file/Darkpassageyeni.png
lp_team_147407,Dark Wolves,Dark Wolves,leaguepedia_cargo,https://lol.fandom.com/wiki/Special:Redirect/page/147407,https://lol.fandom.com/wiki/Special:Redirect/file/Dark_Wolves_logo.png
lp_team_147446,DarlingYou,DarlingYou,leaguepedia_cargo,https://lol.fandom.com/wiki/Special:Redirect/page/147446,https://lol.fandom.com/wiki/Special:Redirect/file/DLY_logo_new.png
lp_team_147674,Dash9 Gaming,Dash9 Gaming,leaguepedia_cargo,https://lol.fandom.com/wiki/Special:Redirect/page/147674,https://lol.fandom.com/wiki/Special:Redirect/file/Dash9Gaming.png
lp_team_148805,Defenders (防衛者),Defenders (防衛者),leaguepedia_cargo,https://lol.fandom.com/wiki/Special:Redirect/page/148805,https://lol.fandom.com/wiki/Special:Redirect/file/Defenderslogo_square.png
lp_team_149042,DeftCarry,DeftCarry,leaguepedia_cargo,https://lol.fandom.com/wiki/Special:Redirect/page/149042,https://lol.fandom.com/wiki/Special:Redirect/file/Unknown_Infobox_Image_-_Team.png
lp_team_149267,Delta Fox,Delta Fox,leaguepedia_cargo,https://lol.fandom.com/wiki/Special:Redirect/page/149267,https://lol.fandom.com/wiki/Special:Redirect/file/Delta_Foxlogo_square.png
lp_team_151121,Denial eSports,Denial eSports,leaguepedia_cargo,https://lol.fandom.com/wiki/Special:Redirect/page/151121,https://lol.fandom.com/wiki/Special:Redirect/file/denialnew.png
lp_team_151124,Denial eSports.East,Denial eSports.East,leaguepedia_cargo,https://lol.fandom.com/wiki/Special:Redirect/page/151124,https://lol.fandom.com/wiki/Special:Redirect/file/denialtrans.png
lp_team_151145,Denial eSports.Europe,Denial eSports.Europe,leaguepedia_cargo,https://lol.fandom.com/wiki/Special:Redirect/page/151145,https://lol.fandom.com/wiki/Special:Redirect/file/denialnew.png
lp_team_151175,Departed,Departed,leaguepedia_cargo,https://lol.fandom.com/wiki/Special:Redirect/page/151175,https://lol.fandom.com/wiki/Special:Redirect/file/Departedlogo_square.png
lp_team_151361,Destined For Glory,Destined For Glory,leaguepedia_cargo,https://lol.fandom.com/wiki/Special:Redirect/page/151361,https://lol.fandom.com/wiki/Special:Redirect/file/Unknown_Infobox_Image_-_Team.png
lp_team_151430,Determined Gaming,Determined Gaming,leaguepedia_cargo,https://lol.fandom.com/wiki/Special:Redirect/page/151430,https://lol.fandom.com/wiki/Special:Redirect/file/DTLogo.png
lp_team_151439,DetonatioN FocusMe,DetonatioN FocusMe,leaguepedia_cargo,https://lol.fandom.com/wiki/Special:Redirect/page/151439,https://lol.fandom.com/wiki/Special:Redirect/file/DetonatioN_FocusMelogo_profile.png
lp_team_151463,DetonatioN Rising,DetonatioN Rising,leaguepedia_cargo,https://lol.fandom.com/wiki/Special:Redirect/page/151463,https://lol.fandom.com/wiki/Special:Redirect/file/DetonatioN_FocusMe_Old_Logo.png
lp_team_151556,Dexterity Team,Dexterity Team,leaguepedia_cargo,https://lol.fandom.com/wiki/Special:Redirect/page/151556,https://lol.fandom.com/wiki/Special:Redirect/file/Dexterity_logo.png
lp_team_151595,Diamond Team,Diamond Team,leaguepedia_cargo,https://lol.fandom.com/wiki/Special:Redirect/page/151595,https://lol.fandom.com/wiki/Special:Redirect/file/Diamond_Team_logo.png
lp_team_151670,Different Dimension,Different Dimension,leaguepedia_cargo,https://lol.fandom.com/wiki/Special:Redirect/page/151670,https://lol.fandom.com/wiki/Special:Redirect/file/Different_Dimensionlogo_square.png
lp_team_151721,Dimegio Club,Dimegio Club,leaguepedia_cargo,https://lol.fandom.com/wiki/Special:Redirect/page/151721,https://lol.fandom.com/wiki/Special:Redirect/file/Dimegio_Club.jpeg
lp_team_151799,Dire Wolves,Dire Wolves,leaguepedia_cargo,https://lol.fandom.com/wiki/Special:Redirect/page/151799,https://lol.fandom.com/wiki/Special:Redirect/file/Dire_Wolveslogo_profile.png
lp_team_151829,Dirt Nap Gaming,Dirt Nap Gaming,leaguepedia_cargo,https://lol.fandom.com/wiki/Special:Redirect/page/151829,https://lol.fandom.com/wiki/Special:Redirect/file/Dirtnap.png
lp_team_151913,DnH Advance,DnH Advance,leaguepedia_cargo,https://lol.fandom.com/wiki/Special:Redirect/page/151913,https://lol.fandom.com/wiki/Special:Redirect/file/DnH_Advancelogo_square.png
lp_team_152030,Dolphins,Dolphins,leaguepedia_cargo,https://lol.fandom.com/wiki/Special:Redirect/page/152030,https://lol.fandom.com/wiki/Special:Redirect/file/DOLlogo_square.png
lp_team_152084,DomoSoCute,DomoSoCute,leaguepedia_cargo,https://lol.fandom.com/wiki/Special:Redirect/page/152084,https://lol.fandom.com/wiki/Special:Redirect/file/Domo_logo.png
lp_team_152186,DoubleBuff,DoubleBuff,leaguepedia_cargo,https://lol.fandom.com/wiki/Special:Redirect/page/152186,https://lol.fandom.com/wiki/Special:Redirect/file/DoubleBuff_Logo.png
lp_team_152390,DragonBorns,DragonBorns,leaguepedia_cargo,https://lol.fandom.com/wiki/Special:Redirect/page/152390,https://lol.fandom.com/wiki/Special:Redirect/file/DragonBornslogo_square.png
lp_team_152483,Dragon Team,Dragon Team,leaguepedia_cargo,https://lol.fandom.com/wiki/Special:Redirect/page/152483,https://lol.fandom.com/wiki/Special:Redirect/file/DragonTeam.jpg
lp_team_152537,Dragonfly Gaming,Dragonfly Gaming,leaguepedia_cargo,https://lol.fandom.com/wiki/Special:Redirect/page/152537,https://lol.fandom.com/wiki/Special:Redirect/file/Dragonfly_Gaminglogo_square.png
lp_team_152558,Dragons E.C.,Dragons E.C.,leaguepedia_cargo,https://lol.fandom.com/wiki/Special:Redirect/page/152558,https://lol.fandom.com/wiki/Special:Redirect/file/Dragons_E.C.logo_square.png
lp_team_152729,DreamCatcher,DreamCatcher,leaguepedia_cargo,https://lol.fandom.com/wiki/Special:Redirect/page/152729,https://lol.fandom.com/wiki/Special:Redirect/file/Unknown_Infobox_Image_-_Team.png
lp_team_153662,DreamCatcher,DreamCatcher,leaguepedia_cargo,https://lol.fandom.com/wiki/Special:Redirect/page/153662,https://lol.fandom.com/wiki/Special:Redirect/file/Dc_logo150.png
lp_team_153665,Dream Catcher Gaming,Dream Catcher Gaming,leaguepedia_cargo,https://lol.fandom.com/wiki/Special:Redirect/page/153665,https://lol.fandom.com/wiki/Special:Redirect/file/Dream_Catcher_Gaminglogo_square.png
lp_team_153668,Dream Team,Dream Team,leaguepedia_cargo,https://lol.fandom.com/wiki/Special:Redirect/page/153668,https://lol.fandom.com/wiki/Special:Redirect/file/Dream_Teamlogo_square.png
lp_team_153680,Dream VGirls,Dream VGirls,leaguepedia_cargo,https://lol.fandom.com/wiki/Special:Redirect/page/153680,https://lol.fandom.com/wiki/Special:Redirect/file/DVG_logo.png
lp_team_153683,Dream or Reality,Dream or Reality,leaguepedia_cargo,https://lol.fandom.com/wiki/Special:Redirect/page/153683,https://lol.fandom.com/wiki/Special:Redirect/file/DoR_logo.png
lp_team_153767,Druidz E-Sport Europe,Druidz E-Sport Europe,leaguepedia_cargo,https://lol.fandom.com/wiki/Special:Redirect/page/153767,https://lol.fandom.com/wiki/Special:Redirect/file/Druidz_E-Sport.png
lp_team_153779,Duck In a Box,Duck In a Box,leaguepedia_cargo,https://lol.fandom.com/wiki/Special:Redirect/page/153779,https://lol.fandom.com/wiki/Special:Redirect/file/Duck_in_a_Box_logo.jpg
lp_team_153782,Ducks on Fire,Ducks on Fire,leaguepedia_cargo,https://lol.fandom.com/wiki/Special:Redirect/page/153782,https://lol.fandom.com/wiki/Special:Redirect/file/Ducks_on_Firelogo_square.png
lp_team_153833,Dulcet Essence,Dulcet Essence,leaguepedia_cargo,https://lol.fandom.com/wiki/Special:Redirect/page/153833,https://lol.fandom.com/wiki/Special:Redirect/file/Dulcet_Essencelogo_square.png
lp_team_153905,Dynasty Gaming,Dynasty Gaming,leaguepedia_cargo,https://lol.fandom.com/wiki/Special:Redirect/page/153905,https://lol.fandom.com/wiki/Special:Redirect/file/Dynasty_Gaminglogo_square.png
lp_team_153941,e-Champ Gaming,e-Champ Gaming,leaguepedia_cargo,https://lol.fandom.com/wiki/Special:Redirect/page/153941,https://lol.fandom.com/wiki/Special:Redirect/file/E-Champ_Gaminglogo_profile.png
lp_team_153971,e-Sports Dragons Pro,e-Sports Dragons Pro,leaguepedia_cargo,https://lol.fandom.com/wiki/Special:Redirect/page/153971,https://lol.fandom.com/wiki/Special:Redirect/file/E-Sports_Dragons_Pro.png
lp_team_154139,E-corp Gaming,E-corp Gaming,leaguepedia_cargo,https://lol.fandom.com/wiki/Special:Redirect/page/154139,https://lol.fandom.com/wiki/Special:Redirect/file/E-corp_Gaminglogo_square.png
lp_team_154151,e-mFire,e-mFire,leaguepedia_cargo,https://lol.fandom.com/wiki/Special:Redirect/page/154151,https://lol.fandom.com/wiki/Special:Redirect/file/EmFire_logo.png
lp_team_154163,e.Hub United,e.Hub United,leaguepedia_cargo,https://lol.fandom.com/wiki/Special:Redirect/page/154163,https://lol.fandom.com/wiki/Special:Redirect/file/e.Hub_Unitedlogo_square.png
lp_team_154169,e.o.s Gaming,e.o.s Gaming,leaguepedia_cargo,https://lol.fandom.com/wiki/Special:Redirect/page/154169,https://lol.fandom.com/wiki/Special:Redirect/file/E.o.s_Gaming_logo_2016.png
lp_team_154388,EDward Esports,EDward Esports,leaguepedia_cargo,https://lol.fandom.com/wiki/Special:Redirect/page/154388,https://lol.fandom.com/wiki/Special:Redirect/file/EDward_Esportslogo_square.png
lp_team_154400,EDward Gaming,EDward Gaming,leaguepedia_cargo,https://lol.fandom.com/wiki/Special:Redirect/page/154400,https://lol.fandom.com/wiki/Special:Redirect/file/EDward_Gaminglogo_square.png
lp_team_154451,EHOME,EHOME,leaguepedia_cargo,https://lol.fandom.com/wiki/Special:Redirect/page/154451,https://lol.fandom.com/wiki/Special:Redirect/file/EHOMElogo_profile.png
lp_team_154493,eMonkeyz,eMonkeyz,leaguepedia_cargo,https://lol.fandom.com/wiki/Special:Redirect/page/154493,https://lol.fandom.com/wiki/Special:Redirect/file/EMonkeyzlogo_square.png
lp_team_154544,ESC Ever,ESC Ever,leaguepedia_cargo,https://lol.fandom.com/wiki/Special:Redirect/page/154544,https://lol.fandom.com/wiki/Special:Redirect/file/Ever_Logo.png
lp_team_154559,ESC Gaming,ESC Gaming,leaguepedia_cargo,https://lol.fandom.com/wiki/Special:Redirect/page/154559,https://lol.fandom.com/wiki/Special:Redirect/file/Escicybox.png
lp_team_154562,ESC Gaming Europe,ESC Gaming Europe,leaguepedia_cargo,https://lol.fandom.com/wiki/Special:Redirect/page/154562,https://lol.fandom.com/wiki/Special:Redirect/file/Escicybox.png
lp_team_155360,eSuba,eSuba,leaguepedia_cargo,https://lol.fandom.com/wiki/Special:Redirect/page/155360,https://lol.fandom.com/wiki/Special:Redirect/file/ESubalogo_profile.png
lp_team_155540,EURONICS Gaming,EURONICS Gaming,leaguepedia_cargo,https://lol.fandom.com/wiki/Special:Redirect/page/155540,https://lol.fandom.com/wiki/Special:Redirect/file/EURONICS_Gaminglogo_square.png
lp_team_156470,eUnited,eUnited,leaguepedia_cargo,https://lol.fandom.com/wiki/Special:Redirect/page/156470,https://lol.fandom.com/wiki/Special:Redirect/file/EUnitedlogo_square.png
lp_team_156482,EVOS Esports,EVOS Esports,leaguepedia_cargo,https://lol.fandom.com/wiki/Special:Redirect/page/156482,https://lol.fandom.com/wiki/Special:Redirect/file/EVOS_Esportslogo_square.png
lp_team_156488,eXeAt eSports Club,eXeAt eSports Club,leaguepedia_cargo,https://lol.fandom.com/wiki/Special:Redirect/page/156488,https://lol.fandom.com/wiki/Special:Redirect/file/EXeAt_eSports_Clublogo_square.png
lp_team_156491,eXtreme Divide ExeCuTioNeR,eXtreme Divide ExeCuTioNeR,leaguepedia_cargo,https://lol.fandom.com/wiki/Special:Redirect/page/156491,https://lol.fandom.com/wiki/Special:Redirect/file/EMD.png
lp_team_156497,eXtreme Divide e-Sport Team,eXtreme Divide e-Sport Team,leaguepedia_cargo,https://lol.fandom.com/wiki/Special:Redirect/page/156497,https://lol.fandom.com/wiki/Special:Redirect/file/EXtreme_Divide_e-Sport_Teamlogo_profile.png
lp_team_156500,XGamers,XGamers,leaguepedia_cargo,https://lol.fandom.com/wiki/Special:Redirect/page/156500,https://lol.fandom.com/wiki/Special:Redirect/file/XGamers_logo.png
lp_team_156515,EYES ON U,EYES ON U,leaguepedia_cargo,https://lol.fandom.com/wiki/Special:Redirect/page/156515,https://lol.fandom.com/wiki/Special:Redirect/file/Eyes-on-u.png
lp_team_156518,EYES ON U Europe,EYES ON U Europe,leaguepedia_cargo,https://lol.fandom.com/wiki/Special:Redirect/page/156518,https://lol.fandom.com/wiki/Special:Redirect/file/Eyes-on-u.png
lp_team_156521,Eanix,Eanix,leaguepedia_cargo,https://lol.fandom.com/wiki/Special:Redirect/page/156521,https://lol.fandom.com/wiki/Special:Redirect/file/Eanixlogo_profile.png
lp_team_156605,Eat Sleep Game,Eat Sleep Game,leaguepedia_cargo,https://lol.fandom.com/wiki/Special:Redirect/page/156605,https://lol.fandom.com/wiki/Special:Redirect/file/Unknown_Infobox_Image_-_Team.png
lp_team_156647,Echo Fox,Echo Fox,leaguepedia_cargo,https://lol.fandom.com/wiki/Special:Redirect/page/156647,https://lol.fandom.com/wiki/Special:Redirect/file/Echo_Foxlogo_profile.png
lp_team_156665,Eclypsia,Eclypsia,leaguepedia_cargo,https://lol.fandom.com/wiki/Special:Redirect/page/156665,https://lol.fandom.com/wiki/Special:Redirect/file/EC_logo_2015.png
lp_team_156668,Eclypsia.Luna,Eclypsia.Luna,leaguepedia_cargo,https://lol.fandom.com/wiki/Special:Redirect/page/156668,https://lol.fandom.com/wiki/Special:Redirect/file/Eclypsia_Logo.png
lp_team_156932,Elements,Elements,leaguepedia_cargo,https://lol.fandom.com/wiki/Special:Redirect/page/156932,https://lol.fandom.com/wiki/Special:Redirect/file/Elements_logo_summer.png
lp_team_156998,Elite Masters,Elite Masters,leaguepedia_cargo,https://lol.fandom.com/wiki/Special:Redirect/page/156998,https://lol.fandom.com/wiki/Special:Redirect/file/Elite_Masterslogo_square.png
lp_team_157001,Elite Wolves,Elite Wolves,leaguepedia_cargo,https://lol.fandom.com/wiki/Special:Redirect/page/157001,https://lol.fandom.com/wiki/Special:Redirect/file/Elite_Wolveslogo_square.png
lp_team_157073,EloHell,EloHell,leaguepedia_cargo,https://lol.fandom.com/wiki/Special:Redirect/page/157073,https://lol.fandom.com/wiki/Special:Redirect/file/EloHelllogo_square.png
lp_team_157133,Ember,Ember,leaguepedia_cargo,https://lol.fandom.com/wiki/Special:Redirect/page/157133,https://lol.fandom.com/wiki/Special:Redirect/file/Emberlogo_square.png
lp_team_157508,Enemy,Enemy,leaguepedia_cargo,https://lol.fandom.com/wiki/Special:Redirect/page/157508,https://lol.fandom.com/wiki/Special:Redirect/file/Enemy_logo.png
lp_team_157547,Energy Pacemaker,Energy Pacemaker,leaguepedia_cargo,https://lol.fandom.com/wiki/Special:Redirect/page/157547,https://lol.fandom.com/wiki/Special:Redirect/file/EP.png
lp_team_157559,Energy Pacemaker.All,Energy Pacemaker.All,leaguepedia_cargo,https://lol.fandom.com/wiki/Special:Redirect/page/157559,https://lol.fandom.com/wiki/Special:Redirect/file/Energy_Pacemaker.Alllogo_square.png
lp_team_157577,Energy Pacemaker.Carries,Energy Pacemaker.Carries,leaguepedia_cargo,https://lol.fandom.com/wiki/Special:Redirect/page/157577,https://lol.fandom.com/wiki/Special:Redirect/file/EP.C_logo.png
lp_team_157589,Energy Pacemaker.YCSM,Energy Pacemaker.YCSM,leaguepedia_cargo,https://lol.fandom.com/wiki/Special:Redirect/page/157589,https://lol.fandom.com/wiki/Special:Redirect/file/EP.png
lp_team_157775,EPIK Gamer,EPIK Gamer,leaguepedia_cargo,https://lol.fandom.com/wiki/Special:Redirect/page/157775,https://lol.fandom.com/wiki/Special:Redirect/file/Epik_Gamerlogo_square.png
lp_team_157778,Epiphany Bolt,Epiphany Bolt,leaguepedia_cargo,https://lol.fandom.com/wiki/Special:Redirect/page/157778,https://lol.fandom.com/wiki/Special:Redirect/file/Epiphany_Boltlogo_square.png
lp_team_157784,Epsilon Esports,Epsilon Esports,leaguepedia_cargo,https://lol.fandom.com/wiki/Special:Redirect/page/157784,https://lol.fandom.com/wiki/Special:Redirect/file/Epsilon_Esportslogo_square.png
lp_team_157865,EBD LEGENDs,EBD LEGENDs,leaguepedia_cargo,https://lol.fandom.com/wiki/Special:Redirect/page/157865,https://lol.fandom.com/wiki/Special:Redirect/file/CGA_Legends.jpg
lp_team_157910,Estúdio XP e-Sports,Estúdio XP e-Sports,leaguepedia_cargo,https://lol.fandom.com/wiki/Special:Redirect/page/157910,https://lol.fandom.com/wiki/Special:Redirect/file/Est%C3%BAdio_XP_e-Sportslogo_square.png
lp_team_157946,Eternity Gaming,Eternity Gaming,leaguepedia_cargo,https://lol.fandom.com/wiki/Special:Redirect/page/157946,https://lol.fandom.com/wiki/Special:Redirect/file/Eternity_Gaming.jpeg
lp_team_158261,Ever8 Winners,Ever8 Winners,leaguepedia_cargo,https://lol.fandom.com/wiki/Special:Redirect/page/158261,https://lol.fandom.com/wiki/Special:Redirect/file/Ever8_Winners.png
lp_team_158288,Evil Geniuses.EU,Evil Geniuses.EU,leaguepedia_cargo,https://lol.fandom.com/wiki/Special:Redirect/page/158288,https://lol.fandom.com/wiki/Special:Redirect/file/Evil_Geniuses_3Dlogo_square.png
lp_team_158324,Ex Nihilo,Ex Nihilo,leaguepedia_cargo,https://lol.fandom.com/wiki/Special:Redirect/page/158324,https://lol.fandom.com/wiki/Special:Redirect/file/Ex_Nihilologo_square.png
lp_team_158384,Exgs,Exgs,leaguepedia_cargo,https://lol.fandom.com/wiki/Special:Redirect/page/158384,https://lol.fandom.com/wiki/Special:Redirect/file/Exgslogo_square.png
lp_team_158390,Exile,Exile,leaguepedia_cargo,https://lol.fandom.com/wiki/Special:Redirect/page/158390,https://lol.fandom.com/wiki/Special:Redirect/file/exile.jpg
lp_team_158663,FC Schalke 04 Esports,FC Schalke 04 Esports,leaguepedia_cargo,https://lol.fandom.com/wiki/Special:Redirect/page/158663,https://lol.fandom.com/wiki/Special:Redirect/file/FC_Schalke_04_Esportslogo_profile.png
lp_team_158720,FM eSports,FM eSports,leaguepedia_cargo,https://lol.fandom.com/wiki/Special:Redirect/page/158720,https://lol.fandom.com/wiki/Special:Redirect/file/FM_eSportssquare.png
lp_team_158780,FXOpen e-Sports,FXOpen e-Sports,leaguepedia_cargo,https://lol.fandom.com/wiki/Special:Redirect/page/158780,https://lol.fandom.com/wiki/Special:Redirect/file/FXOpen_e-Sportslogo_square.png
lp_team_159230,Hanoi Fate,Hanoi Fate,leaguepedia_cargo,https://lol.fandom.com/wiki/Special:Redirect/page/159230,https://lol.fandom.com/wiki/Special:Redirect/file/Fate_Teamlogo_square.png
lp_team_159290,Feint Gaming,Feint Gaming,leaguepedia_cargo,https://lol.fandom.com/wiki/Special:Redirect/page/159290,https://lol.fandom.com/wiki/Special:Redirect/file/Feint_Gaminglogo_square.png
lp_team_159401,Fiction eSports,Fiction eSports,leaguepedia_cargo,https://lol.fandom.com/wiki/Special:Redirect/page/159401,https://lol.fandom.com/wiki/Special:Redirect/file/fictioneSports.png
lp_team_159485,Final Five,Final Five,leaguepedia_cargo,https://lol.fandom.com/wiki/Special:Redirect/page/159485,https://lol.fandom.com/wiki/Special:Redirect/file/Final_Five_Logo_infobox.png
lp_team_159551,Fireball,Fireball,leaguepedia_cargo,https://lol.fandom.com/wiki/Special:Redirect/page/159551,https://lol.fandom.com/wiki/Special:Redirect/file/Fireballlogo_square.png
lp_team_159641,Fission Esports,Fission Esports,leaguepedia_cargo,https://lol.fandom.com/wiki/Special:Redirect/page/159641,https://lol.fandom.com/wiki/Special:Redirect/file/FIS_logo.png
lp_team_159812,Flash Husky,Flash Husky,leaguepedia_cargo,https://lol.fandom.com/wiki/Special:Redirect/page/159812,https://lol.fandom.com/wiki/Special:Redirect/file/Flash_Huskylogo_square.png
lp_team_159815,Flash Wolves,Flash Wolves,leaguepedia_cargo,https://lol.fandom.com/wiki/Special:Redirect/page/159815,https://lol.fandom.com/wiki/Special:Redirect/file/Flash_Wolves_logo.png
lp_team_159836,Flash Wolves Junior,Flash Wolves Junior,leaguepedia_cargo,https://lol.fandom.com/wiki/Special:Redirect/page/159836,https://lol.fandom.com/wiki/Special:Redirect/file/Flash_Wolves_logo.png
lp_team_159842,Flashdive,Flashdive,leaguepedia_cargo,https://lol.fandom.com/wiki/Special:Redirect/page/159842,https://lol.fandom.com/wiki/Special:Redirect/file/Flashdive_logo.jpg
lp_team_159908,FlyQuest,FlyQuest,leaguepedia_cargo,https://lol.fandom.com/wiki/Special:Redirect/page/159908,https://lol.fandom.com/wiki/Special:Redirect/file/FlyQuestlogo_profile.png
lp_team_159959,Fnatic,Fnatic,leaguepedia_cargo,https://lol.fandom.com/wiki/Special:Redirect/page/159959,https://lol.fandom.com/wiki/Special:Redirect/file/Fnaticlogo_profile.png
lp_team_160004,Fnatic Academy,Fnatic Academy,leaguepedia_cargo,https://lol.fandom.com/wiki/Special:Redirect/page/160004,https://lol.fandom.com/wiki/Special:Redirect/file/Fnatic_Academylogo_square.png
lp_team_160079,For The Win,For The Win,leaguepedia_cargo,https://lol.fandom.com/wiki/Special:Redirect/page/160079,https://lol.fandom.com/wiki/Special:Redirect/file/Unknown_Infobox_Image_-_Team.png
lp_team_160082,For The Win Esports,For The Win Esports,leaguepedia_cargo,https://lol.fandom.com/wiki/Special:Redirect/page/160082,https://lol.fandom.com/wiki/Special:Redirect/file/For_The_Win_Esportslogo_square.png
lp_team_160103,Force of Nature,Force of Nature,leaguepedia_cargo,https://lol.fandom.com/wiki/Special:Redirect/page/160103,https://lol.fandom.com/wiki/Special:Redirect/file/Force_Of_Naturelogo_square.png
lp_team_160142,Fortius,Fortius,leaguepedia_cargo,https://lol.fandom.com/wiki/Special:Redirect/page/160142,https://lol.fandom.com/wiki/Special:Redirect/file/Fortiuslogo_square.png
lp_team_160223,Frag eXecutors,Frag eXecutors,leaguepedia_cargo,https://lol.fandom.com/wiki/Special:Redirect/page/160223,https://lol.fandom.com/wiki/Special:Redirect/file/fragxlogo.png
lp_team_160229,Frank Fang Gaming,Frank Fang Gaming,leaguepedia_cargo,https://lol.fandom.com/wiki/Special:Redirect/page/160229,https://lol.fandom.com/wiki/Special:Redirect/file/Frank_Fang_Gaminglogo_square.png
lp_team_160277,Freedom Dive,Freedom Dive,leaguepedia_cargo,https://lol.fandom.com/wiki/Special:Redirect/page/160277,https://lol.fandom.com/wiki/Special:Redirect/file/Freedom_Divelogo_square.png
lp_team_160334,Friends Forever Gaming,Friends Forever Gaming,leaguepedia_cargo,https://lol.fandom.com/wiki/Special:Redirect/page/160334,https://lol.fandom.com/wiki/Special:Redirect/file/Friends_Forever_Gaminglogo_profile.png
lp_team_160478,Full Louis,Full Louis,leaguepedia_cargo,https://lol.fandom.com/wiki/Special:Redirect/page/160478,https://lol.fandom.com/wiki/Special:Redirect/file/Full_Louislogo_profile.png
lp_team_160502,Furious Gaming,Furious Gaming,leaguepedia_cargo,https://lol.fandom.com/wiki/Special:Redirect/page/160502,https://lol.fandom.com/wiki/Special:Redirect/file/FG_logo.png
lp_team_160811,G2 Esports,G2 Esports,leaguepedia_cargo,https://lol.fandom.com/wiki/Special:Redirect/page/160811,https://lol.fandom.com/wiki/Special:Redirect/file/G2_Esportslogo_profile.png
lp_team_160832,G2 Vodafone,G2 Vodafone,leaguepedia_cargo,https://lol.fandom.com/wiki/Special:Redirect/page/160832,https://lol.fandom.com/wiki/Special:Redirect/file/G2_Vodafonelogo_square.png
lp_team_160844,g3nerationX,g3nerationX,leaguepedia_cargo,https://lol.fandom.com/wiki/Special:Redirect/page/160844,https://lol.fandom.com/wiki/Special:Redirect/file/G3x_Logo.png
lp_team_160934,GF-Gaming,GF-Gaming,leaguepedia_cargo,https://lol.fandom.com/wiki/Special:Redirect/page/160934,https://lol.fandom.com/wiki/Special:Redirect/file/GF-Gaminglogo_square.png
lp_team_160964,GG Call Nash,GG Call Nash,leaguepedia_cargo,https://lol.fandom.com/wiki/Special:Redirect/page/160964,https://lol.fandom.com/wiki/Special:Redirect/file/GG_CN_logo.png
lp_team_160988,GAM Esports,GAM Esports,leaguepedia_cargo,https://lol.fandom.com/wiki/Special:Redirect/page/160988,https://lol.fandom.com/wiki/Special:Redirect/file/GAM_Esportslogo_square.png
lp_team_161045,GJR,GJR,leaguepedia_cargo,https://lol.fandom.com/wiki/Special:Redirect/page/161045,https://lol.fandom.com/wiki/Special:Redirect/file/gjr_logo.jpg
lp_team_161237,GSG,GSG,leaguepedia_cargo,https://lol.fandom.com/wiki/Special:Redirect/page/161237,https://lol.fandom.com/wiki/Special:Redirect/file/Unknown_Infobox_Image_-_Team.png
lp_team_161240,GSI Gaming,GSI Gaming,leaguepedia_cargo,https://lol.fandom.com/wiki/Special:Redirect/page/161240,https://lol.fandom.com/wiki/Special:Redirect/file/GSI_logo_150.png
lp_team_161267,Galactic Gamers,Galactic Gamers,leaguepedia_cargo,https://lol.fandom.com/wiki/Special:Redirect/page/161267,https://lol.fandom.com/wiki/Special:Redirect/file/Galactic_Gamerslogo_square.png
lp_team_161279,Galakticos,Galakticos,leaguepedia_cargo,https://lol.fandom.com/wiki/Special:Redirect/page/161279,https://lol.fandom.com/wiki/Special:Redirect/file/Galakticoslogo_square.png
lp_team_161303,Galatasaray Esports,Galatasaray Esports,leaguepedia_cargo,https://lol.fandom.com/wiki/Special:Redirect/page/161303,https://lol.fandom.com/wiki/Special:Redirect/file/Galatasaray_Esportslogo_profile.png
lp_team_161345,Gama E-Sport Dream (伽马电子竞技),Gama E-Sport Dream (伽马电子竞技),leaguepedia_cargo,https://lol.fandom.com/wiki/Special:Redirect/page/161345,https://lol.fandom.com/wiki/Special:Redirect/file/Gama_E-Sport_Dreamlogo_square.png
lp_team_161363,Gamania Bears,Gamania Bears,leaguepedia_cargo,https://lol.fandom.com/wiki/Special:Redirect/page/161363,https://lol.fandom.com/wiki/Special:Redirect/file/Gama_Bears.png
lp_team_161378,Gambit Esports,Gambit Esports,leaguepedia_cargo,https://lol.fandom.com/wiki/Special:Redirect/page/161378,https://lol.fandom.com/wiki/Special:Redirect/file/Gambit_Esportslogo_profile.png
lp_team_161393,Gambit Gaming,Gambit Gaming,leaguepedia_cargo,https://lol.fandom.com/wiki/Special:Redirect/page/161393,https://lol.fandom.com/wiki/Special:Redirect/file/Gambit_Gaming_Logo.png
lp_team_161432,GameEkstra,GameEkstra,leaguepedia_cargo,https://lol.fandom.com/wiki/Special:Redirect/page/161432,https://lol.fandom.com/wiki/Special:Redirect/file/Gameekstralogo_square.png
lp_team_161441,Game Talents,Game Talents,leaguepedia_cargo,https://lol.fandom.com/wiki/Special:Redirect/page/161441,https://lol.fandom.com/wiki/Special:Redirect/file/Game_Talentslogo_profile.png
lp_team_161456,Gameburg Team,Gameburg Team,leaguepedia_cargo,https://lol.fandom.com/wiki/Special:Redirect/page/161456,https://lol.fandom.com/wiki/Special:Redirect/file/Gameburg_Teamlogo_square.png
lp_team_161465,Gamefy,Gamefy,leaguepedia_cargo,https://lol.fandom.com/wiki/Special:Redirect/page/161465,https://lol.fandom.com/wiki/Special:Redirect/file/Gamefylogo_profile.png
lp_team_161474,gamehoppers.eu,gamehoppers.eu,leaguepedia_cargo,https://lol.fandom.com/wiki/Special:Redirect/page/161474,https://lol.fandom.com/wiki/Special:Redirect/file/Gamehoppers.jpg
lp_team_161477,Gamers2,Gamers2,leaguepedia_cargo,https://lol.fandom.com/wiki/Special:Redirect/page/161477,https://lol.fandom.com/wiki/Special:Redirect/file/Gamers2logo_profile.png
lp_team_161498,GamersOrigin,GamersOrigin,leaguepedia_cargo,https://lol.fandom.com/wiki/Special:Redirect/page/161498,https://lol.fandom.com/wiki/Special:Redirect/file/GamersOriginlogo_profile.png
lp_team_161582,Gaminggear.EU,Gaminggear.EU,leaguepedia_cargo,https://lol.fandom.com/wiki/Special:Redirect/page/161582,https://lol.fandom.com/wiki/Special:Redirect/file/GamingGear.eu.jpg
lp_team_161585,Gaming Gaming,Gaming Gaming,leaguepedia_cargo,https://lol.fandom.com/wiki/Special:Redirect/page/161585,https://lol.fandom.com/wiki/Special:Redirect/file/Gaming_Gaminglogo_square.png
lp_team_161618,Gamtee,Gamtee,leaguepedia_cargo,https://lol.fandom.com/wiki/Special:Redirect/page/161618,https://lol.fandom.com/wiki/Special:Redirect/file/GT_logo_new.png
lp_team_161873,GashBears,GashBears,leaguepedia_cargo,https://lol.fandom.com/wiki/Special:Redirect/page/161873,https://lol.fandom.com/wiki/Special:Redirect/file/GashBearslogo_square.png
lp_team_162158,Giants Academy,Giants Academy,leaguepedia_cargo,https://lol.fandom.com/wiki/Special:Redirect/page/162158,https://lol.fandom.com/wiki/Special:Redirect/file/Giants_Academylogo_square.png
lp_team_162164,Giants Gaming,Giants Gaming,leaguepedia_cargo,https://lol.fandom.com/wiki/Special:Redirect/page/162164,https://lol.fandom.com/wiki/Special:Redirect/file/Giants_Gaminglogo_square.png
lp_team_162452,Girlfriends,Girlfriends,leaguepedia_cargo,https://lol.fandom.com/wiki/Special:Redirect/page/162452,https://lol.fandom.com/wiki/Special:Redirect/file/Unknown_Infobox_Image_-_Team.png
lp_team_162458,Glacial Phoenix,Glacial Phoenix,leaguepedia_cargo,https://lol.fandom.com/wiki/Special:Redirect/page/162458,https://lol.fandom.com/wiki/Special:Redirect/file/GPX_logo.png
lp_team_162662,Go To Sleep,Go To Sleep,leaguepedia_cargo,https://lol.fandom.com/wiki/Special:Redirect/page/162662,https://lol.fandom.com/wiki/Special:Redirect/file/GTS_logo.png
lp_team_162797,Gold Coin United,Gold Coin United,leaguepedia_cargo,https://lol.fandom.com/wiki/Special:Redirect/page/162797,https://lol.fandom.com/wiki/Special:Redirect/file/Gold_Coin_Unitedlogo_square.png
lp_team_162809,Gold Gaming LA,Gold Gaming LA,leaguepedia_cargo,https://lol.fandom.com/wiki/Special:Redirect/page/162809,https://lol.fandom.com/wiki/Special:Redirect/file/GgLA-small.png
lp_team_162875,Good Team Multigaming,Good Team Multigaming,leaguepedia_cargo,https://lol.fandom.com/wiki/Special:Redirect/page/162875,https://lol.fandom.com/wiki/Special:Redirect/file/GTMG.png
lp_team_163001,Gravity,Gravity,leaguepedia_cargo,https://lol.fandom.com/wiki/Special:Redirect/page/163001,https://lol.fandom.com/wiki/Special:Redirect/file/Gravity_Logo.png
lp_team_163061,Greek Regenesis eSports,Greek Regenesis eSports,leaguepedia_cargo,https://lol.fandom.com/wiki/Special:Redirect/page/163061,https://lol.fandom.com/wiki/Special:Redirect/file/GRE.png
lp_team_163112,Griffin,Griffin,leaguepedia_cargo,https://lol.fandom.com/wiki/Special:Redirect/page/163112,https://lol.fandom.com/wiki/Special:Redirect/file/Griffin_%28Korean_Team%29logo_profile.png
lp_team_163169,Groovy Gaming,Groovy Gaming,leaguepedia_cargo,https://lol.fandom.com/wiki/Special:Redirect/page/163169,https://lol.fandom.com/wiki/Special:Redirect/file/Groovy_Gaminglogo_square.png
lp_team_163172,GrosBill Esport,GrosBill Esport,leaguepedia_cargo,https://lol.fandom.com/wiki/Special:Redirect/page/163172,https://lol.fandom.com/wiki/Special:Redirect/file/logoGrosBill.jpg.png
lp_team_163250,Guerreros del Mouse,Guerreros del Mouse,leaguepedia_cargo,https://lol.fandom.com/wiki/Special:Redirect/page/163250,https://lol.fandom.com/wiki/Special:Redirect/file/Guerreros_del_Mouselogo_square.png
lp_team_163322,Guru Gaming,Guru Gaming,leaguepedia_cargo,https://lol.fandom.com/wiki/Special:Redirect/page/163322,https://lol.fandom.com/wiki/Special:Redirect/file/Guru_Gaminglogo_square.png
lp_team_163379,H2k-Gaming,H2k-Gaming,leaguepedia_cargo,https://lol.fandom.com/wiki/Special:Redirect/page/163379,https://lol.fandom.com/wiki/Special:Redirect/file/H2k-Gaminglogo_square.png
lp_team_163682,HWA Gaming,HWA Gaming,leaguepedia_cargo,https://lol.fandom.com/wiki/Special:Redirect/page/163682,https://lol.fandom.com/wiki/Special:Redirect/file/HWA_Gaminglogo_profile.png
lp_team_163760,Hafnet eSports,Hafnet eSports,leaguepedia_cargo,https://lol.fandom.com/wiki/Special:Redirect/page/163760,https://lol.fandom.com/wiki/Special:Redirect/file/Hafnet_Logo.png
lp_team_163868,HanGong Clan,HanGong Clan,leaguepedia_cargo,https://lol.fandom.com/wiki/Special:Redirect/page/163868,https://lol.fandom.com/wiki/Special:Redirect/file/HanGong.jpg
lp_team_164198,Hanoi Dragons,Hanoi Dragons,leaguepedia_cargo,https://lol.fandom.com/wiki/Special:Redirect/page/164198,https://lol.fandom.com/wiki/Special:Redirect/file/Hanoi_Dragonslogo_square.png
lp_team_164247,Hard Random,Hard Random,leaguepedia_cargo,https://lol.fandom.com/wiki/Special:Redirect/page/164247,https://lol.fandom.com/wiki/Special:Redirect/file/Hard_Randomlogo_square.png
lp_team_164286,HarmoniX Gaming,HarmoniX Gaming,leaguepedia_cargo,https://lol.fandom.com/wiki/Special:Redirect/page/164286,https://lol.fandom.com/wiki/Special:Redirect/file/HarmoniX_Gaminglogo_square.png
lp_team_164427,Headhunters,Headhunters,leaguepedia_cargo,https://lol.fandom.com/wiki/Special:Redirect/page/164427,https://lol.fandom.com/wiki/Special:Redirect/file/Headhunterslogo_square.png
lp_team_164490,Heat Wave,Heat Wave,leaguepedia_cargo,https://lol.fandom.com/wiki/Special:Redirect/page/164490,https://lol.fandom.com/wiki/Special:Redirect/file/Heat_Wavelogo_square.png
lp_team_164517,Heavy Artillery,Heavy Artillery,leaguepedia_cargo,https://lol.fandom.com/wiki/Special:Redirect/page/164517,https://lol.fandom.com/wiki/Special:Redirect/file/Heavy_Artillerylogo_square.png
lp_team_164520,Heavy Botlane,Heavy Botlane,leaguepedia_cargo,https://lol.fandom.com/wiki/Special:Redirect/page/164520,https://lol.fandom.com/wiki/Special:Redirect/file/HeavyBotlane.png
lp_team_164547,Heimerdinger's Colossi,Heimerdinger's Colossi,leaguepedia_cargo,https://lol.fandom.com/wiki/Special:Redirect/page/164547,https://lol.fandom.com/wiki/Special:Redirect/file/HeimerdingersTMNT.jpg
lp_team_164613,Hellions e-Sports Club,Hellions e-Sports Club,leaguepedia_cargo,https://lol.fandom.com/wiki/Special:Redirect/page/164613,https://lol.fandom.com/wiki/Special:Redirect/file/Hellions_ESC_Profile.png
lp_team_164679,Heroes Team,Heroes Team,leaguepedia_cargo,https://lol.fandom.com/wiki/Special:Redirect/page/164679,https://lol.fandom.com/wiki/Special:Redirect/file/Heroes_Teamlogo_square.png
lp_team_164697,Hex Alligators,Hex Alligators,leaguepedia_cargo,https://lol.fandom.com/wiki/Special:Redirect/page/164697,https://lol.fandom.com/wiki/Special:Redirect/file/Hex_Alligatorslogo_square.png
lp_team_165081,HongKongNine,HongKongNine,leaguepedia_cargo,https://lol.fandom.com/wiki/Special:Redirect/page/165081,https://lol.fandom.com/wiki/Special:Redirect/file/HongKongNinelogo_square.png
lp_team_165084,Hong Kong Attitude,Hong Kong Attitude,leaguepedia_cargo,https://lol.fandom.com/wiki/Special:Redirect/page/165084,https://lol.fandom.com/wiki/Special:Redirect/file/Hong_Kong_Attitudelogo_square.png
lp_team_165090,Hong Kong Attitude Mage,Hong Kong Attitude Mage,leaguepedia_cargo,https://lol.fandom.com/wiki/Special:Redirect/page/165090,https://lol.fandom.com/wiki/Special:Redirect/file/HKA_Mage_logo.png
lp_team_165093,HK Attitude Priest,HK Attitude Priest,leaguepedia_cargo,https://lol.fandom.com/wiki/Special:Redirect/page/165093,https://lol.fandom.com/wiki/Special:Redirect/file/HKA_Priest_logo.png
lp_team_165096,Hong Kong Carries,Hong Kong Carries,leaguepedia_cargo,https://lol.fandom.com/wiki/Special:Redirect/page/165096,https://lol.fandom.com/wiki/Special:Redirect/file/HKClogo.png
lp_team_165150,Hong Kong Esports,Hong Kong Esports,leaguepedia_cargo,https://lol.fandom.com/wiki/Special:Redirect/page/165150,https://lol.fandom.com/wiki/Special:Redirect/file/Hong_Kong_Esportslogo_square.png
lp_team_165222,Hoon Good Day (훈수좋은날),Hoon Good Day (훈수좋은날),leaguepedia_cargo,https://lol.fandom.com/wiki/Special:Redirect/page/165222,https://lol.fandom.com/wiki/Special:Redirect/file/Unknown_Infobox_Image_-_Team.png
lp_team_165363,Huma,Huma,leaguepedia_cargo,https://lol.fandom.com/wiki/Special:Redirect/page/165363,https://lol.fandom.com/wiki/Special:Redirect/file/Humalogo_square.png
lp_team_165528,Hyper Youth Gaming,Hyper Youth Gaming,leaguepedia_cargo,https://lol.fandom.com/wiki/Special:Redirect/page/165528,https://lol.fandom.com/wiki/Special:Redirect/file/Hyper_Youth_Gaminglogo_profile.png
lp_team_166353,IMP e-Sports,IMP e-Sports,leaguepedia_cargo,https://lol.fandom.com/wiki/Special:Redirect/page/166353,https://lol.fandom.com/wiki/Special:Redirect/file/IMPLOGO.png
lp_team_166413,INTZ.Genesis,INTZ.Genesis,leaguepedia_cargo,https://lol.fandom.com/wiki/Special:Redirect/page/166413,https://lol.fandom.com/wiki/Special:Redirect/file/INTZ.Genesislogo_square.png
lp_team_166446,iQuit-Gaming Greece,iQuit-Gaming Greece,leaguepedia_cargo,https://lol.fandom.com/wiki/Special:Redirect/page/166446,https://lol.fandom.com/wiki/Special:Redirect/file/IQuit_logo1.png
lp_team_166530,INTZ Academy,INTZ Academy,leaguepedia_cargo,https://lol.fandom.com/wiki/Special:Redirect/page/166530,https://lol.fandom.com/wiki/Special:Redirect/file/INTZ_Academylogo_square.png
lp_team_166578,INTZ Red,INTZ Red,leaguepedia_cargo,https://lol.fandom.com/wiki/Special:Redirect/page/166578,https://lol.fandom.com/wiki/Special:Redirect/file/INTZ_Red_logo.png
lp_team_166599,INTZ,INTZ,leaguepedia_cargo,https://lol.fandom.com/wiki/Special:Redirect/page/166599,https://lol.fandom.com/wiki/Special:Redirect/file/INTZlogo_profile.png
lp_team_166740,INVADERS,INVADERS,leaguepedia_cargo,https://lol.fandom.com/wiki/Special:Redirect/page/166740,https://lol.fandom.com/wiki/Special:Redirect/file/Invaders_logo.png
lp_team_166755,IN Gaming,IN Gaming,leaguepedia_cargo,https://lol.fandom.com/wiki/Special:Redirect/page/166755,https://lol.fandom.com/wiki/Special:Redirect/file/IN_Gaminglogo_square.png
lp_team_167097,IWantCookie,IWantCookie,leaguepedia_cargo,https://lol.fandom.com/wiki/Special:Redirect/page/167097,https://lol.fandom.com/wiki/Special:Redirect/file/IWantCookie.jpg
lp_team_167178,I Gaming Star,I Gaming Star,leaguepedia_cargo,https://lol.fandom.com/wiki/Special:Redirect/page/167178,https://lol.fandom.com/wiki/Special:Redirect/file/IGS_logo.png
lp_team_167214,IceLanD,IceLanD,leaguepedia_cargo,https://lol.fandom.com/wiki/Special:Redirect/page/167214,https://lol.fandom.com/wiki/Special:Redirect/file/IceLanD_logo.png
lp_team_167298,I May,I May,leaguepedia_cargo,https://lol.fandom.com/wiki/Special:Redirect/page/167298,https://lol.fandom.com/wiki/Special:Redirect/file/I_Maylogo_square.png
lp_team_167331,Iguana eSports,Iguana eSports,leaguepedia_cargo,https://lol.fandom.com/wiki/Special:Redirect/page/167331,https://lol.fandom.com/wiki/Special:Redirect/file/Iguana_Esportslogo_square.png
lp_team_167370,Imaginary Gaming,Imaginary Gaming,leaguepedia_cargo,https://lol.fandom.com/wiki/Special:Redirect/page/167370,https://lol.fandom.com/wiki/Special:Redirect/file/Imaginary_Gaminglogo_square.png
lp_team_167460,Ilha da Macacada Gaming,Ilha da Macacada Gaming,leaguepedia_cargo,https://lol.fandom.com/wiki/Special:Redirect/page/167460,https://lol.fandom.com/wiki/Special:Redirect/file/Ilha_da_Macacada_Gaminglogo_square.png
lp_team_167532,Immortals,Immortals,leaguepedia_cargo,https://lol.fandom.com/wiki/Special:Redirect/page/167532,https://lol.fandom.com/wiki/Special:Redirect/file/Immortalslogo_profile.png
lp_team_167625,Imperial Esports,Imperial Esports,leaguepedia_cargo,https://lol.fandom.com/wiki/Special:Redirect/page/167625,https://lol.fandom.com/wiki/Special:Redirect/file/Imperialtxt.png
lp_team_167634,Imperium Pro Team,Imperium Pro Team,leaguepedia_cargo,https://lol.fandom.com/wiki/Special:Redirect/page/167634,https://lol.fandom.com/wiki/Special:Redirect/file/Imperium_Pro_Teamlogo_square.png
lp_team_167670,Impunity Legends,Impunity Legends,leaguepedia_cargo,https://lol.fandom.com/wiki/Special:Redirect/page/167670,https://lol.fandom.com/wiki/Special:Redirect/file/Impunitylogo_square.png
lp_team_167760,InFamouS eSport,InFamouS eSport,leaguepedia_cargo,https://lol.fandom.com/wiki/Special:Redirect/page/167760,https://lol.fandom.com/wiki/Special:Redirect/file/infamous.png
lp_team_167772,Incredible Miracle 1,Incredible Miracle 1,leaguepedia_cargo,https://lol.fandom.com/wiki/Special:Redirect/page/167772,https://lol.fandom.com/wiki/Special:Redirect/file/IM_logo.png
lp_team_167781,Illuminar Gaming,Illuminar Gaming,leaguepedia_cargo,https://lol.fandom.com/wiki/Special:Redirect/page/167781,https://lol.fandom.com/wiki/Special:Redirect/file/Illuminar_Gaminglogo_square.png
lp_team_167859,Incredible Miracle 2,Incredible Miracle 2,leaguepedia_cargo,https://lol.fandom.com/wiki/Special:Redirect/page/167859,https://lol.fandom.com/wiki/Special:Redirect/file/Im_2_new.png
lp_team_167970,Incredible Miracle Athena,Incredible Miracle Athena,leaguepedia_cargo,https://lol.fandom.com/wiki/Special:Redirect/page/167970,https://lol.fandom.com/wiki/Special:Redirect/file/Incredible_Miracle_Athenalogo_square.png
lp_team_168084,Inspire eSports,Inspire eSports,leaguepedia_cargo,https://lol.fandom.com/wiki/Special:Redirect/page/168084,https://lol.fandom.com/wiki/Special:Redirect/file/Inspire_Esports_logo.png
lp_team_168090,Infamous Gaming,Infamous Gaming,leaguepedia_cargo,https://lol.fandom.com/wiki/Special:Redirect/page/168090,https://lol.fandom.com/wiki/Special:Redirect/file/Infamous_Gaminglogo_square.png
lp_team_168108,Instruments of Surrender,Instruments of Surrender,leaguepedia_cargo,https://lol.fandom.com/wiki/Special:Redirect/page/168108,https://lol.fandom.com/wiki/Special:Redirect/file/Unknown_Infobox_Image_-_Team.png
lp_team_168141,Incredible Miracle,Incredible Miracle,leaguepedia_cargo,https://lol.fandom.com/wiki/Special:Redirect/page/168141,https://lol.fandom.com/wiki/Special:Redirect/file/IM_logo_2015_Summer.png
lp_team_168171,Insidious Gaming Candy,Insidious Gaming Candy,leaguepedia_cargo,https://lol.fandom.com/wiki/Special:Redirect/page/168171,https://lol.fandom.com/wiki/Special:Redirect/file/Insidious_Gaming_Candylogo_square.png
lp_team_168186,Infernum Gaming,Infernum Gaming,leaguepedia_cargo,https://lol.fandom.com/wiki/Special:Redirect/page/168186,https://lol.fandom.com/wiki/Special:Redirect/file/Infernum_Gaming_Logo.png
lp_team_168198,Insidious Gaming Exile,Insidious Gaming Exile,leaguepedia_cargo,https://lol.fandom.com/wiki/Special:Redirect/page/168198,https://lol.fandom.com/wiki/Special:Redirect/file/Insidious_Gaminglogo_square.png
lp_team_168219,Infinite Odds,Infinite Odds,leaguepedia_cargo,https://lol.fandom.com/wiki/Special:Redirect/page/168219,https://lol.fandom.com/wiki/Special:Redirect/file/Infinite_Odds1.png
lp_team_168228,Insidious Gaming KTB,Insidious Gaming KTB,leaguepedia_cargo,https://lol.fandom.com/wiki/Special:Redirect/page/168228,https://lol.fandom.com/wiki/Special:Redirect/file/IS_KTB_logo.png
lp_team_168234,Intellectual Playground,Intellectual Playground,leaguepedia_cargo,https://lol.fandom.com/wiki/Special:Redirect/page/168234,https://lol.fandom.com/wiki/Special:Redirect/file/Intellectual_Playgroundlogo_square.png
lp_team_168249,Insidious Gaming Legends,Insidious Gaming Legends,leaguepedia_cargo,https://lol.fandom.com/wiki/Special:Redirect/page/168249,https://lol.fandom.com/wiki/Special:Redirect/file/Insidious_Gaming_logo_new.png
lp_team_168267,Invictus Gaming Deadly Fiend Girls,Invictus Gaming Deadly Fiend Girls,leaguepedia_cargo,https://lol.fandom.com/wiki/Special:Redirect/page/168267,https://lol.fandom.com/wiki/Special:Redirect/file/IG.DFG_logo.png
lp_team_168276,Invictus Girls,Invictus Girls,leaguepedia_cargo,https://lol.fandom.com/wiki/Special:Redirect/page/168276,https://lol.fandom.com/wiki/Special:Redirect/file/Invictus_Girlslogo_profile.png
lp_team_168309,Insidious Gaming Rebirth,Insidious Gaming Rebirth,leaguepedia_cargo,https://lol.fandom.com/wiki/Special:Redirect/page/168309,https://lol.fandom.com/wiki/Special:Redirect/file/ISR_new_logo.jpg
lp_team_168357,Insight eSports,Insight eSports,leaguepedia_cargo,https://lol.fandom.com/wiki/Special:Redirect/page/168357,https://lol.fandom.com/wiki/Special:Redirect/file/InsightEsports.png
lp_team_168360,Infinity Esports,Infinity Esports,leaguepedia_cargo,https://lol.fandom.com/wiki/Special:Redirect/page/168360,https://lol.fandom.com/wiki/Special:Redirect/file/Infinity_Esports_%282015_North_American_Team%29logo_square.png
lp_team_168381,INFINITY,INFINITY,leaguepedia_cargo,https://lol.fandom.com/wiki/Special:Redirect/page/168381,https://lol.fandom.com/wiki/Special:Redirect/file/INFINITYlogo_square.png
lp_team_168492,Isurus,Isurus,leaguepedia_cargo,https://lol.fandom.com/wiki/Special:Redirect/page/168492,https://lol.fandom.com/wiki/Special:Redirect/file/Isuruslogo_square.png
lp_team_168570,Iron Hawks e-Sports,Iron Hawks e-Sports,leaguepedia_cargo,https://lol.fandom.com/wiki/Special:Redirect/page/168570,https://lol.fandom.com/wiki/Special:Redirect/file/Iron_Hawks_e-Sportslogo_square.png
lp_team_168624,J Team 2,J Team 2,leaguepedia_cargo,https://lol.fandom.com/wiki/Special:Redirect/page/168624,https://lol.fandom.com/wiki/Special:Redirect/file/J_Team_2logo_square.png
lp_team_168792,JD Gaming,JD Gaming,leaguepedia_cargo,https://lol.fandom.com/wiki/Special:Redirect/page/168792,https://lol.fandom.com/wiki/Special:Redirect/file/JD_Gaminglogo_profile.png
lp_team_168804,Jakarta Juggernauts,Jakarta Juggernauts,leaguepedia_cargo,https://lol.fandom.com/wiki/Special:Redirect/page/168804,https://lol.fandom.com/wiki/Special:Redirect/file/JJS_logo.png
lp_team_168888,J Team,J Team,leaguepedia_cargo,https://lol.fandom.com/wiki/Special:Redirect/page/168888,https://lol.fandom.com/wiki/Special:Redirect/file/J_Teamlogo_square.png
lp_team_169005,Isurus Gaming Chile,Isurus Gaming Chile,leaguepedia_cargo,https://lol.fandom.com/wiki/Special:Redirect/page/169005,https://lol.fandom.com/wiki/Special:Redirect/file/Isuruslogo_square.png
lp_team_169491,JAYOB e-Sports,JAYOB e-Sports,leaguepedia_cargo,https://lol.fandom.com/wiki/Special:Redirect/page/169491,https://lol.fandom.com/wiki/Special:Redirect/file/JAYOB_2015_2.png
lp_team_169503,Jin Air Green Wings,Jin Air Green Wings,leaguepedia_cargo,https://lol.fandom.com/wiki/Special:Redirect/page/169503,https://lol.fandom.com/wiki/Special:Redirect/file/Jin_Air_Green_Wingslogo_square.png
lp_team_169884,Joy Dream,Joy Dream,leaguepedia_cargo,https://lol.fandom.com/wiki/Special:Redirect/page/169884,https://lol.fandom.com/wiki/Special:Redirect/file/Joy_Dreamlogo_square.png
lp_team_169887,Jin Air Green Wings Falcons,Jin Air Green Wings Falcons,leaguepedia_cargo,https://lol.fandom.com/wiki/Special:Redirect/page/169887,https://lol.fandom.com/wiki/Special:Redirect/file/Jin_air_falcons_new.png
lp_team_169962,Jin Air Green Wings Stealths,Jin Air Green Wings Stealths,leaguepedia_cargo,https://lol.fandom.com/wiki/Special:Redirect/page/169962,https://lol.fandom.com/wiki/Special:Redirect/file/Jin_air_stealths_new.png
lp_team_170166,Just Toys Havoks,Just Toys Havoks,leaguepedia_cargo,https://lol.fandom.com/wiki/Special:Redirect/page/170166,https://lol.fandom.com/wiki/Special:Redirect/file/Just_Toys_Havokslogo_square.png
lp_team_170169,RPG-KINGDOM,RPG-KINGDOM,leaguepedia_cargo,https://lol.fandom.com/wiki/Special:Redirect/page/170169,https://lol.fandom.com/wiki/Special:Redirect/file/RPG-KINGDOMlogo_square.png
lp_team_170196,KT Rolster,KT Rolster,leaguepedia_cargo,https://lol.fandom.com/wiki/Special:Redirect/page/170196,https://lol.fandom.com/wiki/Special:Redirect/file/KT_Rolsterlogo_profile.png
lp_team_170307,KIYF eSports Club,KIYF eSports Club,leaguepedia_cargo,https://lol.fandom.com/wiki/Special:Redirect/page/170307,https://lol.fandom.com/wiki/Special:Redirect/file/KIYF_eSports_Clublogo_square.png
lp_team_170352,K1ck Black,K1ck Black,leaguepedia_cargo,https://lol.fandom.com/wiki/Special:Redirect/page/170352,https://lol.fandom.com/wiki/Special:Redirect/file/K1ck.png
lp_team_170484,KT Rolster Arrows,KT Rolster Arrows,leaguepedia_cargo,https://lol.fandom.com/wiki/Special:Redirect/page/170484,https://lol.fandom.com/wiki/Special:Redirect/file/Kt_rolster_arrows_new.png
lp_team_170529,K1CK,K1CK,leaguepedia_cargo,https://lol.fandom.com/wiki/Special:Redirect/page/170529,https://lol.fandom.com/wiki/Special:Redirect/file/K1CKlogo_square.png
lp_team_170586,KT Rolster Bullets,KT Rolster Bullets,leaguepedia_cargo,https://lol.fandom.com/wiki/Special:Redirect/page/170586,https://lol.fandom.com/wiki/Special:Redirect/file/Kt_rolster_bullets_new.png
lp_team_170613,Kayana Gaming,Kayana Gaming,leaguepedia_cargo,https://lol.fandom.com/wiki/Special:Redirect/page/170613,https://lol.fandom.com/wiki/Special:Redirect/file/Kanaya_Gaminglogo_square.png
lp_team_170703,KaBuM! Black,KaBuM! Black,leaguepedia_cargo,https://lol.fandom.com/wiki/Special:Redirect/page/170703,https://lol.fandom.com/wiki/Special:Redirect/file/KaBuM_Black_2015.png
lp_team_170739,KaBuM! IDM Gaming,KaBuM! IDM Gaming,leaguepedia_cargo,https://lol.fandom.com/wiki/Special:Redirect/page/170739,https://lol.fandom.com/wiki/Special:Redirect/file/KaBuM%21_IDM_Gaminglogo_square.png
lp_team_170793,Kaos Latin Gamers,Kaos Latin Gamers,leaguepedia_cargo,https://lol.fandom.com/wiki/Special:Redirect/page/170793,https://lol.fandom.com/wiki/Special:Redirect/file/Kaos_Latin_Gamerslogo_profile.png
lp_team_170796,KaBuM! IDM UP,KaBuM! IDM UP,leaguepedia_cargo,https://lol.fandom.com/wiki/Special:Redirect/page/170796,https://lol.fandom.com/wiki/Special:Redirect/file/KaBuM%21_IDM_UPlogo_square.png
lp_team_170808,KaBuM! Esports,KaBuM! Esports,leaguepedia_cargo,https://lol.fandom.com/wiki/Special:Redirect/page/170808,https://lol.fandom.com/wiki/Special:Redirect/file/KaBuM%21_Esportslogo_profile.png
lp_team_171036,Keep Gaming,Keep Gaming,leaguepedia_cargo,https://lol.fandom.com/wiki/Special:Redirect/page/171036,https://lol.fandom.com/wiki/Special:Redirect/file/Keep_Gaminglogo_square.png
lp_team_171162,Vivo Keyd,Vivo Keyd,leaguepedia_cargo,https://lol.fandom.com/wiki/Special:Redirect/page/171162,https://lol.fandom.com/wiki/Special:Redirect/file/Vivo_Keydlogo_square.png
lp_team_171501,Keyd Warriors,Keyd Warriors,leaguepedia_cargo,https://lol.fandom.com/wiki/Special:Redirect/page/171501,https://lol.fandom.com/wiki/Special:Redirect/file/Keyd_Warriorslogo_square.png
lp_team_171807,Internationally V,Internationally V,leaguepedia_cargo,https://lol.fandom.com/wiki/Special:Redirect/page/171807,https://lol.fandom.com/wiki/Special:Redirect/file/IV_logo.png
lp_team_171927,Invictus Gaming,Invictus Gaming,leaguepedia_cargo,https://lol.fandom.com/wiki/Special:Redirect/page/171927,https://lol.fandom.com/wiki/Special:Redirect/file/Invictus_Gaminglogo_profile.png
lp_team_172053,Karont3 e-Sports Club,Karont3 e-Sports Club,leaguepedia_cargo,https://lol.fandom.com/wiki/Special:Redirect/page/172053,https://lol.fandom.com/wiki/Special:Redirect/file/K3LOGO.jpg
lp_team_172119,Kiedyś Miałem Team,Kiedyś Miałem Team,leaguepedia_cargo,https://lol.fandom.com/wiki/Special:Redirect/page/172119,https://lol.fandom.com/wiki/Special:Redirect/file/Kiedys_Mialem_Teamlogo_square.png
lp_team_172182,KartRiderTeam,KartRiderTeam,leaguepedia_cargo,https://lol.fandom.com/wiki/Special:Redirect/page/172182,https://lol.fandom.com/wiki/Special:Redirect/file/KRTlogo_std.png
lp_team_172230,Kolejny Cios,Kolejny Cios,leaguepedia_cargo,https://lol.fandom.com/wiki/Special:Redirect/page/172230,https://lol.fandom.com/wiki/Special:Redirect/file/Kolejny_Cioslogo_square.png
lp_team_172266,Kowloon Esports (九龍電競),Kowloon Esports (九龍電競),leaguepedia_cargo,https://lol.fandom.com/wiki/Special:Redirect/page/172266,https://lol.fandom.com/wiki/Special:Redirect/file/Kowloon_Esportslogo_square.png
lp_team_172299,Kongdoo Monster,Kongdoo Monster,leaguepedia_cargo,https://lol.fandom.com/wiki/Special:Redirect/page/172299,https://lol.fandom.com/wiki/Special:Redirect/file/Kongdoo_Monsterlogo_square.png
lp_team_172395,Kuala Lumpur Hunters,Kuala Lumpur Hunters,leaguepedia_cargo,https://lol.fandom.com/wiki/Special:Redirect/page/172395,https://lol.fandom.com/wiki/Special:Redirect/file/Klhlogo.png
lp_team_172674,Kx.Cash,Kx.Cash,leaguepedia_cargo,https://lol.fandom.com/wiki/Special:Redirect/page/172674,https://lol.fandom.com/wiki/Special:Redirect/file/Kx.Cash_logo.jpg
lp_team_172689,Kx.Happy,Kx.Happy,leaguepedia_cargo,https://lol.fandom.com/wiki/Special:Redirect/page/172689,https://lol.fandom.com/wiki/Special:Redirect/file/Kx_logo_2015.png
lp_team_173076,Kubyd's Syndrome,Kubyd's Syndrome,leaguepedia_cargo,https://lol.fandom.com/wiki/Special:Redirect/page/173076,https://lol.fandom.com/wiki/Special:Redirect/file/Kubyds_Syndrome_Logo.png
lp_team_173370,LGD Gaming,LGD Gaming,leaguepedia_cargo,https://lol.fandom.com/wiki/Special:Redirect/page/173370,https://lol.fandom.com/wiki/Special:Redirect/file/LGD_logo.png
lp_team_173889,LD50 Gaming,LD50 Gaming,leaguepedia_cargo,https://lol.fandom.com/wiki/Special:Redirect/page/173889,https://lol.fandom.com/wiki/Special:Redirect/file/LD50_logo.png
lp_team_174417,LMQ,LMQ,leaguepedia_cargo,https://lol.fandom.com/wiki/Special:Redirect/page/174417,https://lol.fandom.com/wiki/Special:Redirect/file/LMQlogo_square.png
lp_team_177049,Last Group,Last Group,leaguepedia_cargo,https://lol.fandom.com/wiki/Special:Redirect/page/177049,https://lol.fandom.com/wiki/Special:Redirect/file/Last_Grouplogo_square.png
lp_team_177051,Last Kings,Last Kings,leaguepedia_cargo,https://lol.fandom.com/wiki/Special:Redirect/page/177051,https://lol.fandom.com/wiki/Special:Redirect/file/Last_Kingslogo_square.png
lp_team_179305,Legacy Genesis,Legacy Genesis,leaguepedia_cargo,https://lol.fandom.com/wiki/Special:Redirect/page/179305,https://lol.fandom.com/wiki/Special:Redirect/file/Legacy_Genesislogo_square.png
lp_team_179307,Legacy Esports,Legacy Esports,leaguepedia_cargo,https://lol.fandom.com/wiki/Special:Redirect/page/179307,https://lol.fandom.com/wiki/Special:Redirect/file/Legacy_Esportslogo_profile.png
lp_team_179333,Legatum,Legatum,leaguepedia_cargo,https://lol.fandom.com/wiki/Special:Redirect/page/179333,https://lol.fandom.com/wiki/Special:Redirect/file/Legatumlogo_square.png
lp_team_179337,Legend Dragon,Legend Dragon,leaguepedia_cargo,https://lol.fandom.com/wiki/Special:Redirect/page/179337,https://lol.fandom.com/wiki/Special:Redirect/file/LDG_logo_new.png
lp_team_179349,Legend Dragon Academy,Legend Dragon Academy,leaguepedia_cargo,https://lol.fandom.com/wiki/Special:Redirect/page/179349,https://lol.fandom.com/wiki/Special:Redirect/file/Legend_Dragon_Academylogo_square.png
lp_team_179355,Legendary,Legendary,leaguepedia_cargo,https://lol.fandom.com/wiki/Special:Redirect/page/179355,https://lol.fandom.com/wiki/Special:Redirect/file/Legendarylogo_square.png
lp_team_179369,LegendsBR,LegendsBR,leaguepedia_cargo,https://lol.fandom.com/wiki/Special:Redirect/page/179369,https://lol.fandom.com/wiki/Special:Redirect/file/LBR_logo.png
lp_team_179389,Legion Gaming,Legion Gaming,leaguepedia_cargo,https://lol.fandom.com/wiki/Special:Redirect/page/179389,https://lol.fandom.com/wiki/Special:Redirect/file/Legion_Gaminglogo_square.png
lp_team_179437,Lemondogs,Lemondogs,leaguepedia_cargo,https://lol.fandom.com/wiki/Special:Redirect/page/179437,https://lol.fandom.com/wiki/Special:Redirect/file/Lemondogslogo_square.png
lp_team_179439,Lemondogs Argentina,Lemondogs Argentina,leaguepedia_cargo,https://lol.fandom.com/wiki/Special:Redirect/page/179439,https://lol.fandom.com/wiki/Special:Redirect/file/Lemondogslogo_square.png
lp_team_179811,LinG,LinG,leaguepedia_cargo,https://lol.fandom.com/wiki/Special:Redirect/page/179811,https://lol.fandom.com/wiki/Special:Redirect/file/LinG_logo.png
lp_team_180031,Little Hippo,Little Hippo,leaguepedia_cargo,https://lol.fandom.com/wiki/Special:Redirect/page/180031,https://lol.fandom.com/wiki/Special:Redirect/file/Unknown_Infobox_Image_-_Team.png
lp_team_180033,Little Wraith,Little Wraith,leaguepedia_cargo,https://lol.fandom.com/wiki/Special:Redirect/page/180033,https://lol.fandom.com/wiki/Special:Redirect/file/Little_Wraith.jpg
lp_team_180037,Live Gaming Ascension,Live Gaming Ascension,leaguepedia_cargo,https://lol.fandom.com/wiki/Special:Redirect/page/180037,https://lol.fandom.com/wiki/Special:Redirect/file/Live_Gaming_Ascensionlogo_square.png
lp_team_180193,Logi-A Team,Logi-A Team,leaguepedia_cargo,https://lol.fandom.com/wiki/Special:Redirect/page/180193,https://lol.fandom.com/wiki/Special:Redirect/file/LAT_logo.png
lp_team_180195,logiX,logiX,leaguepedia_cargo,https://lol.fandom.com/wiki/Special:Redirect/page/180195,https://lol.fandom.com/wiki/Special:Redirect/file/Logix.jpg
lp_team_180261,Logitech G Snipers,Logitech G Snipers,leaguepedia_cargo,https://lol.fandom.com/wiki/Special:Redirect/page/180261,https://lol.fandom.com/wiki/Special:Redirect/file/Log_S_logo.png
lp_team_180377,Longzhu Gaming,Longzhu Gaming,leaguepedia_cargo,https://lol.fandom.com/wiki/Special:Redirect/page/180377,https://lol.fandom.com/wiki/Special:Redirect/file/LongZhu_Gaminglogo_square.png
lp_team_180465,Los Leones de Badajoz,Los Leones de Badajoz,leaguepedia_cargo,https://lol.fandom.com/wiki/Special:Redirect/page/180465,https://lol.fandom.com/wiki/Special:Redirect/file/Losleonesdebadajozquare.png
lp_team_180611,LowLandLions,LowLandLions,leaguepedia_cargo,https://lol.fandom.com/wiki/Special:Redirect/page/180611,https://lol.fandom.com/wiki/Special:Redirect/file/LowLandLionslogo_square.png
lp_team_180615,LowLandLions.White,LowLandLions.White,leaguepedia_cargo,https://lol.fandom.com/wiki/Special:Redirect/page/180615,https://lol.fandom.com/wiki/Special:Redirect/file/LowLandLions2011logo_square.png
lp_team_180625,Low Priority,Low Priority,leaguepedia_cargo,https://lol.fandom.com/wiki/Special:Redirect/page/180625,https://lol.fandom.com/wiki/Special:Redirect/file/Low_Priority2.png
lp_team_180653,Lublin Shore,Lublin Shore,leaguepedia_cargo,https://lol.fandom.com/wiki/Special:Redirect/page/180653,https://lol.fandom.com/wiki/Special:Redirect/file/Lublin_Shorelogo_square.png
lp_team_180889,Lyon Gaming,Lyon Gaming,leaguepedia_cargo,https://lol.fandom.com/wiki/Special:Redirect/page/180889,https://lol.fandom.com/wiki/Special:Redirect/file/Lyon_Gaminglogo_profile.png
lp_team_180931,M19,M19,leaguepedia_cargo,https://lol.fandom.com/wiki/Special:Redirect/page/180931,https://lol.fandom.com/wiki/Special:Redirect/file/M19logo_square.png
lp_team_180969,MAD Gaming,MAD Gaming,leaguepedia_cargo,https://lol.fandom.com/wiki/Special:Redirect/page/180969,https://lol.fandom.com/wiki/Special:Redirect/file/MAD_Gaminglogo_square.png
lp_team_180997,MD E-sports Club,MD E-sports Club,leaguepedia_cargo,https://lol.fandom.com/wiki/Special:Redirect/page/180997,https://lol.fandom.com/wiki/Special:Redirect/file/MD_E-sports_Clublogo_square.png
lp_team_181005,MF Gaming,MF Gaming,leaguepedia_cargo,https://lol.fandom.com/wiki/Special:Redirect/page/181005,https://lol.fandom.com/wiki/Special:Redirect/file/MF_Gaminglogo_square.png
lp_team_181023,MKZ,MKZ,leaguepedia_cargo,https://lol.fandom.com/wiki/Special:Redirect/page/181023,https://lol.fandom.com/wiki/Special:Redirect/file/MKZ_Logo.png
lp_team_181149,MSI Evolution Gaming Team,MSI Evolution Gaming Team,leaguepedia_cargo,https://lol.fandom.com/wiki/Special:Redirect/page/181149,https://lol.fandom.com/wiki/Special:Redirect/file/MSI_Evolution_Gaming_Team.png
lp_team_181163,mortal Teamwork,mortal Teamwork,leaguepedia_cargo,https://lol.fandom.com/wiki/Special:Redirect/page/181163,https://lol.fandom.com/wiki/Special:Redirect/file/Mortal_Teamworklogo_square.png
lp_team_181171,mTw North America,mTw North America,leaguepedia_cargo,https://lol.fandom.com/wiki/Special:Redirect/page/181171,https://lol.fandom.com/wiki/Special:Redirect/file/Mtw_logo.png
lp_team_181175,MVP,MVP,leaguepedia_cargo,https://lol.fandom.com/wiki/Special:Redirect/page/181175,https://lol.fandom.com/wiki/Special:Redirect/file/MVPlogo.png
lp_team_181185,MVP Blue,MVP Blue,leaguepedia_cargo,https://lol.fandom.com/wiki/Special:Redirect/page/181185,https://lol.fandom.com/wiki/Special:Redirect/file/MVPlogo.png
lp_team_181187,MVP Ozone,MVP Ozone,leaguepedia_cargo,https://lol.fandom.com/wiki/Special:Redirect/page/181187,https://lol.fandom.com/wiki/Special:Redirect/file/MVPlogo.png
lp_team_181189,MVP Red,MVP Red,leaguepedia_cargo,https://lol.fandom.com/wiki/Special:Redirect/page/181189,https://lol.fandom.com/wiki/Special:Redirect/file/MVPlogo.png
lp_team_181201,mYinsanity,mYinsanity,leaguepedia_cargo,https://lol.fandom.com/wiki/Special:Redirect/page/181201,https://lol.fandom.com/wiki/Special:Redirect/file/MYinsanitylogo_square.png
lp_team_181209,MaD Gaming MX,MaD Gaming MX,leaguepedia_cargo,https://lol.fandom.com/wiki/Special:Redirect/page/181209,https://lol.fandom.com/wiki/Special:Redirect/file/MaD_Gaming_MXlogo_square.png
lp_team_181257,Macao Esports,Macao Esports,leaguepedia_cargo,https://lol.fandom.com/wiki/Special:Redirect/page/181257,https://lol.fandom.com/wiki/Special:Redirect/file/Macao_Esportslogo_square.png
lp_team_181265,Machi 17,Machi 17,leaguepedia_cargo,https://lol.fandom.com/wiki/Special:Redirect/page/181265,https://lol.fandom.com/wiki/Special:Redirect/file/Machi_17logo_profile.png
lp_team_181267,Machi Crew,Machi Crew,leaguepedia_cargo,https://lol.fandom.com/wiki/Special:Redirect/page/181267,https://lol.fandom.com/wiki/Special:Redirect/file/Machi_Crew_logo.png
lp_team_181269,Machi Esports,Machi Esports,leaguepedia_cargo,https://lol.fandom.com/wiki/Special:Redirect/page/181269,https://lol.fandom.com/wiki/Special:Redirect/file/Machi_Esportslogo_profile.png
lp_team_181305,Mad Dragon,Mad Dragon,leaguepedia_cargo,https://lol.fandom.com/wiki/Special:Redirect/page/181305,https://lol.fandom.com/wiki/Special:Redirect/file/Unknown_Infobox_Image_-_Team.png
lp_team_181309,Mad Gods Gaming,Mad Gods Gaming,leaguepedia_cargo,https://lol.fandom.com/wiki/Special:Redirect/page/181309,https://lol.fandom.com/wiki/Special:Redirect/file/302833_514113985273325_819114531_n.jpg
lp_team_181371,Magistra,Magistra,leaguepedia_cargo,https://lol.fandom.com/wiki/Special:Redirect/page/181371,https://lol.fandom.com/wiki/Special:Redirect/file/Magistralogo_square.png
lp_team_181521,ManaLight,ManaLight,leaguepedia_cargo,https://lol.fandom.com/wiki/Special:Redirect/page/181521,https://lol.fandom.com/wiki/Special:Redirect/file/ManaLight.png
lp_team_181575,Manila Eagles,Manila Eagles,leaguepedia_cargo,https://lol.fandom.com/wiki/Special:Redirect/page/181575,https://lol.fandom.com/wiki/Special:Redirect/file/Manila_Eagleslogo_square.png
lp_team_181769,Marvelous Gamers Brotherhood,Marvelous Gamers Brotherhood,leaguepedia_cargo,https://lol.fandom.com/wiki/Special:Redirect/page/181769,https://lol.fandom.com/wiki/Special:Redirect/file/Marvelous_Gamers_Brotherhoodlogo_profile.png
lp_team_181801,Mashallah Gaming,Mashallah Gaming,leaguepedia_cargo,https://lol.fandom.com/wiki/Special:Redirect/page/181801,https://lol.fandom.com/wiki/Special:Redirect/file/Unknown_Infobox_Image_-_Team.png
lp_team_181835,Master Girl,Master Girl,leaguepedia_cargo,https://lol.fandom.com/wiki/Special:Redirect/page/181835,https://lol.fandom.com/wiki/Special:Redirect/file/Master_Girl_logo.png
lp_team_181863,Masters 3,Masters 3,leaguepedia_cargo,https://lol.fandom.com/wiki/Special:Redirect/page/181863,https://lol.fandom.com/wiki/Special:Redirect/file/M3_logo.png
lp_team_181979,Maximum impact Gaming Blitz,Maximum impact Gaming Blitz,leaguepedia_cargo,https://lol.fandom.com/wiki/Special:Redirect/page/181979,https://lol.fandom.com/wiki/Special:Redirect/file/MiG.jpg
lp_team_182057,Meat Playground,Meat Playground,leaguepedia_cargo,https://lol.fandom.com/wiki/Special:Redirect/page/182057,https://lol.fandom.com/wiki/Special:Redirect/file/Meat_Playgroundlogo_square.png
lp_team_182079,MeetYourMakers,MeetYourMakers,leaguepedia_cargo,https://lol.fandom.com/wiki/Special:Redirect/page/182079,https://lol.fandom.com/wiki/Special:Redirect/file/MeetYourMakerslogo_square.png
lp_team_182083,MeetYourMakers.LAN,MeetYourMakers.LAN,leaguepedia_cargo,https://lol.fandom.com/wiki/Special:Redirect/page/182083,https://lol.fandom.com/wiki/Special:Redirect/file/MeetYourMakerslogo_square.png
lp_team_182085,MeetYourMakers.TR,MeetYourMakers.TR,leaguepedia_cargo,https://lol.fandom.com/wiki/Special:Redirect/page/182085,https://lol.fandom.com/wiki/Special:Redirect/file/MeetYourMakerslogo_square.png
lp_team_182207,Meloncats,Meloncats,leaguepedia_cargo,https://lol.fandom.com/wiki/Special:Redirect/page/182207,https://lol.fandom.com/wiki/Special:Redirect/file/Meloncats_logo.png
lp_team_182219,Melty eSport Club,Melty eSport Club,leaguepedia_cargo,https://lol.fandom.com/wiki/Special:Redirect/page/182219,https://lol.fandom.com/wiki/Special:Redirect/file/Melty-logo.png
lp_team_182271,Merciless Gaming,Merciless Gaming,leaguepedia_cargo,https://lol.fandom.com/wiki/Special:Redirect/page/182271,https://lol.fandom.com/wiki/Special:Redirect/file/Merciless_Gaminglogo_square.png
lp_team_182395,MiTH Flashdive,MiTH Flashdive,leaguepedia_cargo,https://lol.fandom.com/wiki/Special:Redirect/page/182395,https://lol.fandom.com/wiki/Special:Redirect/file/Flashdive_new_logo.png
lp_team_182471,Midas FIO,Midas FIO,leaguepedia_cargo,https://lol.fandom.com/wiki/Special:Redirect/page/182471,https://lol.fandom.com/wiki/Special:Redirect/file/Midas_FIO.png
lp_team_182491,Midnight Sun Esports,Midnight Sun Esports,leaguepedia_cargo,https://lol.fandom.com/wiki/Special:Redirect/page/182491,https://lol.fandom.com/wiki/Special:Redirect/file/MSE_logo.png
lp_team_182515,Mighty Eagle,Mighty Eagle,leaguepedia_cargo,https://lol.fandom.com/wiki/Special:Redirect/page/182515,https://lol.fandom.com/wiki/Special:Redirect/file/Mighty_Eaglelogo_square.png
lp_team_182585,Millenium,Millenium,leaguepedia_cargo,https://lol.fandom.com/wiki/Special:Redirect/page/182585,https://lol.fandom.com/wiki/Special:Redirect/file/Milleniumlogo_profile.png
lp_team_182617,Millenium Spirit,Millenium Spirit,leaguepedia_cargo,https://lol.fandom.com/wiki/Special:Redirect/page/182617,https://lol.fandom.com/wiki/Special:Redirect/file/millogo.png
lp_team_182677,Mineski,Mineski,leaguepedia_cargo,https://lol.fandom.com/wiki/Special:Redirect/page/182677,https://lol.fandom.com/wiki/Special:Redirect/file/Mineski_logo.png
lp_team_182753,MiraGe Gaming,MiraGe Gaming,leaguepedia_cargo,https://lol.fandom.com/wiki/Special:Redirect/page/182753,https://lol.fandom.com/wiki/Special:Redirect/file/MiraGe_Gaminglogo_square.png
lp_team_182807,Misfits Gaming,Misfits Gaming,leaguepedia_cargo,https://lol.fandom.com/wiki/Special:Redirect/page/182807,https://lol.fandom.com/wiki/Special:Redirect/file/Misfits_Gaminglogo_profile.png
lp_team_182827,Misfits Academy,Misfits Academy,leaguepedia_cargo,https://lol.fandom.com/wiki/Special:Redirect/page/182827,https://lol.fandom.com/wiki/Special:Redirect/file/Misfits_Academylogo_square.png
lp_team_182965,MNM Gaming,MNM Gaming,leaguepedia_cargo,https://lol.fandom.com/wiki/Special:Redirect/page/182965,https://lol.fandom.com/wiki/Special:Redirect/file/MNM_Gaminglogo_profile.png
lp_team_183053,Monomaniac eSports,Monomaniac eSports,leaguepedia_cargo,https://lol.fandom.com/wiki/Special:Redirect/page/183053,https://lol.fandom.com/wiki/Special:Redirect/file/Monomaniac_logo.png
lp_team_183271,Moscow 5,Moscow 5,leaguepedia_cargo,https://lol.fandom.com/wiki/Special:Redirect/page/183271,https://lol.fandom.com/wiki/Special:Redirect/file/M5.png
lp_team_183295,Moss Seven Club,Moss Seven Club,leaguepedia_cargo,https://lol.fandom.com/wiki/Special:Redirect/page/183295,https://lol.fandom.com/wiki/Special:Redirect/file/Moss_Seven_Clublogo_square.png
lp_team_183341,MOUZ NXT,MOUZ NXT,leaguepedia_cargo,https://lol.fandom.com/wiki/Special:Redirect/page/183341,https://lol.fandom.com/wiki/Special:Redirect/file/MOUZ_NXTlogo_square.png
lp_team_183371,Movistar KOI,Movistar KOI,leaguepedia_cargo,https://lol.fandom.com/wiki/Special:Redirect/page/183371,https://lol.fandom.com/wiki/Special:Redirect/file/Movistar_KOIlogo_square.png
lp_team_183561,myRevenge,myRevenge,leaguepedia_cargo,https://lol.fandom.com/wiki/Special:Redirect/page/183561,https://lol.fandom.com/wiki/Special:Redirect/file/MyRevengelogo_square.png
lp_team_183567,myRevenge Chile,myRevenge Chile,leaguepedia_cargo,https://lol.fandom.com/wiki/Special:Redirect/page/183567,https://lol.fandom.com/wiki/Special:Redirect/file/MyRevenge_Chilelogo_square.png
lp_team_183593,Mysterious Monkeys,Mysterious Monkeys,leaguepedia_cargo,https://lol.fandom.com/wiki/Special:Redirect/page/183593,https://lol.fandom.com/wiki/Special:Redirect/file/MMsquare.png
lp_team_183595,Mysterious Monkeys.ESLM,Mysterious Monkeys.ESLM,leaguepedia_cargo,https://lol.fandom.com/wiki/Special:Redirect/page/183595,https://lol.fandom.com/wiki/Special:Redirect/file/MMsquare.png
lp_team_183631,n!faculty,n!faculty,leaguepedia_cargo,https://lol.fandom.com/wiki/Special:Redirect/page/183631,https://lol.fandom.com/wiki/Special:Redirect/file/N%21faculty.jpg
lp_team_184321,Noobs Except Balnemse,Noobs Except Balnemse,leaguepedia_cargo,https://lol.fandom.com/wiki/Special:Redirect/page/184321,https://lol.fandom.com/wiki/Special:Redirect/file/NEBlogo2.jpg
lp_team_184419,NRG,NRG,leaguepedia_cargo,https://lol.fandom.com/wiki/Special:Redirect/page/184419,https://lol.fandom.com/wiki/Special:Redirect/file/NRGlogo_square.png
lp_team_184483,NaJin Black Sword,NaJin Black Sword,leaguepedia_cargo,https://lol.fandom.com/wiki/Special:Redirect/page/184483,https://lol.fandom.com/wiki/Special:Redirect/file/Najin_black_sword_new.png
lp_team_184499,NaJin White Shield,NaJin White Shield,leaguepedia_cargo,https://lol.fandom.com/wiki/Special:Redirect/page/184499,https://lol.fandom.com/wiki/Special:Redirect/file/Najin_white_shield_new.png
lp_team_184511,NaJin e-mFire,NaJin e-mFire,leaguepedia_cargo,https://lol.fandom.com/wiki/Special:Redirect/page/184511,https://lol.fandom.com/wiki/Special:Redirect/file/NaJin_logo.png
lp_team_184761,Napkins in Disguise,Napkins in Disguise,leaguepedia_cargo,https://lol.fandom.com/wiki/Special:Redirect/page/184761,https://lol.fandom.com/wiki/Special:Redirect/file/Unknown_Infobox_Image_-_Team.png
lp_team_185011,Natus Vincere,Natus Vincere,leaguepedia_cargo,https://lol.fandom.com/wiki/Special:Redirect/page/185011,https://lol.fandom.com/wiki/Special:Redirect/file/Natus_Vincerelogo_square.png
lp_team_185013,Natus Vincere CIS,Natus Vincere CIS,leaguepedia_cargo,https://lol.fandom.com/wiki/Special:Redirect/page/185013,https://lol.fandom.com/wiki/Special:Redirect/file/NaVi_logo.png
lp_team_185073,NeL,NeL,leaguepedia_cargo,https://lol.fandom.com/wiki/Special:Redirect/page/185073,https://lol.fandom.com/wiki/Special:Redirect/file/smallNEL.gif
lp_team_185119,Neolution E-Sport Nemesis,Neolution E-Sport Nemesis,leaguepedia_cargo,https://lol.fandom.com/wiki/Special:Redirect/page/185119,https://lol.fandom.com/wiki/Special:Redirect/file/Neolution_Nemesislogo_square.png
lp_team_185143,Nerv,Nerv,leaguepedia_cargo,https://lol.fandom.com/wiki/Special:Redirect/page/185143,https://lol.fandom.com/wiki/Special:Redirect/file/Nervlogo_square.png
lp_team_185189,Neurons,Neurons,leaguepedia_cargo,https://lol.fandom.com/wiki/Special:Redirect/page/185189,https://lol.fandom.com/wiki/Special:Redirect/file/Neuronslogo_square.png
lp_team_185201,NeverBack Gaming,NeverBack Gaming,leaguepedia_cargo,https://lol.fandom.com/wiki/Special:Redirect/page/185201,https://lol.fandom.com/wiki/Special:Redirect/file/NeverBackGamingquare.png
lp_team_185205,Never Give Up,Never Give Up,leaguepedia_cargo,https://lol.fandom.com/wiki/Special:Redirect/page/185205,https://lol.fandom.com/wiki/Special:Redirect/file/NGU_logo.png
lp_team_185375,New World Eclipse,New World Eclipse,leaguepedia_cargo,https://lol.fandom.com/wiki/Special:Redirect/page/185375,https://lol.fandom.com/wiki/Special:Redirect/file/NWE.png
lp_team_185383,Newbee,Newbee,leaguepedia_cargo,https://lol.fandom.com/wiki/Special:Redirect/page/185383,https://lol.fandom.com/wiki/Special:Redirect/file/Newbeelogo_profile.png
lp_team_185397,Newbee Young,Newbee Young,leaguepedia_cargo,https://lol.fandom.com/wiki/Special:Redirect/page/185397,https://lol.fandom.com/wiki/Special:Redirect/file/Newbee_Younglogo_square.png
lp_team_185449,Nex Impetus,Nex Impetus,leaguepedia_cargo,https://lol.fandom.com/wiki/Special:Redirect/page/185449,https://lol.fandom.com/wiki/Special:Redirect/file/Nex.png
lp_team_185451,Next Gen Esports,Next Gen Esports,leaguepedia_cargo,https://lol.fandom.com/wiki/Special:Redirect/page/185451,https://lol.fandom.com/wiki/Special:Redirect/file/Next_Gen_Esportslogo_square.png
lp_team_185503,Nibble Gaming,Nibble Gaming,leaguepedia_cargo,https://lol.fandom.com/wiki/Special:Redirect/page/185503,https://lol.fandom.com/wiki/Special:Redirect/file/Nibble_Gaminglogo_square.png
lp_team_185715,Ninjas in Pyjamas,Ninjas in Pyjamas,leaguepedia_cargo,https://lol.fandom.com/wiki/Special:Redirect/page/185715,https://lol.fandom.com/wiki/Special:Redirect/file/Ninjas_in_Pyjamaslogo_profile.png
lp_team_185893,No Dice Gaming,No Dice Gaming,leaguepedia_cargo,https://lol.fandom.com/wiki/Special:Redirect/page/185893,https://lol.fandom.com/wiki/Special:Redirect/file/NDGaming.png
lp_team_185895,No Game No Life,No Game No Life,leaguepedia_cargo,https://lol.fandom.com/wiki/Special:Redirect/page/185895,https://lol.fandom.com/wiki/Special:Redirect/file/NGL_logo.png
lp_team_185897,Noah's Ark,Noah's Ark,leaguepedia_cargo,https://lol.fandom.com/wiki/Special:Redirect/page/185897,https://lol.fandom.com/wiki/Special:Redirect/file/NAlogo.png
lp_team_185911,Noble Truth,Noble Truth,leaguepedia_cargo,https://lol.fandom.com/wiki/Special:Redirect/page/185911,https://lol.fandom.com/wiki/Special:Redirect/file/Ntr_logo_lg.png
lp_team_185943,Nocturns Gaming,Nocturns Gaming,leaguepedia_cargo,https://lol.fandom.com/wiki/Special:Redirect/page/185943,https://lol.fandom.com/wiki/Special:Redirect/file/Nocturns_Gaminglogo_square.png
lp_team_185983,NonHK,NonHK,leaguepedia_cargo,https://lol.fandom.com/wiki/Special:Redirect/page/185983,https://lol.fandom.com/wiki/Special:Redirect/file/NonHKlogo_square.png
lp_team_186187,Nova eSports,Nova eSports,leaguepedia_cargo,https://lol.fandom.com/wiki/Special:Redirect/page/186187,https://lol.fandom.com/wiki/Special:Redirect/file/Nova_eSports_%28North_American_Team%29logo_square.png
lp_team_186203,Now or Never,Now or Never,leaguepedia_cargo,https://lol.fandom.com/wiki/Special:Redirect/page/186203,https://lol.fandom.com/wiki/Special:Redirect/file/NON_Gaminglogo_square.png
lp_team_186261,Nuit Blanche,Nuit Blanche,leaguepedia_cargo,https://lol.fandom.com/wiki/Special:Redirect/page/186261,https://lol.fandom.com/wiki/Special:Redirect/file/Logo_nB.png
lp_team_186287,NumberOne Esports,NumberOne Esports,leaguepedia_cargo,https://lol.fandom.com/wiki/Special:Redirect/page/186287,https://lol.fandom.com/wiki/Special:Redirect/file/NOE_logo.png
lp_team_186315,Nuovo Gaming,Nuovo Gaming,leaguepedia_cargo,https://lol.fandom.com/wiki/Special:Redirect/page/186315,https://lol.fandom.com/wiki/Special:Redirect/file/Nuovologosquare.png
lp_team_187188,Team Manila Eagles,Team Manila Eagles,leaguepedia_cargo,https://lol.fandom.com/wiki/Special:Redirect/page/187188,https://lol.fandom.com/wiki/Special:Redirect/file/Team_Manila_Eagleslogo_square.png
lp_team_187341,Odyssey Gaming,Odyssey Gaming,leaguepedia_cargo,https://lol.fandom.com/wiki/Special:Redirect/page/187341,https://lol.fandom.com/wiki/Special:Redirect/file/Odyssey_Gaminglogo_square.png
lp_team_187387,Oh My God Academy,Oh My God Academy,leaguepedia_cargo,https://lol.fandom.com/wiki/Special:Redirect/page/187387,https://lol.fandom.com/wiki/Special:Redirect/file/Oh_My_God_Academylogo_square.png
lp_team_187401,Oh My Girls,Oh My Girls,leaguepedia_cargo,https://lol.fandom.com/wiki/Special:Redirect/page/187401,https://lol.fandom.com/wiki/Special:Redirect/file/Oh_My_Girls_logo.png
lp_team_187403,Oh My God,Oh My God,leaguepedia_cargo,https://lol.fandom.com/wiki/Special:Redirect/page/187403,https://lol.fandom.com/wiki/Special:Redirect/file/Oh_My_Godlogo_square.png
lp_team_187419,Oh My God 2,Oh My God 2,leaguepedia_cargo,https://lol.fandom.com/wiki/Special:Redirect/page/187419,https://lol.fandom.com/wiki/Special:Redirect/file/OMGlogo300.png
lp_team_187445,Okinawan Tigers,Okinawan Tigers,leaguepedia_cargo,https://lol.fandom.com/wiki/Special:Redirect/page/187445,https://lol.fandom.com/wiki/Special:Redirect/file/Okinawan_Tigers_logo.png
lp_team_187477,Old Hunters,Old Hunters,leaguepedia_cargo,https://lol.fandom.com/wiki/Special:Redirect/page/187477,https://lol.fandom.com/wiki/Special:Redirect/file/Old_Hunterslogo_square.png
lp_team_187621,OpenMidPlease,OpenMidPlease,leaguepedia_cargo,https://lol.fandom.com/wiki/Special:Redirect/page/187621,https://lol.fandom.com/wiki/Special:Redirect/file/Unknown_Infobox_Image_-_Team.png
lp_team_187625,Operation Kino e-Sports,Operation Kino e-Sports,leaguepedia_cargo,https://lol.fandom.com/wiki/Special:Redirect/page/187625,https://lol.fandom.com/wiki/Special:Redirect/file/Operation_Kino_e-Sportslogo_square.png
lp_team_187677,Orange Esports,Orange Esports,leaguepedia_cargo,https://lol.fandom.com/wiki/Special:Redirect/page/187677,https://lol.fandom.com/wiki/Special:Redirect/file/Orange_eSportslogo_square.png
lp_team_187689,Orbit Gaming,Orbit Gaming,leaguepedia_cargo,https://lol.fandom.com/wiki/Special:Redirect/page/187689,https://lol.fandom.com/wiki/Special:Redirect/file/Orbit_Gaming.png
lp_team_187695,Ordinance Gaming,Ordinance Gaming,leaguepedia_cargo,https://lol.fandom.com/wiki/Special:Redirect/page/187695,https://lol.fandom.com/wiki/Special:Redirect/file/Ordinance_Gaminglogo_square.png
lp_team_187719,Origen,Origen,leaguepedia_cargo,https://lol.fandom.com/wiki/Special:Redirect/page/187719,https://lol.fandom.com/wiki/Special:Redirect/file/Origenlogo_profile.png
lp_team_187737,Origen Academy,Origen Academy,leaguepedia_cargo,https://lol.fandom.com/wiki/Special:Redirect/page/187737,https://lol.fandom.com/wiki/Special:Redirect/file/Origen_Academylogo_square.png
lp_team_187739,Origen ESP,Origen ESP,leaguepedia_cargo,https://lol.fandom.com/wiki/Special:Redirect/page/187739,https://lol.fandom.com/wiki/Special:Redirect/file/Origen_Espa%C3%B1a.jpg
lp_team_187743,Origine Online,Origine Online,leaguepedia_cargo,https://lol.fandom.com/wiki/Special:Redirect/page/187743,https://lol.fandom.com/wiki/Special:Redirect/file/OrigineOnline125.png
lp_team_187753,Oserv Esport,Oserv Esport,leaguepedia_cargo,https://lol.fandom.com/wiki/Special:Redirect/page/187753,https://lol.fandom.com/wiki/Special:Redirect/file/Oserv_Esportlogo_square.png
lp_team_187755,Osos Mafiosos,Osos Mafiosos,leaguepedia_cargo,https://lol.fandom.com/wiki/Special:Redirect/page/187755,https://lol.fandom.com/wiki/Special:Redirect/file/Osos_Mafiososlogo_square.png
lp_team_187779,Outlaws,Outlaws,leaguepedia_cargo,https://lol.fandom.com/wiki/Special:Redirect/page/187779,https://lol.fandom.com/wiki/Special:Redirect/file/Outlawslogo_square.png
lp_team_187781,aNc Outplayed,aNc Outplayed,leaguepedia_cargo,https://lol.fandom.com/wiki/Special:Redirect/page/187781,https://lol.fandom.com/wiki/Special:Redirect/file/ANc_Outplayedlogo_square.png
lp_team_187791,OverGaming,OverGaming,leaguepedia_cargo,https://lol.fandom.com/wiki/Special:Redirect/page/187791,https://lol.fandom.com/wiki/Special:Redirect/file/OverGaminglogo_square.png
lp_team_187797,Overdrive,Overdrive,leaguepedia_cargo,https://lol.fandom.com/wiki/Special:Redirect/page/187797,https://lol.fandom.com/wiki/Special:Redirect/file/ODlogo_square.png
lp_team_187799,Overload,Overload,leaguepedia_cargo,https://lol.fandom.com/wiki/Special:Redirect/page/187799,https://lol.fandom.com/wiki/Special:Redirect/file/Overloadlogo_square.png
lp_team_187839,Ownerd e-Sports,Ownerd e-Sports,leaguepedia_cargo,https://lol.fandom.com/wiki/Special:Redirect/page/187839,https://lol.fandom.com/wiki/Special:Redirect/file/Ownerd_e-Sportslogo_square.png
lp_team_187863,Oyun Hizmetleri,Oyun Hizmetleri,leaguepedia_cargo,https://lol.fandom.com/wiki/Special:Redirect/page/187863,https://lol.fandom.com/wiki/Special:Redirect/file/OHlogohighres.png
lp_team_187865,Oyun Hizmetleri ÇİLEKLER,Oyun Hizmetleri ÇİLEKLER,leaguepedia_cargo,https://lol.fandom.com/wiki/Special:Redirect/page/187865,https://lol.fandom.com/wiki/Special:Redirect/file/OH_CILEKLERlogo_square.png
lp_team_187917,P3P eSports,P3P eSports,leaguepedia_cargo,https://lol.fandom.com/wiki/Special:Redirect/page/187917,https://lol.fandom.com/wiki/Special:Redirect/file/P3P_eSportslogo_square.png
lp_team_187919,PAM eSports,PAM eSports,leaguepedia_cargo,https://lol.fandom.com/wiki/Special:Redirect/page/187919,https://lol.fandom.com/wiki/Special:Redirect/file/pamsquare.png
lp_team_188031,PENTA 1860,PENTA 1860,leaguepedia_cargo,https://lol.fandom.com/wiki/Special:Redirect/page/188031,https://lol.fandom.com/wiki/Special:Redirect/file/PENTA_1860logo_profile.png
lp_team_188033,PEX Team,PEX Team,leaguepedia_cargo,https://lol.fandom.com/wiki/Special:Redirect/page/188033,https://lol.fandom.com/wiki/Special:Redirect/file/PEX_Teamlogo_square.png
lp_team_188147,2144 Danmu Gaming,2144 Danmu Gaming,leaguepedia_cargo,https://lol.fandom.com/wiki/Special:Redirect/page/188147,https://lol.fandom.com/wiki/Special:Redirect/file/2144_Danmu_Gaminglogo_square.png
lp_team_188159,2144 Gaming,2144 Gaming,leaguepedia_cargo,https://lol.fandom.com/wiki/Special:Redirect/page/188159,https://lol.fandom.com/wiki/Special:Redirect/file/2144_Gaminglogo_square.png
lp_team_188177,269 Gaming,269 Gaming,leaguepedia_cargo,https://lol.fandom.com/wiki/Special:Redirect/page/188177,https://lol.fandom.com/wiki/Special:Redirect/file/269_Gaming_logo.png
lp_team_188195,2Kill Gaming,2Kill Gaming,leaguepedia_cargo,https://lol.fandom.com/wiki/Special:Redirect/page/188195,https://lol.fandom.com/wiki/Special:Redirect/file/2Kill_Gaminglogo_square.png
lp_team_188207,34united e-Sports Club,34united e-Sports Club,leaguepedia_cargo,https://lol.fandom.com/wiki/Special:Redirect/page/188207,https://lol.fandom.com/wiki/Special:Redirect/file/34ulogo.png
lp_team_188209,3DMAX,3DMAX,leaguepedia_cargo,https://lol.fandom.com/wiki/Special:Redirect/page/188209,https://lol.fandom.com/wiki/Special:Redirect/file/3DMAX_Logo.png
lp_team_188217,3sUP Enterprises,3sUP Enterprises,leaguepedia_cargo,https://lol.fandom.com/wiki/Special:Redirect/page/188217,https://lol.fandom.com/wiki/Special:Redirect/file/3sUP_Enterprises.png
lp_team_188247,4Kings,4Kings,leaguepedia_cargo,https://lol.fandom.com/wiki/Special:Redirect/page/188247,https://lol.fandom.com/wiki/Special:Redirect/file/4k_logo.png
lp_team_188349,4everzenzyg,4everzenzyg,leaguepedia_cargo,https://lol.fandom.com/wiki/Special:Redirect/page/188349,https://lol.fandom.com/wiki/Special:Redirect/file/4ZE_logo.png
lp_team_188351,4moD,4moD,leaguepedia_cargo,https://lol.fandom.com/wiki/Special:Redirect/page/188351,https://lol.fandom.com/wiki/Special:Redirect/file/4moDlogo_square.png
lp_team_188387,6Sense,6Sense,leaguepedia_cargo,https://lol.fandom.com/wiki/Special:Redirect/page/188387,https://lol.fandom.com/wiki/Special:Redirect/file/6Senselogo_square.png
lp_team_188415,7th heaven,7th heaven,leaguepedia_cargo,https://lol.fandom.com/wiki/Special:Redirect/page/188415,https://lol.fandom.com/wiki/Special:Redirect/file/7th_heavenlogo_profile.png
lp_team_188429,7th heaven X,7th heaven X,leaguepedia_cargo,https://lol.fandom.com/wiki/Special:Redirect/page/188429,https://lol.fandom.com/wiki/Special:Redirect/file/7th_heavenlogo_profile.png
lp_team_188481,AD Gaming,AD Gaming,leaguepedia_cargo,https://lol.fandom.com/wiki/Special:Redirect/page/188481,https://lol.fandom.com/wiki/Special:Redirect/file/AD_Gaminglogo_square.png
lp_team_188483,AGO esports,AGO esports,leaguepedia_cargo,https://lol.fandom.com/wiki/Special:Redirect/page/188483,https://lol.fandom.com/wiki/Special:Redirect/file/AGO_esportslogo_square.png
lp_team_188523,ALTERNATE aTTaX,ALTERNATE aTTaX,leaguepedia_cargo,https://lol.fandom.com/wiki/Special:Redirect/page/188523,https://lol.fandom.com/wiki/Special:Redirect/file/ALTERNATE_aTTaXlogo_square.png
lp_team_188567,ANT Gaming,ANT Gaming,leaguepedia_cargo,https://lol.fandom.com/wiki/Special:Redirect/page/188567,https://lol.fandom.com/wiki/Special:Redirect/file/ANT_logo.png
lp_team_188573,AOC Gaming,AOC Gaming,leaguepedia_cargo,https://lol.fandom.com/wiki/Special:Redirect/page/188573,https://lol.fandom.com/wiki/Special:Redirect/file/AOC_Gaminglogo_square.png
lp_team_188579,SeolHaeOne Prince,SeolHaeOne Prince,leaguepedia_cargo,https://lol.fandom.com/wiki/Special:Redirect/page/188579,https://lol.fandom.com/wiki/Special:Redirect/file/SeolHaeOne_Princelogo_square.png
lp_team_188587,APictureOfAGoose,APictureOfAGoose,leaguepedia_cargo,https://lol.fandom.com/wiki/Special:Redirect/page/188587,https://lol.fandom.com/wiki/Special:Redirect/file/APictureOfAGoose.jpg
lp_team_188601,ASUS ROG Army,ASUS ROG Army,leaguepedia_cargo,https://lol.fandom.com/wiki/Special:Redirect/page/188601,https://lol.fandom.com/wiki/Special:Redirect/file/ASUS_ROG_Armylogo_square.png
lp_team_188617,ATLAS eSports Team,ATLAS eSports Team,leaguepedia_cargo,https://lol.fandom.com/wiki/Special:Redirect/page/188617,https://lol.fandom.com/wiki/Special:Redirect/file/ATLAS_eSports_Teamlogo_square.png
lp_team_188623,AT Gaming,AT Gaming,leaguepedia_cargo,https://lol.fandom.com/wiki/Special:Redirect/page/188623,https://lol.fandom.com/wiki/Special:Redirect/file/AT_Gaming.jpg
lp_team_188727,Absolute,Absolute,leaguepedia_cargo,https://lol.fandom.com/wiki/Special:Redirect/page/188727,https://lol.fandom.com/wiki/Special:Redirect/file/Absolute_%28Oceanic_Team%29logo_square.png
lp_team_188761,Absolute Legends,Absolute Legends,leaguepedia_cargo,https://lol.fandom.com/wiki/Special:Redirect/page/188761,https://lol.fandom.com/wiki/Special:Redirect/file/Al.png
lp_team_188771,Absolute Legends NA,Absolute Legends NA,leaguepedia_cargo,https://lol.fandom.com/wiki/Special:Redirect/page/188771,https://lol.fandom.com/wiki/Special:Redirect/file/Al.png
lp_team_188781,Absolute Legends Singapore,Absolute Legends Singapore,leaguepedia_cargo,https://lol.fandom.com/wiki/Special:Redirect/page/188781,https://lol.fandom.com/wiki/Special:Redirect/file/Al.png
lp_team_188797,Abyss Esports,Abyss Esports,leaguepedia_cargo,https://lol.fandom.com/wiki/Special:Redirect/page/188797,https://lol.fandom.com/wiki/Special:Redirect/file/Abyss_Esportslogo_square.png
lp_team_188815,AcFun e-Sports Club,AcFun e-Sports Club,leaguepedia_cargo,https://lol.fandom.com/wiki/Special:Redirect/page/188815,https://lol.fandom.com/wiki/Special:Redirect/file/AcFun_e-Sports_Clublogo_square.png
lp_team_188827,Acclaim EmpireX,Acclaim EmpireX,leaguepedia_cargo,https://lol.fandom.com/wiki/Special:Redirect/page/188827,https://lol.fandom.com/wiki/Special:Redirect/file/Acclaim_EmpireXlogo_square.png
lp_team_188847,Acer Green Team,Acer Green Team,leaguepedia_cargo,https://lol.fandom.com/wiki/Special:Redirect/page/188847,https://lol.fandom.com/wiki/Special:Redirect/file/Acer_Green_Teamlogo_square.png
lp_team_188851,Aces High Esports Club,Aces High Esports Club,leaguepedia_cargo,https://lol.fandom.com/wiki/Special:Redirect/page/188851,https://lol.fandom.com/wiki/Special:Redirect/file/AH_logo.png
lp_team_188907,Action Team eSports,Action Team eSports,leaguepedia_cargo,https://lol.fandom.com/wiki/Special:Redirect/page/188907,https://lol.fandom.com/wiki/Special:Redirect/file/Action.png
lp_team_188975,affNity,affNity,leaguepedia_cargo,https://lol.fandom.com/wiki/Special:Redirect/page/188975,https://lol.fandom.com/wiki/Special:Redirect/file/affNity.png
lp_team_188979,DN SOOPers,DN SOOPers,leaguepedia_cargo,https://lol.fandom.com/wiki/Special:Redirect/page/188979,https://lol.fandom.com/wiki/Special:Redirect/file/DN_SOOPerslogo_profile.png
lp_team_189005,against All authority,against All authority,leaguepedia_cargo,https://lol.fandom.com/wiki/Special:Redirect/page/189005,https://lol.fandom.com/wiki/Special:Redirect/file/Against_All_authoritylogo_square.png
lp_team_189025,Agresiv,Agresiv,leaguepedia_cargo,https://lol.fandom.com/wiki/Special:Redirect/page/189025,https://lol.fandom.com/wiki/Special:Redirect/file/Agresivlogo_square.png
lp_team_189037,ahq Fighter,ahq Fighter,leaguepedia_cargo,https://lol.fandom.com/wiki/Special:Redirect/page/189037,https://lol.fandom.com/wiki/Special:Redirect/file/Ahq_Fighterlogo_square.png
lp_team_189045,ahq Girls,ahq Girls,leaguepedia_cargo,https://lol.fandom.com/wiki/Special:Redirect/page/189045,https://lol.fandom.com/wiki/Special:Redirect/file/Ahq_logo_new.png
lp_team_189047,ahq Snipers,ahq Snipers,leaguepedia_cargo,https://lol.fandom.com/wiki/Special:Redirect/page/189047,https://lol.fandom.com/wiki/Special:Redirect/file/Ahq_Snipers.jpg
lp_team_189049,ahq eSports Club,ahq eSports Club,leaguepedia_cargo,https://lol.fandom.com/wiki/Special:Redirect/page/189049,https://lol.fandom.com/wiki/Special:Redirect/file/Ahq_eSports_Clublogo_profile.png
lp_team_189065,ahq e-Sports Club Korea,ahq e-Sports Club Korea,leaguepedia_cargo,https://lol.fandom.com/wiki/Special:Redirect/page/189065,https://lol.fandom.com/wiki/Special:Redirect/file/AHQ2.png
lp_team_189201,Albus NoX Luna,Albus NoX Luna,leaguepedia_cargo,https://lol.fandom.com/wiki/Special:Redirect/page/189201,https://lol.fandom.com/wiki/Special:Redirect/file/Albus_NoXlogo_square.png
lp_team_189277,AlienTech eSports,AlienTech eSports,leaguepedia_cargo,https://lol.fandom.com/wiki/Special:Redirect/page/189277,https://lol.fandom.com/wiki/Special:Redirect/file/Team_alientech.png
lp_team_189287,Alienware Arena,Alienware Arena,leaguepedia_cargo,https://lol.fandom.com/wiki/Special:Redirect/page/189287,https://lol.fandom.com/wiki/Special:Redirect/file/Alienware_Arenalogo_square.png
lp_team_189447,All Gamers,All Gamers,leaguepedia_cargo,https://lol.fandom.com/wiki/Special:Redirect/page/189447,https://lol.fandom.com/wiki/Special:Redirect/file/All_Gamerslogo_profile.png
lp_team_189471,Alliance,Alliance,leaguepedia_cargo,https://lol.fandom.com/wiki/Special:Redirect/page/189471,https://lol.fandom.com/wiki/Special:Redirect/file/Alliancelogo_profile.png
lp_team_189533,Alpha Sydney,Alpha Sydney,leaguepedia_cargo,https://lol.fandom.com/wiki/Special:Redirect/page/189533,https://lol.fandom.com/wiki/Special:Redirect/file/Alpha_Sydney_2logo_square.png
lp_team_189541,Alpha Team,Alpha Team,leaguepedia_cargo,https://lol.fandom.com/wiki/Special:Redirect/page/189541,https://lol.fandom.com/wiki/Special:Redirect/file/Alpha_Teamlogo_square.png
lp_team_189575,Also Known As,Also Known As,leaguepedia_cargo,https://lol.fandom.com/wiki/Special:Redirect/page/189575,https://lol.fandom.com/wiki/Special:Redirect/file/Also_Known_Aslogo_square.png
lp_team_189631,Always With Honor,Always With Honor,leaguepedia_cargo,https://lol.fandom.com/wiki/Special:Redirect/page/189631,https://lol.fandom.com/wiki/Special:Redirect/file/Always_With_Honorlogo_profile.png
lp_team_189821,Anexis eSports,Anexis eSports,leaguepedia_cargo,https://lol.fandom.com/wiki/Special:Redirect/page/189821,https://lol.fandom.com/wiki/Special:Redirect/file/Anexis_eSports_logo.png
lp_team_189839,Animate eSports,Animate eSports,leaguepedia_cargo,https://lol.fandom.com/wiki/Special:Redirect/page/189839,https://lol.fandom.com/wiki/Special:Redirect/file/Animate_eSportslogo_profile.png
lp_team_189975,ApeX R Gaming,ApeX R Gaming,leaguepedia_cargo,https://lol.fandom.com/wiki/Special:Redirect/page/189975,https://lol.fandom.com/wiki/Special:Redirect/file/ApeX_R_Gaminglogo_square.png
lp_team_189993,Apex Gaming,Apex Gaming,leaguepedia_cargo,https://lol.fandom.com/wiki/Special:Redirect/page/189993,https://lol.fandom.com/wiki/Special:Redirect/file/Apexsquare.png
lp_team_190001,Apex Pride,Apex Pride,leaguepedia_cargo,https://lol.fandom.com/wiki/Special:Redirect/page/190001,https://lol.fandom.com/wiki/Special:Redirect/file/Apex_Pridelogo_square.png
lp_team_190075,Aqua Force,Aqua Force,leaguepedia_cargo,https://lol.fandom.com/wiki/Special:Redirect/page/190075,https://lol.fandom.com/wiki/Special:Redirect/file/Aqua_Forcelogo_square.png
lp_team_190156,PKMaster,PKMaster,leaguepedia_cargo,https://lol.fandom.com/wiki/Special:Redirect/page/190156,https://lol.fandom.com/wiki/Special:Redirect/file/PKMaster_logo.png
lp_team_190178,PL Gaming,PL Gaming,leaguepedia_cargo,https://lol.fandom.com/wiki/Special:Redirect/page/190178,https://lol.fandom.com/wiki/Special:Redirect/file/PL_Gaminglogo_square.png
lp_team_190199,Arctic Gaming,Arctic Gaming,leaguepedia_cargo,https://lol.fandom.com/wiki/Special:Redirect/page/190199,https://lol.fandom.com/wiki/Special:Redirect/file/Arctic_Gaminglogo_square.png
lp_team_190215,Area of Effect eSports,Area of Effect eSports,leaguepedia_cargo,https://lol.fandom.com/wiki/Special:Redirect/page/190215,https://lol.fandom.com/wiki/Special:Redirect/file/AoE_logo.jpg
lp_team_190331,Arsenal,Arsenal,leaguepedia_cargo,https://lol.fandom.com/wiki/Special:Redirect/page/190331,https://lol.fandom.com/wiki/Special:Redirect/file/Arsenallogo_square.png
lp_team_190351,Ascension Gaming,Ascension Gaming,leaguepedia_cargo,https://lol.fandom.com/wiki/Special:Redirect/page/190351,https://lol.fandom.com/wiki/Special:Redirect/file/Ascension_Gaminglogo_square.png
lp_team_190435,Assassin Sniper,Assassin Sniper,leaguepedia_cargo,https://lol.fandom.com/wiki/Special:Redirect/page/190435,https://lol.fandom.com/wiki/Special:Redirect/file/AS_logo_2.png
lp_team_190471,Astral Authority,Astral Authority,leaguepedia_cargo,https://lol.fandom.com/wiki/Special:Redirect/page/190471,https://lol.fandom.com/wiki/Special:Redirect/file/Astral_Authority_Profile.png
lp_team_190478,Pacific eSports,Pacific eSports,leaguepedia_cargo,https://lol.fandom.com/wiki/Special:Redirect/page/190478,https://lol.fandom.com/wiki/Special:Redirect/file/Team_Pacificlogo_square.png
lp_team_190538,paiN Gaming,paiN Gaming,leaguepedia_cargo,https://lol.fandom.com/wiki/Special:Redirect/page/190538,https://lol.fandom.com/wiki/Special:Redirect/file/PaiN_Gaminglogo_square.png
lp_team_190563,ATR esports,ATR esports,leaguepedia_cargo,https://lol.fandom.com/wiki/Special:Redirect/page/190563,https://lol.fandom.com/wiki/Special:Redirect/file/ATR_esportslogo_square.png
lp_team_190609,Authority E-sports,Authority E-sports,leaguepedia_cargo,https://lol.fandom.com/wiki/Special:Redirect/page/190609,https://lol.fandom.com/wiki/Special:Redirect/file/Authority_E-sportslogo_square.png
lp_team_190627,Avant Gaming,Avant Gaming,leaguepedia_cargo,https://lol.fandom.com/wiki/Special:Redirect/page/190627,https://lol.fandom.com/wiki/Special:Redirect/file/Avant_Gaminglogo_profile.png
lp_team_190637,Avant Garde Ascension,Avant Garde Ascension,leaguepedia_cargo,https://lol.fandom.com/wiki/Special:Redirect/page/190637,https://lol.fandom.com/wiki/Special:Redirect/file/Av_logo_Old.png
lp_team_190639,Avant Garde Redemption,Avant Garde Redemption,leaguepedia_cargo,https://lol.fandom.com/wiki/Special:Redirect/page/190639,https://lol.fandom.com/wiki/Special:Redirect/file/Av_logo_Old.png
lp_team_190689,Aware Gaming,Aware Gaming,leaguepedia_cargo,https://lol.fandom.com/wiki/Special:Redirect/page/190689,https://lol.fandom.com/wiki/Special:Redirect/file/Aware_Gaminglogo_square.png
lp_team_190703,Awsomniac,Awsomniac,leaguepedia_cargo,https://lol.fandom.com/wiki/Special:Redirect/page/190703,https://lol.fandom.com/wiki/Special:Redirect/file/Awsomniaclogo_square.png
lp_team_190763,Azubu Blaze,Azubu Blaze,leaguepedia_cargo,https://lol.fandom.com/wiki/Special:Redirect/page/190763,https://lol.fandom.com/wiki/Special:Redirect/file/Azubu_Blazelogo_profile.png
lp_team_190768,Pain Gaming,Pain Gaming,leaguepedia_cargo,https://lol.fandom.com/wiki/Special:Redirect/page/190768,https://lol.fandom.com/wiki/Special:Redirect/file/PainGamingsquare.png
lp_team_190777,Azubu Frost,Azubu Frost,leaguepedia_cargo,https://lol.fandom.com/wiki/Special:Redirect/page/190777,https://lol.fandom.com/wiki/Special:Redirect/file/Azubu_Frostlogo_profile.png
lp_team_190852,Panda Cub Hugging Club,Panda Cub Hugging Club,leaguepedia_cargo,https://lol.fandom.com/wiki/Special:Redirect/page/190852,https://lol.fandom.com/wiki/Special:Redirect/file/PCHC_logo.png
lp_team_190881,Azure Cats,Azure Cats,leaguepedia_cargo,https://lol.fandom.com/wiki/Special:Redirect/page/190881,https://lol.fandom.com/wiki/Special:Redirect/file/Azure_Catslogo_square.png
lp_team_191013,BPZ,BPZ,leaguepedia_cargo,https://lol.fandom.com/wiki/Special:Redirect/page/191013,https://lol.fandom.com/wiki/Special:Redirect/file/BPZlogo_square.png
lp_team_191094,Paradox Gaming,Paradox Gaming,leaguepedia_cargo,https://lol.fandom.com/wiki/Special:Redirect/page/191094,https://lol.fandom.com/wiki/Special:Redirect/file/Paradox_Gaminglogo_square.png
lp_team_191259,Bangkok Titans,Bangkok Titans,leaguepedia_cargo,https://lol.fandom.com/wiki/Special:Redirect/page/191259,https://lol.fandom.com/wiki/Special:Redirect/file/Bangkok_Titanslogo_square.png
lp_team_191679,bbq Olivers,bbq Olivers,leaguepedia_cargo,https://lol.fandom.com/wiki/Special:Redirect/page/191679,https://lol.fandom.com/wiki/Special:Redirect/file/Bbq_Oliverslogo_square.png
lp_team_191826,Paris Saint-Germain eSports,Paris Saint-Germain eSports,leaguepedia_cargo,https://lol.fandom.com/wiki/Special:Redirect/page/191826,https://lol.fandom.com/wiki/Special:Redirect/file/Paris_Saint-Germain_Esportslogo_profile.png
lp_team_191851,Beast Mode,Beast Mode,leaguepedia_cargo,https://lol.fandom.com/wiki/Special:Redirect/page/191851,https://lol.fandom.com/wiki/Special:Redirect/file/Beast_Modelogo_square.png
lp_team_191937,Bencheados,Bencheados,leaguepedia_cargo,https://lol.fandom.com/wiki/Special:Redirect/page/191937,https://lol.fandom.com/wiki/Special:Redirect/file/Bencheadoslogo_square.png
lp_team_191943,Benched Gaming,Benched Gaming,leaguepedia_cargo,https://lol.fandom.com/wiki/Special:Redirect/page/191943,https://lol.fandom.com/wiki/Special:Redirect/file/Benched.jpg
lp_team_192157,Beşiktaş.Oyun Hizmetleri,Beşiktaş.Oyun Hizmetleri,leaguepedia_cargo,https://lol.fandom.com/wiki/Special:Redirect/page/192157,https://lol.fandom.com/wiki/Special:Redirect/file/BJK_logo_2.png
lp_team_192172,Pathos,Pathos,leaguepedia_cargo,https://lol.fandom.com/wiki/Special:Redirect/page/192172,https://lol.fandom.com/wiki/Special:Redirect/file/Pathos_Logo.png
lp_team_192179,Beşiktaş Esports,Beşiktaş Esports,leaguepedia_cargo,https://lol.fandom.com/wiki/Special:Redirect/page/192179,https://lol.fandom.com/wiki/Special:Redirect/file/BJK_logo_2.png
lp_team_192215,Big Gods,Big Gods,leaguepedia_cargo,https://lol.fandom.com/wiki/Special:Redirect/page/192215,https://lol.fandom.com/wiki/Special:Redirect/file/Big_Gods_logo.png
lp_team_192235,Big Gods Jackals,Big Gods Jackals,leaguepedia_cargo,https://lol.fandom.com/wiki/Special:Redirect/page/192235,https://lol.fandom.com/wiki/Special:Redirect/file/Big_Gods_Jackalslogo_square.png
lp_team_192247,Big Plays Incorporated,Big Plays Incorporated,leaguepedia_cargo,https://lol.fandom.com/wiki/Special:Redirect/page/192247,https://lol.fandom.com/wiki/Special:Redirect/file/BPI.png
lp_team_192269,Bigfile Miracle,Bigfile Miracle,leaguepedia_cargo,https://lol.fandom.com/wiki/Special:Redirect/page/192269,https://lol.fandom.com/wiki/Special:Redirect/file/Bigfile_Miracle_logo.png
lp_team_192415,Black Eagles,Black Eagles,leaguepedia_cargo,https://lol.fandom.com/wiki/Special:Redirect/page/192415,https://lol.fandom.com/wiki/Special:Redirect/file/Black_Eagleslogo_square.png
lp_team_192431,Blackbean,Blackbean,leaguepedia_cargo,https://lol.fandom.com/wiki/Special:Redirect/page/192431,https://lol.fandom.com/wiki/Special:Redirect/file/BB_logo_2015.png
lp_team_192602,peculiar gaming,peculiar gaming,leaguepedia_cargo,https://lol.fandom.com/wiki/Special:Redirect/page/192602,https://lol.fandom.com/wiki/Special:Redirect/file/Peculiar_logo.png
lp_team_192613,PeesPlay Gaming,PeesPlay Gaming,leaguepedia_cargo,https://lol.fandom.com/wiki/Special:Redirect/page/192613,https://lol.fandom.com/wiki/Special:Redirect/file/peesplay.png
lp_team_192624,Boba Marines,Boba Marines,leaguepedia_cargo,https://lol.fandom.com/wiki/Special:Redirect/page/192624,https://lol.fandom.com/wiki/Special:Redirect/file/Boba_Marines_logo.png
lp_team_192715,Born to Kill,Born to Kill,leaguepedia_cargo,https://lol.fandom.com/wiki/Special:Redirect/page/192715,https://lol.fandom.com/wiki/Special:Redirect/file/Born_to_Killlogo_square.png
lp_team_192800,Brave e-Sports,Brave e-Sports,leaguepedia_cargo,https://lol.fandom.com/wiki/Special:Redirect/page/192800,https://lol.fandom.com/wiki/Special:Redirect/file/Brave_e-Sportslogo_square.png
lp_team_192810,Perfectionvore,Perfectionvore,leaguepedia_cargo,https://lol.fandom.com/wiki/Special:Redirect/page/192810,https://lol.fandom.com/wiki/Special:Redirect/file/Perfectionvorelogo_square.png
lp_team_192813,BrawL.NA,BrawL.NA,leaguepedia_cargo,https://lol.fandom.com/wiki/Special:Redirect/page/192813,https://lol.fandom.com/wiki/Special:Redirect/file/BrawL_logo.png
lp_team_192818,BrawL eSports,BrawL eSports,leaguepedia_cargo,https://lol.fandom.com/wiki/Special:Redirect/page/192818,https://lol.fandom.com/wiki/Special:Redirect/file/BrawLlogo_square.png
lp_team_193136,Bullets eSports,Bullets eSports,leaguepedia_cargo,https://lol.fandom.com/wiki/Special:Redirect/page/193136,https://lol.fandom.com/wiki/Special:Redirect/file/Bullets_eSportslogo_square.png
lp_team_193160,Burning Core Toyama,Burning Core Toyama,leaguepedia_cargo,https://lol.fandom.com/wiki/Special:Redirect/page/193160,https://lol.fandom.com/wiki/Special:Redirect/file/Burning_Core_Toyamalogo_profile.png
lp_team_193227,Phoenix1,Phoenix1,leaguepedia_cargo,https://lol.fandom.com/wiki/Special:Redirect/page/193227,https://lol.fandom.com/wiki/Special:Redirect/file/Phoenix1logo_square.png
lp_team_193273,Phoenix Esports,Phoenix Esports,leaguepedia_cargo,https://lol.fandom.com/wiki/Special:Redirect/page/193273,https://lol.fandom.com/wiki/Special:Redirect/file/Phoenix_Esportslogo_profile.png
lp_team_193474,CC Club,CC Club,leaguepedia_cargo,https://lol.fandom.com/wiki/Special:Redirect/page/193474,https://lol.fandom.com/wiki/Special:Redirect/file/CC_Clublogo_profile.png
lp_team_193507,CJ Entus,CJ Entus,leaguepedia_cargo,https://lol.fandom.com/wiki/Special:Redirect/page/193507,https://lol.fandom.com/wiki/Special:Redirect/file/CJ_Entuslogo_square.png
lp_team_193520,CJ Entus Blaze,CJ Entus Blaze,leaguepedia_cargo,https://lol.fandom.com/wiki/Special:Redirect/page/193520,https://lol.fandom.com/wiki/Special:Redirect/file/Cj_entus_blaze_new.png
lp_team_193527,CJ Entus Frost,CJ Entus Frost,leaguepedia_cargo,https://lol.fandom.com/wiki/Special:Redirect/page/193527,https://lol.fandom.com/wiki/Special:Redirect/file/Cj_entus_frost_new.png
lp_team_193553,CLG Academy,CLG Academy,leaguepedia_cargo,https://lol.fandom.com/wiki/Special:Redirect/page/193553,https://lol.fandom.com/wiki/Special:Redirect/file/Counter_Logic_Gaminglogo_profile.png
lp_team_193555,CLG Black,CLG Black,leaguepedia_cargo,https://lol.fandom.com/wiki/Special:Redirect/page/193555,https://lol.fandom.com/wiki/Special:Redirect/file/CLG_Blacklogo_square.png
lp_team_193678,CLUB Activist,CLUB Activist,leaguepedia_cargo,https://lol.fandom.com/wiki/Special:Redirect/page/193678,https://lol.fandom.com/wiki/Special:Redirect/file/Club_ACT.png
lp_team_193681,CNB Infinity,CNB Infinity,leaguepedia_cargo,https://lol.fandom.com/wiki/Special:Redirect/page/193681,https://lol.fandom.com/wiki/Special:Redirect/file/CNB_Infinitylogo_square.png
lp_team_193688,CNB e-Sports Club,CNB e-Sports Club,leaguepedia_cargo,https://lol.fandom.com/wiki/Special:Redirect/page/193688,https://lol.fandom.com/wiki/Special:Redirect/file/CNB_e-Sports_Clublogo_square.png
lp_team_193702,COGnitive Gaming,COGnitive Gaming,leaguepedia_cargo,https://lol.fandom.com/wiki/Special:Redirect/page/193702,https://lol.fandom.com/wiki/Special:Redirect/file/COG_Logo.png
lp_team_193705,CPLAY,CPLAY,leaguepedia_cargo,https://lol.fandom.com/wiki/Special:Redirect/page/193705,https://lol.fandom.com/wiki/Special:Redirect/file/COREPLAYlogo_square.png
lp_team_193718,CSG Gaming,CSG Gaming,leaguepedia_cargo,https://lol.fandom.com/wiki/Special:Redirect/page/193718,https://lol.fandom.com/wiki/Special:Redirect/file/CSG_Gaminglogo_square.png
lp_team_193732,CTU Pathos,CTU Pathos,leaguepedia_cargo,https://lol.fandom.com/wiki/Special:Redirect/page/193732,https://lol.fandom.com/wiki/Special:Redirect/file/CTU_logo2.png
lp_team_193805,Call Gaming,Call Gaming,leaguepedia_cargo,https://lol.fandom.com/wiki/Special:Redirect/page/193805,https://lol.fandom.com/wiki/Special:Redirect/file/Call_Gaminglogo_square.png
lp_team_193920,Planetkey Dynamics,Planetkey Dynamics,leaguepedia_cargo,https://lol.fandom.com/wiki/Special:Redirect/page/193920,https://lol.fandom.com/wiki/Special:Redirect/file/Planetkey_Dynamicslogo_square.png
lp_team_193941,Carpe Diem,Carpe Diem,leaguepedia_cargo,https://lol.fandom.com/wiki/Special:Redirect/page/193941,https://lol.fandom.com/wiki/Special:Redirect/file/Carpe_Diem.png
lp_team_193974,PlayArt Gaming,PlayArt Gaming,leaguepedia_cargo,https://lol.fandom.com/wiki/Special:Redirect/page/193974,https://lol.fandom.com/wiki/Special:Redirect/file/PlayArt_Gaming.jpg
lp_team_193984,Play Again,Play Again,leaguepedia_cargo,https://lol.fandom.com/wiki/Special:Redirect/page/193984,https://lol.fandom.com/wiki/Special:Redirect/file/Play_Againlogo_square.png
lp_team_194030,Playing Ducks,Playing Ducks,leaguepedia_cargo,https://lol.fandom.com/wiki/Special:Redirect/page/194030,https://lol.fandom.com/wiki/Special:Redirect/file/Playing_Duckslogo_square.png
lp_team_194037,Playing Ducks Europe,Playing Ducks Europe,leaguepedia_cargo,https://lol.fandom.com/wiki/Special:Redirect/page/194037,https://lol.fandom.com/wiki/Special:Redirect/file/Playing_Ducks.jpg
lp_team_194048,CenturySoft,CenturySoft,leaguepedia_cargo,https://lol.fandom.com/wiki/Special:Redirect/page/194048,https://lol.fandom.com/wiki/Special:Redirect/file/CenturySoftlogo_square.png
lp_team_194055,Cerberus e-Sports Club,Cerberus e-Sports Club,leaguepedia_cargo,https://lol.fandom.com/wiki/Special:Redirect/page/194055,https://lol.fandom.com/wiki/Special:Redirect/file/cerberusclubquare.png
lp_team_194204,7more7 Pompa Team,7more7 Pompa Team,leaguepedia_cargo,https://lol.fandom.com/wiki/Special:Redirect/page/194204,https://lol.fandom.com/wiki/Special:Redirect/file/7more7_Pompa_Teamlogo_square.png
lp_team_194205,Pondok Gaming,Pondok Gaming,leaguepedia_cargo,https://lol.fandom.com/wiki/Special:Redirect/page/194205,https://lol.fandom.com/wiki/Special:Redirect/file/Pondok_Gaminglogo_square.png
lp_team_194301,Positive Energy,Positive Energy,leaguepedia_cargo,https://lol.fandom.com/wiki/Special:Redirect/page/194301,https://lol.fandom.com/wiki/Special:Redirect/file/Positive_Energylogo_profile.png
lp_team_194315,Power Team Sports,Power Team Sports,leaguepedia_cargo,https://lol.fandom.com/wiki/Special:Redirect/page/194315,https://lol.fandom.com/wiki/Special:Redirect/file/Power_Team_Sportslogo_square.png
lp_team_194350,Predators Esports,Predators Esports,leaguepedia_cargo,https://lol.fandom.com/wiki/Special:Redirect/page/194350,https://lol.fandom.com/wiki/Special:Redirect/file/Predators_Esportslogo_square.png
lp_team_194367,PrideFC,PrideFC,leaguepedia_cargo,https://lol.fandom.com/wiki/Special:Redirect/page/194367,https://lol.fandom.com/wiki/Special:Redirect/file/PrideFC.jpg
lp_team_194384,Prime Clan,Prime Clan,leaguepedia_cargo,https://lol.fandom.com/wiki/Special:Redirect/page/194384,https://lol.fandom.com/wiki/Special:Redirect/file/Prime_Clanlogo_square.png
lp_team_194389,Prime Optimus,Prime Optimus,leaguepedia_cargo,https://lol.fandom.com/wiki/Special:Redirect/page/194389,https://lol.fandom.com/wiki/Special:Redirect/file/Prime_Clanlogo_square.png
lp_team_194397,ProGaming Esports,ProGaming Esports,leaguepedia_cargo,https://lol.fandom.com/wiki/Special:Redirect/page/194397,https://lol.fandom.com/wiki/Special:Redirect/file/ProGaming_Esportslogo_square.png
lp_team_194423,Project Conquerors,Project Conquerors,leaguepedia_cargo,https://lol.fandom.com/wiki/Special:Redirect/page/194423,https://lol.fandom.com/wiki/Special:Redirect/file/Project_Conquerorslogo_square.png
lp_team_194488,Pulse Esports,Pulse Esports,leaguepedia_cargo,https://lol.fandom.com/wiki/Special:Redirect/page/194488,https://lol.fandom.com/wiki/Special:Redirect/file/Pulse_Esportslogo_profile.png
lp_team_194495,PunchLine Esport Club,PunchLine Esport Club,leaguepedia_cargo,https://lol.fandom.com/wiki/Special:Redirect/page/194495,https://lol.fandom.com/wiki/Special:Redirect/file/logo_pline_hd.jpg
lp_team_194517,Purple Haze Gaming,Purple Haze Gaming,leaguepedia_cargo,https://lol.fandom.com/wiki/Special:Redirect/page/194517,https://lol.fandom.com/wiki/Special:Redirect/file/Purple_Haze_Gaminglogo_square.png
lp_team_194542,QG Reapers,QG Reapers,leaguepedia_cargo,https://lol.fandom.com/wiki/Special:Redirect/page/194542,https://lol.fandom.com/wiki/Special:Redirect/file/QG_Reaperslogo_square.png
lp_team_194567,Qiao Gu Reapers,Qiao Gu Reapers,leaguepedia_cargo,https://lol.fandom.com/wiki/Special:Redirect/page/194567,https://lol.fandom.com/wiki/Special:Redirect/file/Qiao_Gu_Reaperslogo_square.png
lp_team_194593,Quantic Gaming,Quantic Gaming,leaguepedia_cargo,https://lol.fandom.com/wiki/Special:Redirect/page/194593,https://lol.fandom.com/wiki/Special:Redirect/file/QuanticGamingLogo.png
lp_team_194624,Quvic E-Sports,Quvic E-Sports,leaguepedia_cargo,https://lol.fandom.com/wiki/Special:Redirect/page/194624,https://lol.fandom.com/wiki/Special:Redirect/file/Quvic_E-Sportslogo_square.png
lp_team_194630,RCTIC eSports,RCTIC eSports,leaguepedia_cargo,https://lol.fandom.com/wiki/Special:Redirect/page/194630,https://lol.fandom.com/wiki/Special:Redirect/file/RCTIC_eSportslogo_square.png
lp_team_194638,RED Canids,RED Canids,leaguepedia_cargo,https://lol.fandom.com/wiki/Special:Redirect/page/194638,https://lol.fandom.com/wiki/Special:Redirect/file/RED_Canidslogo_profile.png
lp_team_194655,RFLX Gaming,RFLX Gaming,leaguepedia_cargo,https://lol.fandom.com/wiki/Special:Redirect/page/194655,https://lol.fandom.com/wiki/Special:Redirect/file/Rflxlogo.png
lp_team_194671,RMA e-Sports,RMA e-Sports,leaguepedia_cargo,https://lol.fandom.com/wiki/Special:Redirect/page/194671,https://lol.fandom.com/wiki/Special:Redirect/file/rma.png
lp_team_194688,ROX Tigers,ROX Tigers,leaguepedia_cargo,https://lol.fandom.com/wiki/Special:Redirect/page/194688,https://lol.fandom.com/wiki/Special:Redirect/file/ROX_Tigerslogo_square.png
lp_team_194697,RUDE GAME e-Sports,RUDE GAME e-Sports,leaguepedia_cargo,https://lol.fandom.com/wiki/Special:Redirect/page/194697,https://lol.fandom.com/wiki/Special:Redirect/file/RUDE_GAMElogo_square.png
lp_team_194712,RabbitFive,RabbitFive,leaguepedia_cargo,https://lol.fandom.com/wiki/Special:Redirect/page/194712,https://lol.fandom.com/wiki/Special:Redirect/file/Det_RF_logo_no_background.png
lp_team_194784,Raise Gaming,Raise Gaming,leaguepedia_cargo,https://lol.fandom.com/wiki/Special:Redirect/page/194784,https://lol.fandom.com/wiki/Special:Redirect/file/Raise_Gaminglogo_square.png
lp_team_194819,Rampage,Rampage,leaguepedia_cargo,https://lol.fandom.com/wiki/Special:Redirect/page/194819,https://lol.fandom.com/wiki/Special:Redirect/file/Rampagelogo_profile.png
lp_team_194871,Rascal Jester,Rascal Jester,leaguepedia_cargo,https://lol.fandom.com/wiki/Special:Redirect/page/194871,https://lol.fandom.com/wiki/Special:Redirect/file/Rascal_Jesterlogo_profile.png
lp_team_194909,Rayunion,Rayunion,leaguepedia_cargo,https://lol.fandom.com/wiki/Special:Redirect/page/194909,https://lol.fandom.com/wiki/Special:Redirect/file/Ray_logo.png
lp_team_194942,Reason Gaming,Reason Gaming,leaguepedia_cargo,https://lol.fandom.com/wiki/Special:Redirect/page/194942,https://lol.fandom.com/wiki/Special:Redirect/file/ReasonGamingLogo.png
lp_team_194947,Rebels Anarchy,Rebels Anarchy,leaguepedia_cargo,https://lol.fandom.com/wiki/Special:Redirect/page/194947,https://lol.fandom.com/wiki/Special:Redirect/file/ANC_logo_new.png
lp_team_194949,Rebirth eSports,Rebirth eSports,leaguepedia_cargo,https://lol.fandom.com/wiki/Special:Redirect/page/194949,https://lol.fandom.com/wiki/Special:Redirect/file/Rebirth_eSportslogo_square.png
lp_team_194972,Red Arrows Team,Red Arrows Team,leaguepedia_cargo,https://lol.fandom.com/wiki/Special:Redirect/page/194972,https://lol.fandom.com/wiki/Special:Redirect/file/Red_Arrows_Teamlogo_square.png
lp_team_194975,Red Bulls,Red Bulls,leaguepedia_cargo,https://lol.fandom.com/wiki/Special:Redirect/page/194975,https://lol.fandom.com/wiki/Special:Redirect/file/Red_Bullslogo_square.png
lp_team_195007,Fire Dragoon Esports,Fire Dragoon Esports,leaguepedia_cargo,https://lol.fandom.com/wiki/Special:Redirect/page/195007,https://lol.fandom.com/wiki/Special:Redirect/file/Fire_Dragoon_Newtext_square.png
lp_team_195014,Reign,Reign,leaguepedia_cargo,https://lol.fandom.com/wiki/Special:Redirect/page/195014,https://lol.fandom.com/wiki/Special:Redirect/file/Reign_Profile.png
lp_team_195083,Renegades,Renegades,leaguepedia_cargo,https://lol.fandom.com/wiki/Special:Redirect/page/195083,https://lol.fandom.com/wiki/Special:Redirect/file/Renegadeslogo_square.png
lp_team_195088,Renegades: Banditos,Renegades: Banditos,leaguepedia_cargo,https://lol.fandom.com/wiki/Special:Redirect/page/195088,https://lol.fandom.com/wiki/Special:Redirect/file/Renegades%3A_Banditoslogo_square.png
lp_team_195094,Renegades of Hell,Renegades of Hell,leaguepedia_cargo,https://lol.fandom.com/wiki/Special:Redirect/page/195094,https://lol.fandom.com/wiki/Special:Redirect/file/Renegades_of_Helllogo_square.png
lp_team_195130,Rest In Pepperonis,Rest In Pepperonis,leaguepedia_cargo,https://lol.fandom.com/wiki/Special:Redirect/page/195130,https://lol.fandom.com/wiki/Special:Redirect/file/Unknown_Infobox_Image_-_Team.png
lp_team_195141,Revenge eSports,Revenge eSports,leaguepedia_cargo,https://lol.fandom.com/wiki/Special:Redirect/page/195141,https://lol.fandom.com/wiki/Special:Redirect/file/Revenge_eSportslogo_square.png
lp_team_195146,Revenger,Revenger,leaguepedia_cargo,https://lol.fandom.com/wiki/Special:Redirect/page/195146,https://lol.fandom.com/wiki/Special:Redirect/file/Revengerlogo_square.png
lp_team_195155,Revolt Gentlemen E-Sports Club EUNE,Revolt Gentlemen E-Sports Club EUNE,leaguepedia_cargo,https://lol.fandom.com/wiki/Special:Redirect/page/195155,https://lol.fandom.com/wiki/Special:Redirect/file/RGESC.jpg
lp_team_195156,Revolt Gentlemen E-Sports Club EUW,Revolt Gentlemen E-Sports Club EUW,leaguepedia_cargo,https://lol.fandom.com/wiki/Special:Redirect/page/195156,https://lol.fandom.com/wiki/Special:Redirect/file/RGESC.jpg
lp_team_195194,Rich Gang,Rich Gang,leaguepedia_cargo,https://lol.fandom.com/wiki/Special:Redirect/page/195194,https://lol.fandom.com/wiki/Special:Redirect/file/RICHGANG.png
lp_team_195204,Riddle Esports,Riddle Esports,leaguepedia_cargo,https://lol.fandom.com/wiki/Special:Redirect/page/195204,https://lol.fandom.com/wiki/Special:Redirect/file/Riddle_Esportslogo_square.png
lp_team_196286,RisingStars Gaming,RisingStars Gaming,leaguepedia_cargo,https://lol.fandom.com/wiki/Special:Redirect/page/196286,https://lol.fandom.com/wiki/Special:Redirect/file/Rising_Stars.png
lp_team_196287,Rising SuperStar Gaming,Rising SuperStar Gaming,leaguepedia_cargo,https://lol.fandom.com/wiki/Special:Redirect/page/196287,https://lol.fandom.com/wiki/Special:Redirect/file/Rising_SuperStar_Gaminglogo_square.png
lp_team_196330,RoX,RoX,leaguepedia_cargo,https://lol.fandom.com/wiki/Special:Redirect/page/196330,https://lol.fandom.com/wiki/Special:Redirect/file/RoX_%282014_CIS_Team%29logo_square.png
lp_team_196350,Roar,Roar,leaguepedia_cargo,https://lol.fandom.com/wiki/Special:Redirect/page/196350,https://lol.fandom.com/wiki/Special:Redirect/file/Roar_%28Chinese_Team%29logo_square.png
lp_team_196371,Robot E-Sports Team,Robot E-Sports Team,leaguepedia_cargo,https://lol.fandom.com/wiki/Special:Redirect/page/196371,https://lol.fandom.com/wiki/Special:Redirect/file/Robot_E-Sports_Teamlogo_square.png
lp_team_196382,Rock Solid,Rock Solid,leaguepedia_cargo,https://lol.fandom.com/wiki/Special:Redirect/page/196382,https://lol.fandom.com/wiki/Special:Redirect/file/R_S_logo.jpeg
lp_team_196437,Roughnex,Roughnex,leaguepedia_cargo,https://lol.fandom.com/wiki/Special:Redirect/page/196437,https://lol.fandom.com/wiki/Special:Redirect/file/RNX-Logo2.png
lp_team_196450,Royal Club,Royal Club,leaguepedia_cargo,https://lol.fandom.com/wiki/Special:Redirect/page/196450,https://lol.fandom.com/wiki/Special:Redirect/file/Royal_Clublogo_profile.png
lp_team_196460,Royal Club Tian Ci (天赐),Royal Club Tian Ci (天赐),leaguepedia_cargo,https://lol.fandom.com/wiki/Special:Redirect/page/196460,https://lol.fandom.com/wiki/Special:Redirect/file/Royal_Club_Tian_Cilogo_profile.png
lp_team_196462,Royal Never Give Up,Royal Never Give Up,leaguepedia_cargo,https://lol.fandom.com/wiki/Special:Redirect/page/196462,https://lol.fandom.com/wiki/Special:Redirect/file/Royal_Never_Give_Uplogo_profile.png
lp_team_196469,Royal Paladin eSports,Royal Paladin eSports,leaguepedia_cargo,https://lol.fandom.com/wiki/Special:Redirect/page/196469,https://lol.fandom.com/wiki/Special:Redirect/file/Royal_Paladin_eSportslogo_square.png
lp_team_196470,Royal Paladin Eclipse,Royal Paladin Eclipse,leaguepedia_cargo,https://lol.fandom.com/wiki/Special:Redirect/page/196470,https://lol.fandom.com/wiki/Special:Redirect/file/Royal_Paladin_eSports_Eclipselogo_square.png
lp_team_196476,RtN Gaming,RtN Gaming,leaguepedia_cargo,https://lol.fandom.com/wiki/Special:Redirect/page/196476,https://lol.fandom.com/wiki/Special:Redirect/file/RtN_Gaminglogo_square.png
lp_team_196531,Russian Force,Russian Force,leaguepedia_cargo,https://lol.fandom.com/wiki/Special:Redirect/page/196531,https://lol.fandom.com/wiki/Special:Redirect/file/RF_logo.png
lp_team_196685,SBENU Korea,SBENU Korea,leaguepedia_cargo,https://lol.fandom.com/wiki/Special:Redirect/page/196685,https://lol.fandom.com/wiki/Special:Redirect/file/SBENU_logo.png
lp_team_196707,SCARZ,SCARZ,leaguepedia_cargo,https://lol.fandom.com/wiki/Special:Redirect/page/196707,https://lol.fandom.com/wiki/Special:Redirect/file/SCARZlogo_square.png
lp_team_196713,SEA Serpents,SEA Serpents,leaguepedia_cargo,https://lol.fandom.com/wiki/Special:Redirect/page/196713,https://lol.fandom.com/wiki/Special:Redirect/file/SEA-Serpents.png
lp_team_196746,SK Gaming,SK Gaming,leaguepedia_cargo,https://lol.fandom.com/wiki/Special:Redirect/page/196746,https://lol.fandom.com/wiki/Special:Redirect/file/SK_Gaminglogo_profile.png
lp_team_196756,SK Gaming Prime,SK Gaming Prime,leaguepedia_cargo,https://lol.fandom.com/wiki/Special:Redirect/page/196756,https://lol.fandom.com/wiki/Special:Redirect/file/SK_Gaminglogo_profile.png
lp_team_196774,SK Telecom T1,SK Telecom T1,leaguepedia_cargo,https://lol.fandom.com/wiki/Special:Redirect/page/196774,https://lol.fandom.com/wiki/Special:Redirect/file/SK_Telecom_T1logo_square.png
lp_team_196785,SK Telecom T1 K,SK Telecom T1 K,leaguepedia_cargo,https://lol.fandom.com/wiki/Special:Redirect/page/196785,https://lol.fandom.com/wiki/Special:Redirect/file/Sktt1_k_new.png
lp_team_196791,SK Telecom T1 S,SK Telecom T1 S,leaguepedia_cargo,https://lol.fandom.com/wiki/Special:Redirect/page/196791,https://lol.fandom.com/wiki/Special:Redirect/file/Sktt1_s_new.png
lp_team_196926,SNOGARD Dragons,SNOGARD Dragons,leaguepedia_cargo,https://lol.fandom.com/wiki/Special:Redirect/page/196926,https://lol.fandom.com/wiki/Special:Redirect/file/SNOGARD_Dragonslogo_square.png
lp_team_196950,SQUARE,SQUARE,leaguepedia_cargo,https://lol.fandom.com/wiki/Special:Redirect/page/196950,https://lol.fandom.com/wiki/Special:Redirect/file/SQUARE_%28Korean_Team%29logo_square.png
lp_team_196976,SUPA HOT CREW,SUPA HOT CREW,leaguepedia_cargo,https://lol.fandom.com/wiki/Special:Redirect/page/196976,https://lol.fandom.com/wiki/Special:Redirect/file/SHCLogo.png
lp_team_197033,Saigon Fantastic Five,Saigon Fantastic Five,leaguepedia_cargo,https://lol.fandom.com/wiki/Special:Redirect/page/197033,https://lol.fandom.com/wiki/Special:Redirect/file/SF5_new_logo.png
lp_team_197034,Saigon Jokers,Saigon Jokers,leaguepedia_cargo,https://lol.fandom.com/wiki/Special:Redirect/page/197034,https://lol.fandom.com/wiki/Special:Redirect/file/SAJ_logo.png
lp_team_197044,Saigon Mongaming,Saigon Mongaming,leaguepedia_cargo,https://lol.fandom.com/wiki/Special:Redirect/page/197044,https://lol.fandom.com/wiki/Special:Redirect/file/Saigon_Mongaminglogo_square.png
lp_team_197046,Saikyo Makinyan,Saikyo Makinyan,leaguepedia_cargo,https://lol.fandom.com/wiki/Special:Redirect/page/197046,https://lol.fandom.com/wiki/Special:Redirect/file/Saikyo_Makinyanlogo_square.png
lp_team_197052,Saint Gaming,Saint Gaming,leaguepedia_cargo,https://lol.fandom.com/wiki/Special:Redirect/page/197052,https://lol.fandom.com/wiki/Special:Redirect/file/Saintlogo_square.png
lp_team_197076,Salade Tomate Oignon,Salade Tomate Oignon,leaguepedia_cargo,https://lol.fandom.com/wiki/Special:Redirect/page/197076,https://lol.fandom.com/wiki/Special:Redirect/file/Salade_Tomate_Oignonlogo_square.png
lp_team_197080,Salvage Javelin,Salvage Javelin,leaguepedia_cargo,https://lol.fandom.com/wiki/Special:Redirect/page/197080,https://lol.fandom.com/wiki/Special:Redirect/file/SJ_logo.png
lp_team_197082,Samadder Gaming,Samadder Gaming,leaguepedia_cargo,https://lol.fandom.com/wiki/Special:Redirect/page/197082,https://lol.fandom.com/wiki/Special:Redirect/file/Samadder_Gaminglogo_square.png
lp_team_197084,Sample Text,Sample Text,leaguepedia_cargo,https://lol.fandom.com/wiki/Special:Redirect/page/197084,https://lol.fandom.com/wiki/Special:Redirect/file/Sample_Textlogo_square.png
lp_team_197086,Samsung Blue,Samsung Blue,leaguepedia_cargo,https://lol.fandom.com/wiki/Special:Redirect/page/197086,https://lol.fandom.com/wiki/Special:Redirect/file/Samsung_Bluelogo_profile.png
lp_team_197091,Samsung Galaxy,Samsung Galaxy,leaguepedia_cargo,https://lol.fandom.com/wiki/Special:Redirect/page/197091,https://lol.fandom.com/wiki/Special:Redirect/file/Samsung_Galaxylogo_profile.png
lp_team_197102,Samsung White,Samsung White,leaguepedia_cargo,https://lol.fandom.com/wiki/Special:Redirect/page/197102,https://lol.fandom.com/wiki/Special:Redirect/file/Samsung_Whitelogo_profile.png
lp_team_197106,Samurai in Jeans,Samurai in Jeans,leaguepedia_cargo,https://lol.fandom.com/wiki/Special:Redirect/page/197106,https://lol.fandom.com/wiki/Special:Redirect/file/Unknown_Infobox_Image_-_Team.png
lp_team_197141,Santos Dexterity,Santos Dexterity,leaguepedia_cargo,https://lol.fandom.com/wiki/Special:Redirect/page/197141,https://lol.fandom.com/wiki/Special:Redirect/file/Santos_dex.png
lp_team_197165,Satori,Satori,leaguepedia_cargo,https://lol.fandom.com/wiki/Special:Redirect/page/197165,https://lol.fandom.com/wiki/Special:Redirect/file/Satorilogo_square.png
lp_team_197166,Satori Red,Satori Red,leaguepedia_cargo,https://lol.fandom.com/wiki/Special:Redirect/page/197166,https://lol.fandom.com/wiki/Special:Redirect/file/Satorilogo_square.png
lp_team_197255,Se Loco Cachorreira,Se Loco Cachorreira,leaguepedia_cargo,https://lol.fandom.com/wiki/Special:Redirect/page/197255,https://lol.fandom.com/wiki/Special:Redirect/file/SLC_Logo.png
lp_team_197259,Seagate Hope,Seagate Hope,leaguepedia_cargo,https://lol.fandom.com/wiki/Special:Redirect/page/197259,https://lol.fandom.com/wiki/Special:Redirect/file/SG_Hope_logo.png
lp_team_197490,Sentinels ESC,Sentinels ESC,leaguepedia_cargo,https://lol.fandom.com/wiki/Special:Redirect/page/197490,https://lol.fandom.com/wiki/Special:Redirect/file/Sentinels_Esports_Clublogo_square.png
lp_team_197514,Serena Five,Serena Five,leaguepedia_cargo,https://lol.fandom.com/wiki/Special:Redirect/page/197514,https://lol.fandom.com/wiki/Special:Redirect/file/Serena_Fivelogo_square.png
lp_team_197529,Seven Wars Lyon,Seven Wars Lyon,leaguepedia_cargo,https://lol.fandom.com/wiki/Special:Redirect/page/197529,https://lol.fandom.com/wiki/Special:Redirect/file/Seven_Wars_e-Sportslogo_square.png
lp_team_197530,Seven Wars e-Sports,Seven Wars e-Sports,leaguepedia_cargo,https://lol.fandom.com/wiki/Special:Redirect/page/197530,https://lol.fandom.com/wiki/Special:Redirect/file/Seven_Wars_e-Sportslogo_square.png
lp_team_197672,ShowTime,ShowTime,leaguepedia_cargo,https://lol.fandom.com/wiki/Special:Redirect/page/197672,https://lol.fandom.com/wiki/Special:Redirect/file/ShowTimelogo_profile.png
lp_team_197716,Sick Ducks,Sick Ducks,leaguepedia_cargo,https://lol.fandom.com/wiki/Special:Redirect/page/197716,https://lol.fandom.com/wiki/Special:Redirect/file/Sick_Ducks_Logo.jpg
lp_team_197732,Silver Crows,Silver Crows,leaguepedia_cargo,https://lol.fandom.com/wiki/Special:Redirect/page/197732,https://lol.fandom.com/wiki/Special:Redirect/file/Silver_Crowslogo_square.png
lp_team_197740,Sin Gaming,Sin Gaming,leaguepedia_cargo,https://lol.fandom.com/wiki/Special:Redirect/page/197740,https://lol.fandom.com/wiki/Special:Redirect/file/Sin_Gaminglogo_square.png
lp_team_197748,Singapore Sentinels,Singapore Sentinels,leaguepedia_cargo,https://lol.fandom.com/wiki/Special:Redirect/page/197748,https://lol.fandom.com/wiki/Special:Redirect/file/Sgs_logo.png
lp_team_197762,Sinners Never Sleep,Sinners Never Sleep,leaguepedia_cargo,https://lol.fandom.com/wiki/Special:Redirect/page/197762,https://lol.fandom.com/wiki/Special:Redirect/file/Sinners_Never_sleepuu.png
lp_team_197956,Smoking Hot Candies,Smoking Hot Candies,leaguepedia_cargo,https://lol.fandom.com/wiki/Special:Redirect/page/197956,https://lol.fandom.com/wiki/Special:Redirect/file/SHCS_logo.png
lp_team_197984,Snake Esports,Snake Esports,leaguepedia_cargo,https://lol.fandom.com/wiki/Special:Redirect/page/197984,https://lol.fandom.com/wiki/Special:Redirect/file/Snake_logo_1000.png
lp_team_197988,Snake Honor Esports,Snake Honor Esports,leaguepedia_cargo,https://lol.fandom.com/wiki/Special:Redirect/page/197988,https://lol.fandom.com/wiki/Special:Redirect/file/SHE_logo.png
lp_team_198064,S.W.A.G.,S.W.A.G.,leaguepedia_cargo,https://lol.fandom.com/wiki/Special:Redirect/page/198064,https://lol.fandom.com/wiki/Special:Redirect/file/SWAG_URF_Logo.png
lp_team_198078,SolarWind,SolarWind,leaguepedia_cargo,https://lol.fandom.com/wiki/Special:Redirect/page/198078,https://lol.fandom.com/wiki/Special:Redirect/file/SolarWind_Logo.png
lp_team_198279,Sovereign,Sovereign,leaguepedia_cargo,https://lol.fandom.com/wiki/Special:Redirect/page/198279,https://lol.fandom.com/wiki/Special:Redirect/file/Sovereignlogo_square.png
lp_team_198280,Sovereign Black,Sovereign Black,leaguepedia_cargo,https://lol.fandom.com/wiki/Special:Redirect/page/198280,https://lol.fandom.com/wiki/Special:Redirect/file/Sovereign_Blacklogo_square.png
lp_team_198292,Space eSports,Space eSports,leaguepedia_cargo,https://lol.fandom.com/wiki/Special:Redirect/page/198292,https://lol.fandom.com/wiki/Special:Redirect/file/Space_eSportslogo_square.png
lp_team_198334,Splyce,Splyce,leaguepedia_cargo,https://lol.fandom.com/wiki/Special:Redirect/page/198334,https://lol.fandom.com/wiki/Special:Redirect/file/Splycelogo_square.png
lp_team_198391,Spy Dolphins,Spy Dolphins,leaguepedia_cargo,https://lol.fandom.com/wiki/Special:Redirect/page/198391,https://lol.fandom.com/wiki/Special:Redirect/file/Spy_Dolphinslogo_square.png
lp_team_198395,Square Duck,Square Duck,leaguepedia_cargo,https://lol.fandom.com/wiki/Special:Redirect/page/198395,https://lol.fandom.com/wiki/Special:Redirect/file/Unknown_Infobox_Image_-_Team.png
lp_team_198424,Stand Point Gaming,Stand Point Gaming,leaguepedia_cargo,https://lol.fandom.com/wiki/Special:Redirect/page/198424,https://lol.fandom.com/wiki/Special:Redirect/file/SPG_logo.png
lp_team_198435,StarTale,StarTale,leaguepedia_cargo,https://lol.fandom.com/wiki/Special:Redirect/page/198435,https://lol.fandom.com/wiki/Special:Redirect/file/StarTalelogo_square.png
lp_team_198442,Stardust,Stardust,leaguepedia_cargo,https://lol.fandom.com/wiki/Special:Redirect/page/198442,https://lol.fandom.com/wiki/Special:Redirect/file/Stardust_%28Korean_Team%29logo_profile.png
lp_team_198527,Steve Bakes Cookies,Steve Bakes Cookies,leaguepedia_cargo,https://lol.fandom.com/wiki/Special:Redirect/page/198527,https://lol.fandom.com/wiki/Special:Redirect/file/Unknown_Infobox_Image_-_Team.png
lp_team_198561,Storm,Storm,leaguepedia_cargo,https://lol.fandom.com/wiki/Special:Redirect/page/198561,https://lol.fandom.com/wiki/Special:Redirect/file/Stormlogo_square.png
lp_team_198565,Storm Games Clan,Storm Games Clan,leaguepedia_cargo,https://lol.fandom.com/wiki/Special:Redirect/page/198565,https://lol.fandom.com/wiki/Special:Redirect/file/SGC.jpg
lp_team_198615,Submarines,Submarines,leaguepedia_cargo,https://lol.fandom.com/wiki/Special:Redirect/page/198615,https://lol.fandom.com/wiki/Special:Redirect/file/Submarineslogo_square.png
lp_team_198619,Sudden Fear,Sudden Fear,leaguepedia_cargo,https://lol.fandom.com/wiki/Special:Redirect/page/198619,https://lol.fandom.com/wiki/Special:Redirect/file/SF_logo.png
lp_team_198671,Suning,Suning,leaguepedia_cargo,https://lol.fandom.com/wiki/Special:Redirect/page/198671,https://lol.fandom.com/wiki/Special:Redirect/file/SN_Gaminglogo_square.png
lp_team_198690,SuperHype Gaming,SuperHype Gaming,leaguepedia_cargo,https://lol.fandom.com/wiki/Special:Redirect/page/198690,https://lol.fandom.com/wiki/Special:Redirect/file/SuperHype_Gaminglogo_square.png
lp_team_198692,SuperMassive TNG,SuperMassive TNG,leaguepedia_cargo,https://lol.fandom.com/wiki/Special:Redirect/page/198692,https://lol.fandom.com/wiki/Special:Redirect/file/SuperMassive_TNGlogo_square.png
lp_team_198693,Papara SuperMassive,Papara SuperMassive,leaguepedia_cargo,https://lol.fandom.com/wiki/Special:Redirect/page/198693,https://lol.fandom.com/wiki/Special:Redirect/file/Papara_SuperMassivelogo_profile.png
lp_team_198699,SuperStar,SuperStar,leaguepedia_cargo,https://lol.fandom.com/wiki/Special:Redirect/page/198699,https://lol.fandom.com/wiki/Special:Redirect/file/SmallSS.gif
lp_team_198841,MY STAR,MY STAR,leaguepedia_cargo,https://lol.fandom.com/wiki/Special:Redirect/page/198841,https://lol.fandom.com/wiki/Special:Redirect/file/MY_STARlogo_square.png
lp_team_198846,T.Bear Gaming,T.Bear Gaming,leaguepedia_cargo,https://lol.fandom.com/wiki/Special:Redirect/page/198846,https://lol.fandom.com/wiki/Special:Redirect/file/T.Bear_Gaminglogo_square.png
lp_team_199012,TCM Gaming,TCM Gaming,leaguepedia_cargo,https://lol.fandom.com/wiki/Special:Redirect/page/199012,https://lol.fandom.com/wiki/Special:Redirect/file/TCM_Gaminglogo_square.png
lp_team_199017,TEAM4NOT,TEAM4NOT,leaguepedia_cargo,https://lol.fandom.com/wiki/Special:Redirect/page/199017,https://lol.fandom.com/wiki/Special:Redirect/file/4Nothinglogo_square.png
lp_team_199018,TEAM4NOT,TEAM4NOT,leaguepedia_cargo,https://lol.fandom.com/wiki/Special:Redirect/page/199018,https://lol.fandom.com/wiki/Special:Redirect/file/4Nothinglogo_square.png
lp_team_199040,TITANS ESPORTS,TITANS ESPORTS,leaguepedia_cargo,https://lol.fandom.com/wiki/Special:Redirect/page/199040,https://lol.fandom.com/wiki/Special:Redirect/file/Titanse.png
lp_team_199113,TSM Darkness,TSM Darkness,leaguepedia_cargo,https://lol.fandom.com/wiki/Special:Redirect/page/199113,https://lol.fandom.com/wiki/Special:Redirect/file/TSM_Logo.jpg
lp_team_199127,TWOTWOEIGHT,TWOTWOEIGHT,leaguepedia_cargo,https://lol.fandom.com/wiki/Special:Redirect/page/199127,https://lol.fandom.com/wiki/Special:Redirect/file/TWOTWOEIGHTlogo_square.png
lp_team_199132,T Show,T Show,leaguepedia_cargo,https://lol.fandom.com/wiki/Special:Redirect/page/199132,https://lol.fandom.com/wiki/Special:Redirect/file/T_Showlogo_square.png
lp_team_199181,Tainted Minds,Tainted Minds,leaguepedia_cargo,https://lol.fandom.com/wiki/Special:Redirect/page/199181,https://lol.fandom.com/wiki/Special:Redirect/file/Tainted_Mindslogo_old.png
lp_team_199186,Taipei Assassins,Taipei Assassins,leaguepedia_cargo,https://lol.fandom.com/wiki/Special:Redirect/page/199186,https://lol.fandom.com/wiki/Special:Redirect/file/Tpa_logo.png
lp_team_199193,Taipei Berserkers,Taipei Berserkers,leaguepedia_cargo,https://lol.fandom.com/wiki/Special:Redirect/page/199193,https://lol.fandom.com/wiki/Special:Redirect/file/Taipei_Berserkerslogo_square.png
lp_team_199194,Taipei Snipers,Taipei Snipers,leaguepedia_cargo,https://lol.fandom.com/wiki/Special:Redirect/page/199194,https://lol.fandom.com/wiki/Special:Redirect/file/Taipei_Sniperslogo_square.png
lp_team_199795,Tan Chi Sa Gaming,Tan Chi Sa Gaming,leaguepedia_cargo,https://lol.fandom.com/wiki/Special:Redirect/page/199795,https://lol.fandom.com/wiki/Special:Redirect/file/TCSlogo_square.png
lp_team_199891,Tatoo,Tatoo,leaguepedia_cargo,https://lol.fandom.com/wiki/Special:Redirect/page/199891,https://lol.fandom.com/wiki/Special:Redirect/file/Tatoo_Logo.png
lp_team_199943,LDLC OL,LDLC OL,leaguepedia_cargo,https://lol.fandom.com/wiki/Special:Redirect/page/199943,https://lol.fandom.com/wiki/Special:Redirect/file/LDLC_OLlogo_profile.png
lp_team_199953,TeamHopeLess,TeamHopeLess,leaguepedia_cargo,https://lol.fandom.com/wiki/Special:Redirect/page/199953,https://lol.fandom.com/wiki/Special:Redirect/file/THL_logo.png
lp_team_199967,Team 58ers,Team 58ers,leaguepedia_cargo,https://lol.fandom.com/wiki/Special:Redirect/page/199967,https://lol.fandom.com/wiki/Special:Redirect/file/58ers_logo.png
lp_team_199969,Team 8,Team 8,leaguepedia_cargo,https://lol.fandom.com/wiki/Special:Redirect/page/199969,https://lol.fandom.com/wiki/Special:Redirect/file/Team8_logo.png
lp_team_199995,Team ANG,Team ANG,leaguepedia_cargo,https://lol.fandom.com/wiki/Special:Redirect/page/199995,https://lol.fandom.com/wiki/Special:Redirect/file/Team_ANGlogo_square.png
lp_team_199997,Team AURORA,Team AURORA,leaguepedia_cargo,https://lol.fandom.com/wiki/Special:Redirect/page/199997,https://lol.fandom.com/wiki/Special:Redirect/file/Team_AURORAlogo_profile.png
lp_team_200011,Team Acer,Team Acer,leaguepedia_cargo,https://lol.fandom.com/wiki/Special:Redirect/page/200011,https://lol.fandom.com/wiki/Special:Redirect/file/Team_Acerlogo_square.png
lp_team_200023,Team Acer Poland,Team Acer Poland,leaguepedia_cargo,https://lol.fandom.com/wiki/Special:Redirect/page/200023,https://lol.fandom.com/wiki/Special:Redirect/file/Team_Acer_Polandlogo_square.png
lp_team_200033,Team Arena Online,Team Arena Online,leaguepedia_cargo,https://lol.fandom.com/wiki/Special:Redirect/page/200033,https://lol.fandom.com/wiki/Special:Redirect/file/Arena_Online.png
lp_team_200035,Team BLACK,Team BLACK,leaguepedia_cargo,https://lol.fandom.com/wiki/Special:Redirect/page/200035,https://lol.fandom.com/wiki/Special:Redirect/file/Teamblack.png
lp_team_200037,Team BattleComics,Team BattleComics,leaguepedia_cargo,https://lol.fandom.com/wiki/Special:Redirect/page/200037,https://lol.fandom.com/wiki/Special:Redirect/file/Team_BattleComicslogo_square.png
lp_team_200047,Team BlackEye,Team BlackEye,leaguepedia_cargo,https://lol.fandom.com/wiki/Special:Redirect/page/200047,https://lol.fandom.com/wiki/Special:Redirect/file/Team_BlackEyelogo_square.png
lp_team_200059,Team Coast,Team Coast,leaguepedia_cargo,https://lol.fandom.com/wiki/Special:Redirect/page/200059,https://lol.fandom.com/wiki/Special:Redirect/file/Team_Coast.png
lp_team_200077,Team Coast Gold,Team Coast Gold,leaguepedia_cargo,https://lol.fandom.com/wiki/Special:Redirect/page/200077,https://lol.fandom.com/wiki/Special:Redirect/file/Team_Coast.png
lp_team_200081,Team Confusion,Team Confusion,leaguepedia_cargo,https://lol.fandom.com/wiki/Special:Redirect/page/200081,https://lol.fandom.com/wiki/Special:Redirect/file/Unknown_Infobox_Image_-_Team.png
lp_team_200085,Team Corgi,Team Corgi,leaguepedia_cargo,https://lol.fandom.com/wiki/Special:Redirect/page/200085,https://lol.fandom.com/wiki/Special:Redirect/file/Team_Corgi_Logo.png
lp_team_200089,Team Curse,Team Curse,leaguepedia_cargo,https://lol.fandom.com/wiki/Special:Redirect/page/200089,https://lol.fandom.com/wiki/Special:Redirect/file/TeamCurseLogo2014.png
lp_team_200095,Team Curse OCE,Team Curse OCE,leaguepedia_cargo,https://lol.fandom.com/wiki/Special:Redirect/page/200095,https://lol.fandom.com/wiki/Special:Redirect/file/Crslogo.png
lp_team_200101,Team DK,Team DK,leaguepedia_cargo,https://lol.fandom.com/wiki/Special:Redirect/page/200101,https://lol.fandom.com/wiki/Special:Redirect/file/Team_DKlogo_profile.png
lp_team_200103,Team Dark,Team Dark,leaguepedia_cargo,https://lol.fandom.com/wiki/Special:Redirect/page/200103,https://lol.fandom.com/wiki/Special:Redirect/file/Team_Darklogo_square.png
lp_team_200111,Team Differential,Team Differential,leaguepedia_cargo,https://lol.fandom.com/wiki/Special:Redirect/page/200111,https://lol.fandom.com/wiki/Special:Redirect/file/Differentialsquare.png
lp_team_200119,Dignitas,Dignitas,leaguepedia_cargo,https://lol.fandom.com/wiki/Special:Redirect/page/200119,https://lol.fandom.com/wiki/Special:Redirect/file/Dignitaslogo_profile.png
lp_team_200137,Team Dignitas EU,Team Dignitas EU,leaguepedia_cargo,https://lol.fandom.com/wiki/Special:Redirect/page/200137,https://lol.fandom.com/wiki/Special:Redirect/file/Team_DignitasOldlogo_square.png
lp_team_200147,Team Dignitas OCE,Team Dignitas OCE,leaguepedia_cargo,https://lol.fandom.com/wiki/Special:Redirect/page/200147,https://lol.fandom.com/wiki/Special:Redirect/file/Team_DignitasOldlogo_square.png
lp_team_200149,Team Dignitas UK,Team Dignitas UK,leaguepedia_cargo,https://lol.fandom.com/wiki/Special:Redirect/page/200149,https://lol.fandom.com/wiki/Special:Redirect/file/Diglogo.png
lp_team_200155,Team Dragon Knights,Team Dragon Knights,leaguepedia_cargo,https://lol.fandom.com/wiki/Special:Redirect/page/200155,https://lol.fandom.com/wiki/Special:Redirect/file/TDK_logo_2015.jpg
lp_team_200165,Team Dynamic,Team Dynamic,leaguepedia_cargo,https://lol.fandom.com/wiki/Special:Redirect/page/200165,https://lol.fandom.com/wiki/Special:Redirect/file/Team_Dynamiclogo_square.png
lp_team_200171,Team Eloblade,Team Eloblade,leaguepedia_cargo,https://lol.fandom.com/wiki/Special:Redirect/page/200171,https://lol.fandom.com/wiki/Special:Redirect/file/Unknown_Infobox_Image_-_Team.png
lp_team_200173,Team Empire,Team Empire,leaguepedia_cargo,https://lol.fandom.com/wiki/Special:Redirect/page/200173,https://lol.fandom.com/wiki/Special:Redirect/file/Empiresquare.png
lp_team_200181,Team EnVyUs,Team EnVyUs,leaguepedia_cargo,https://lol.fandom.com/wiki/Special:Redirect/page/200181,https://lol.fandom.com/wiki/Special:Redirect/file/Team_EnVyUslogo_profile.png
lp_team_200199,Team Exile5,Team Exile5,leaguepedia_cargo,https://lol.fandom.com/wiki/Special:Redirect/page/200199,https://lol.fandom.com/wiki/Special:Redirect/file/Team_Exile5logo_square.png
lp_team_200213,Team FeaR,Team FeaR,leaguepedia_cargo,https://lol.fandom.com/wiki/Special:Redirect/page/200213,https://lol.fandom.com/wiki/Special:Redirect/file/teamfearlogo.png
lp_team_200215,Team Fighter,Team Fighter,leaguepedia_cargo,https://lol.fandom.com/wiki/Special:Redirect/page/200215,https://lol.fandom.com/wiki/Special:Redirect/file/Team_Fighterlogo_profile.png
lp_team_200217,Team Fire,Team Fire,leaguepedia_cargo,https://lol.fandom.com/wiki/Special:Redirect/page/200217,https://lol.fandom.com/wiki/Special:Redirect/file/Team_Fire_2015_logo.png
lp_team_200225,Team Flash,Team Flash,leaguepedia_cargo,https://lol.fandom.com/wiki/Special:Redirect/page/200225,https://lol.fandom.com/wiki/Special:Redirect/file/Team_Flashlogo_profile.png
lp_team_200227,Team Forge,Team Forge,leaguepedia_cargo,https://lol.fandom.com/wiki/Special:Redirect/page/200227,https://lol.fandom.com/wiki/Special:Redirect/file/Team_Forgelogo_square.png
lp_team_200233,Team FragZone,Team FragZone,leaguepedia_cargo,https://lol.fandom.com/wiki/Special:Redirect/page/200233,https://lol.fandom.com/wiki/Special:Redirect/file/Fragzone.jpg
lp_team_200237,Team Frostbite,Team Frostbite,leaguepedia_cargo,https://lol.fandom.com/wiki/Special:Redirect/page/200237,https://lol.fandom.com/wiki/Special:Redirect/file/Team_Frostbitelogo_square.png
lp_team_200247,Team Fusion,Team Fusion,leaguepedia_cargo,https://lol.fandom.com/wiki/Special:Redirect/page/200247,https://lol.fandom.com/wiki/Special:Redirect/file/Team_Fusion_Gaming_Profile_v2.png
lp_team_200265,Team Gates,Team Gates,leaguepedia_cargo,https://lol.fandom.com/wiki/Special:Redirect/page/200265,https://lol.fandom.com/wiki/Special:Redirect/file/Team_Gateslogo_square.png
lp_team_200273,Team Genesis,Team Genesis,leaguepedia_cargo,https://lol.fandom.com/wiki/Special:Redirect/page/200273,https://lol.fandom.com/wiki/Special:Redirect/file/Team_Genesislogo_square.png
lp_team_200283,Team Green Forest,Team Green Forest,leaguepedia_cargo,https://lol.fandom.com/wiki/Special:Redirect/page/200283,https://lol.fandom.com/wiki/Special:Redirect/file/Team_Green_Forest.png
lp_team_200285,Team Heretics,Team Heretics,leaguepedia_cargo,https://lol.fandom.com/wiki/Special:Redirect/page/200285,https://lol.fandom.com/wiki/Special:Redirect/file/Team_Hereticslogo_square.png
lp_team_200289,Team Hunters,Team Hunters,leaguepedia_cargo,https://lol.fandom.com/wiki/Special:Redirect/page/200289,https://lol.fandom.com/wiki/Special:Redirect/file/Team_Hunterslogo_square.png
lp_team_200291,Team Hurricane,Team Hurricane,leaguepedia_cargo,https://lol.fandom.com/wiki/Special:Redirect/page/200291,https://lol.fandom.com/wiki/Special:Redirect/file/Team_Hurricanelogo_square.png
lp_team_200293,Team Ice,Team Ice,leaguepedia_cargo,https://lol.fandom.com/wiki/Special:Redirect/page/200293,https://lol.fandom.com/wiki/Special:Redirect/file/Team_Ice_2015_logo.png
lp_team_200299,Team Imagine,Team Imagine,leaguepedia_cargo,https://lol.fandom.com/wiki/Special:Redirect/page/200299,https://lol.fandom.com/wiki/Special:Redirect/file/Imagine_logo_solid.png
lp_team_200309,Team Immunity,Team Immunity,leaguepedia_cargo,https://lol.fandom.com/wiki/Special:Redirect/page/200309,https://lol.fandom.com/wiki/Special:Redirect/file/iM.jpg
lp_team_200323,Team Impulse,Team Impulse,leaguepedia_cargo,https://lol.fandom.com/wiki/Special:Redirect/page/200323,https://lol.fandom.com/wiki/Special:Redirect/file/Team_Impulselogo_square.png
lp_team_200339,Team Infinite,Team Infinite,leaguepedia_cargo,https://lol.fandom.com/wiki/Special:Redirect/page/200339,https://lol.fandom.com/wiki/Special:Redirect/file/Team_Infinite.png
lp_team_200341,Team Infused,Team Infused,leaguepedia_cargo,https://lol.fandom.com/wiki/Special:Redirect/page/200341,https://lol.fandom.com/wiki/Special:Redirect/file/Team_Infused.jpg
lp_team_200347,Team Just,Team Just,leaguepedia_cargo,https://lol.fandom.com/wiki/Special:Redirect/page/200347,https://lol.fandom.com/wiki/Special:Redirect/file/Team_Justlogo_square.png
lp_team_200357,Team Just Alpha,Team Just Alpha,leaguepedia_cargo,https://lol.fandom.com/wiki/Special:Redirect/page/200357,https://lol.fandom.com/wiki/Special:Redirect/file/Team_Justlogo_square.png
lp_team_200367,Team KTHXBAI,Team KTHXBAI,leaguepedia_cargo,https://lol.fandom.com/wiki/Special:Redirect/page/200367,https://lol.fandom.com/wiki/Special:Redirect/file/KTHXBAI_logo.png
lp_team_200369,Team Kamikaze,Team Kamikaze,leaguepedia_cargo,https://lol.fandom.com/wiki/Special:Redirect/page/200369,https://lol.fandom.com/wiki/Special:Redirect/file/Team_Kamikazelogo_square.png
lp_team_200371,Team King,Team King,leaguepedia_cargo,https://lol.fandom.com/wiki/Special:Redirect/page/200371,https://lol.fandom.com/wiki/Special:Redirect/file/King_logo_HD.png
lp_team_200391,Team KungFu,Team KungFu,leaguepedia_cargo,https://lol.fandom.com/wiki/Special:Redirect/page/200391,https://lol.fandom.com/wiki/Special:Redirect/file/Team_KungFulogo_square.png
lp_team_200409,Team Legion,Team Legion,leaguepedia_cargo,https://lol.fandom.com/wiki/Special:Redirect/page/200409,https://lol.fandom.com/wiki/Special:Redirect/file/LgN_LOGO_SQAURE.jpg
lp_team_200411,Team Liquid,Team Liquid,leaguepedia_cargo,https://lol.fandom.com/wiki/Special:Redirect/page/200411,https://lol.fandom.com/wiki/Special:Redirect/file/Team_Liquidlogo_profile.png
lp_team_200425,Team Liquid Academy,Team Liquid Academy,leaguepedia_cargo,https://lol.fandom.com/wiki/Special:Redirect/page/200425,https://lol.fandom.com/wiki/Special:Redirect/file/Team_Liquidlogo_profile.png
lp_team_200439,Team Livemore,Team Livemore,leaguepedia_cargo,https://lol.fandom.com/wiki/Special:Redirect/page/200439,https://lol.fandom.com/wiki/Special:Redirect/file/Team_Livemorelogo_square.png
lp_team_200441,Team LoLPro,Team LoLPro,leaguepedia_cargo,https://lol.fandom.com/wiki/Special:Redirect/page/200441,https://lol.fandom.com/wiki/Special:Redirect/file/Team_LoLPrologo_square.png
lp_team_200449,Team LoL Cave,Team LoL Cave,leaguepedia_cargo,https://lol.fandom.com/wiki/Special:Redirect/page/200449,https://lol.fandom.com/wiki/Special:Redirect/file/TLC_logo.png
lp_team_200465,Team MRN,Team MRN,leaguepedia_cargo,https://lol.fandom.com/wiki/Special:Redirect/page/200465,https://lol.fandom.com/wiki/Special:Redirect/file/mrnlogo3.png
lp_team_200469,Team MegashocK,Team MegashocK,leaguepedia_cargo,https://lol.fandom.com/wiki/Special:Redirect/page/200469,https://lol.fandom.com/wiki/Special:Redirect/file/Team_MegashocK_Logo.png
lp_team_200473,Team Mist,Team Mist,leaguepedia_cargo,https://lol.fandom.com/wiki/Special:Redirect/page/200473,https://lol.fandom.com/wiki/Special:Redirect/file/Team_Mistlogo_square.png
lp_team_200481,Team Mistral,Team Mistral,leaguepedia_cargo,https://lol.fandom.com/wiki/Special:Redirect/page/200481,https://lol.fandom.com/wiki/Special:Redirect/file/Team_Mistrallogo_square.png
lp_team_200483,Team NB,Team NB,leaguepedia_cargo,https://lol.fandom.com/wiki/Special:Redirect/page/200483,https://lol.fandom.com/wiki/Special:Redirect/file/Team_NBlogo_square.png
lp_team_200489,Team Nevo,Team Nevo,leaguepedia_cargo,https://lol.fandom.com/wiki/Special:Redirect/page/200489,https://lol.fandom.com/wiki/Special:Redirect/file/Nevo_NEW.jpeg
lp_team_200491,Team No Limit,Team No Limit,leaguepedia_cargo,https://lol.fandom.com/wiki/Special:Redirect/page/200491,https://lol.fandom.com/wiki/Special:Redirect/file/TnL_logo_new.png
lp_team_200495,Team Nv,Team Nv,leaguepedia_cargo,https://lol.fandom.com/wiki/Special:Redirect/page/200495,https://lol.fandom.com/wiki/Special:Redirect/file/Team_Nv.jpg
lp_team_200497,Team OP,Team OP,leaguepedia_cargo,https://lol.fandom.com/wiki/Special:Redirect/page/200497,https://lol.fandom.com/wiki/Special:Redirect/file/OPlogo.png
lp_team_200501,Team Orora,Team Orora,leaguepedia_cargo,https://lol.fandom.com/wiki/Special:Redirect/page/200501,https://lol.fandom.com/wiki/Special:Redirect/file/Team_Ororalogo_square.png
lp_team_200503,Team Overclockers UK,Team Overclockers UK,leaguepedia_cargo,https://lol.fandom.com/wiki/Special:Redirect/page/200503,https://lol.fandom.com/wiki/Special:Redirect/file/OUK_logo.png
lp_team_200511,Team Ozone Cutie Monsters,Team Ozone Cutie Monsters,leaguepedia_cargo,https://lol.fandom.com/wiki/Special:Redirect/page/200511,https://lol.fandom.com/wiki/Special:Redirect/file/Team_Ozone_Cutie_Monsterslogo_square.png
lp_team_200519,Team Phoenix,Team Phoenix,leaguepedia_cargo,https://lol.fandom.com/wiki/Special:Redirect/page/200519,https://lol.fandom.com/wiki/Special:Redirect/file/Team_Phoenix.png
lp_team_200521,Team Proioxis,Team Proioxis,leaguepedia_cargo,https://lol.fandom.com/wiki/Special:Redirect/page/200521,https://lol.fandom.com/wiki/Special:Redirect/file/Proioxis_logo.png
lp_team_200523,Team Property,Team Property,leaguepedia_cargo,https://lol.fandom.com/wiki/Special:Redirect/page/200523,https://lol.fandom.com/wiki/Special:Redirect/file/Property.png
lp_team_200527,Team Quetzal,Team Quetzal,leaguepedia_cargo,https://lol.fandom.com/wiki/Special:Redirect/page/200527,https://lol.fandom.com/wiki/Special:Redirect/file/Team_Quetzallogo_square.png
lp_team_200529,Team RM,Team RM,leaguepedia_cargo,https://lol.fandom.com/wiki/Special:Redirect/page/200529,https://lol.fandom.com/wiki/Special:Redirect/file/Team_RMlogo_profile.png
lp_team_200531,Team ROCCAT,Team ROCCAT,leaguepedia_cargo,https://lol.fandom.com/wiki/Special:Redirect/page/200531,https://lol.fandom.com/wiki/Special:Redirect/file/Team_ROCCATlogo_profile.png
lp_team_200547,Team ROCK,Team ROCK,leaguepedia_cargo,https://lol.fandom.com/wiki/Special:Redirect/page/200547,https://lol.fandom.com/wiki/Special:Redirect/file/Team_ROCKlogo_square.png
lp_team_200553,Team Refuse,Team Refuse,leaguepedia_cargo,https://lol.fandom.com/wiki/Special:Redirect/page/200553,https://lol.fandom.com/wiki/Special:Redirect/file/Team_Refuselogo_profile.png
lp_team_200555,Team Regicide,Team Regicide,leaguepedia_cargo,https://lol.fandom.com/wiki/Special:Redirect/page/200555,https://lol.fandom.com/wiki/Special:Redirect/file/Team_Regicidelogo_square.png
lp_team_200563,Team Rigel,Team Rigel,leaguepedia_cargo,https://lol.fandom.com/wiki/Special:Redirect/page/200563,https://lol.fandom.com/wiki/Special:Redirect/file/Team_Rigal_logo_2016.png
lp_team_200567,Team SalsaLoL,Team SalsaLoL,leaguepedia_cargo,https://lol.fandom.com/wiki/Special:Redirect/page/200567,https://lol.fandom.com/wiki/Special:Redirect/file/SalsaLoL1.jpg
lp_team_200571,Team Server-Forge,Team Server-Forge,leaguepedia_cargo,https://lol.fandom.com/wiki/Special:Redirect/page/200571,https://lol.fandom.com/wiki/Special:Redirect/file/sf-logo-leaguepedia.png
lp_team_200573,TSM,TSM,leaguepedia_cargo,https://lol.fandom.com/wiki/Special:Redirect/page/200573,https://lol.fandom.com/wiki/Special:Redirect/file/TSMlogo_profile.png
lp_team_200575,Team Singularity,Team Singularity,leaguepedia_cargo,https://lol.fandom.com/wiki/Special:Redirect/page/200575,https://lol.fandom.com/wiki/Special:Redirect/file/Team_Singularitylogo_square.png
lp_team_200597,Team SoloMid Evo,Team SoloMid Evo,leaguepedia_cargo,https://lol.fandom.com/wiki/Special:Redirect/page/200597,https://lol.fandom.com/wiki/Special:Redirect/file/TsmNEW.jpg
lp_team_200611,Team Summon,Team Summon,leaguepedia_cargo,https://lol.fandom.com/wiki/Special:Redirect/page/200611,https://lol.fandom.com/wiki/Special:Redirect/file/TeamSummonlogo.png
lp_team_200613,Team Sypher,Team Sypher,leaguepedia_cargo,https://lol.fandom.com/wiki/Special:Redirect/page/200613,https://lol.fandom.com/wiki/Special:Redirect/file/sypherlogob.jpg
lp_team_200623,Team Tempest,Team Tempest,leaguepedia_cargo,https://lol.fandom.com/wiki/Special:Redirect/page/200623,https://lol.fandom.com/wiki/Special:Redirect/file/Team_Tempestlogo_square.png
lp_team_200629,Team Terrigen,Team Terrigen,leaguepedia_cargo,https://lol.fandom.com/wiki/Special:Redirect/page/200629,https://lol.fandom.com/wiki/Special:Redirect/file/Terrigen_TeamLogo.png
lp_team_200635,Team Turquality,Team Turquality,leaguepedia_cargo,https://lol.fandom.com/wiki/Special:Redirect/page/200635,https://lol.fandom.com/wiki/Special:Redirect/file/TTlogosquare.png
lp_team_200647,Team Turquality RED,Team Turquality RED,leaguepedia_cargo,https://lol.fandom.com/wiki/Special:Redirect/page/200647,https://lol.fandom.com/wiki/Special:Redirect/file/TT_RED.jpg
lp_team_200649,Team Ultra Vires,Team Ultra Vires,leaguepedia_cargo,https://lol.fandom.com/wiki/Special:Redirect/page/200649,https://lol.fandom.com/wiki/Special:Redirect/file/UltraVires.jpg
lp_team_200651,Team United,Team United,leaguepedia_cargo,https://lol.fandom.com/wiki/Special:Redirect/page/200651,https://lol.fandom.com/wiki/Special:Redirect/file/Team_United_logo.png
lp_team_200663,Team Vitality,Team Vitality,leaguepedia_cargo,https://lol.fandom.com/wiki/Special:Redirect/page/200663,https://lol.fandom.com/wiki/Special:Redirect/file/Team_Vitalitylogo_square.png
lp_team_200675,Team Vulcun,Team Vulcun,leaguepedia_cargo,https://lol.fandom.com/wiki/Special:Redirect/page/200675,https://lol.fandom.com/wiki/Special:Redirect/file/Vulcunlogo.png
lp_team_200685,Team WE,Team WE,leaguepedia_cargo,https://lol.fandom.com/wiki/Special:Redirect/page/200685,https://lol.fandom.com/wiki/Special:Redirect/file/Team_WElogo_profile.png
lp_team_200707,Team WE Academy,Team WE Academy,leaguepedia_cargo,https://lol.fandom.com/wiki/Special:Redirect/page/200707,https://lol.fandom.com/wiki/Special:Redirect/file/Team_WE_Academylogo_square.png
lp_team_200709,Team WE Future,Team WE Future,leaguepedia_cargo,https://lol.fandom.com/wiki/Special:Redirect/page/200709,https://lol.fandom.com/wiki/Special:Redirect/file/Team_WE_Futurelogo_square.png
lp_team_200719,Team WinFakt,Team WinFakt,leaguepedia_cargo,https://lol.fandom.com/wiki/Special:Redirect/page/200719,https://lol.fandom.com/wiki/Special:Redirect/file/team-winfakt.png
lp_team_200727,XD,XD,leaguepedia_cargo,https://lol.fandom.com/wiki/Special:Redirect/page/200727,https://lol.fandom.com/wiki/Special:Redirect/file/SmallXD.gif
lp_team_200729,Team Yetti,Team Yetti,leaguepedia_cargo,https://lol.fandom.com/wiki/Special:Redirect/page/200729,https://lol.fandom.com/wiki/Special:Redirect/file/Team_Yettilogo_square.png
lp_team_200737,Team Zan,Team Zan,leaguepedia_cargo,https://lol.fandom.com/wiki/Special:Redirect/page/200737,https://lol.fandom.com/wiki/Special:Redirect/file/Team_Zanlogo_square.png
lp_team_200739,Team awp,Team awp,leaguepedia_cargo,https://lol.fandom.com/wiki/Special:Redirect/page/200739,https://lol.fandom.com/wiki/Special:Redirect/file/Team_awplogo_square.png
lp_team_200757,Team gamed!de,Team gamed!de,leaguepedia_cargo,https://lol.fandom.com/wiki/Special:Redirect/page/200757,https://lol.fandom.com/wiki/Special:Redirect/file/Gamed%21de_logo.jpg
lp_team_200763,Team nxl,Team nxl,leaguepedia_cargo,https://lol.fandom.com/wiki/Special:Redirect/page/200763,https://lol.fandom.com/wiki/Special:Redirect/file/Team_nxllogo_square.png
lp_team_200765,Team oNe eSports,Team oNe eSports,leaguepedia_cargo,https://lol.fandom.com/wiki/Special:Redirect/page/200765,https://lol.fandom.com/wiki/Special:Redirect/file/Team_oNe_eSportslogo_square.png
lp_team_200775,Teamless,Teamless,leaguepedia_cargo,https://lol.fandom.com/wiki/Special:Redirect/page/200775,https://lol.fandom.com/wiki/Special:Redirect/file/Unknown_Infobox_Image_-_Team.png
lp_team_200825,LOLQ Tempest,LOLQ Tempest,leaguepedia_cargo,https://lol.fandom.com/wiki/Special:Redirect/page/200825,https://lol.fandom.com/wiki/Special:Redirect/file/LOLQtempest.jpg
lp_team_200829,Tempo Storm,Tempo Storm,leaguepedia_cargo,https://lol.fandom.com/wiki/Special:Redirect/page/200829,https://lol.fandom.com/wiki/Special:Redirect/file/Tempo_Stormlogo_square.png
lp_team_200933,Tesla E-Sports,Tesla E-Sports,leaguepedia_cargo,https://lol.fandom.com/wiki/Special:Redirect/page/200933,https://lol.fandom.com/wiki/Special:Redirect/file/Tesla_E-Sportslogo_square.png
lp_team_200945,Tesla Gaming,Tesla Gaming,leaguepedia_cargo,https://lol.fandom.com/wiki/Special:Redirect/page/200945,https://lol.fandom.com/wiki/Special:Redirect/file/Tesla_Gaminglogo_square.png
lp_team_200949,Test Your Limits,Test Your Limits,leaguepedia_cargo,https://lol.fandom.com/wiki/Special:Redirect/page/200949,https://lol.fandom.com/wiki/Special:Redirect/file/Test_Your_Limits.jpg
lp_team_201087,The Brunch Club,The Brunch Club,leaguepedia_cargo,https://lol.fandom.com/wiki/Special:Redirect/page/201087,https://lol.fandom.com/wiki/Special:Redirect/file/brunchclub.png
lp_team_201123,The Fox Sound,The Fox Sound,leaguepedia_cargo,https://lol.fandom.com/wiki/Special:Redirect/page/201123,https://lol.fandom.com/wiki/Special:Redirect/file/TheFoxSound.jpg
lp_team_201241,The Mighty Midgets,The Mighty Midgets,leaguepedia_cargo,https://lol.fandom.com/wiki/Special:Redirect/page/201241,https://lol.fandom.com/wiki/Special:Redirect/file/Unknown_Infobox_Image_-_Team.png
lp_team_201253,The RED,The RED,leaguepedia_cargo,https://lol.fandom.com/wiki/Special:Redirect/page/201253,https://lol.fandom.com/wiki/Special:Redirect/file/The_RED_logo.png
lp_team_201277,The Salad Bar,The Salad Bar,leaguepedia_cargo,https://lol.fandom.com/wiki/Special:Redirect/page/201277,https://lol.fandom.com/wiki/Special:Redirect/file/The_Salad_Barlogo_square.png
lp_team_201309,The Walking Zed,The Walking Zed,leaguepedia_cargo,https://lol.fandom.com/wiki/Special:Redirect/page/201309,https://lol.fandom.com/wiki/Special:Redirect/file/Twz_Logo_-_Riot.png
lp_team_201361,Thirsty Chinchillas,Thirsty Chinchillas,leaguepedia_cargo,https://lol.fandom.com/wiki/Special:Redirect/page/201361,https://lol.fandom.com/wiki/Special:Redirect/file/TCH_logo.png
lp_team_201413,ThunderBot SPARTA,ThunderBot SPARTA,leaguepedia_cargo,https://lol.fandom.com/wiki/Special:Redirect/page/201413,https://lol.fandom.com/wiki/Special:Redirect/file/thunderboltSPARTA_Logo.png
lp_team_201421,ThunderX3 Baskonia,ThunderX3 Baskonia,leaguepedia_cargo,https://lol.fandom.com/wiki/Special:Redirect/page/201421,https://lol.fandom.com/wiki/Special:Redirect/file/ThunderX3_Baskonialogo_square.png
lp_team_201451,Tick Trick and Duck,Tick Trick and Duck,leaguepedia_cargo,https://lol.fandom.com/wiki/Special:Redirect/page/201451,https://lol.fandom.com/wiki/Special:Redirect/file/TTD_logo.png
lp_team_201533,Titan Catipay,Titan Catipay,leaguepedia_cargo,https://lol.fandom.com/wiki/Special:Redirect/page/201533,https://lol.fandom.com/wiki/Special:Redirect/file/Titan_Catipay_logo.jpg
lp_team_201641,Top Dog Gaming,Top Dog Gaming,leaguepedia_cargo,https://lol.fandom.com/wiki/Special:Redirect/page/201641,https://lol.fandom.com/wiki/Special:Redirect/file/Top_Dog_Gaming_Profile_Logo.png
lp_team_201821,Tricked Esport,Tricked Esport,leaguepedia_cargo,https://lol.fandom.com/wiki/Special:Redirect/page/201821,https://lol.fandom.com/wiki/Special:Redirect/file/Tricked_eSportslogo_square.png
lp_team_201843,Trident Esports,Trident Esports,leaguepedia_cargo,https://lol.fandom.com/wiki/Special:Redirect/page/201843,https://lol.fandom.com/wiki/Special:Redirect/file/Trident_Esportslogo_square.png
lp_team_202011,Tt eSPORTS Dragons,Tt eSPORTS Dragons,leaguepedia_cargo,https://lol.fandom.com/wiki/Special:Redirect/page/202011,https://lol.fandom.com/wiki/Special:Redirect/file/ttdragons.jpg
lp_team_202015,Tt Dragons Taiwan,Tt Dragons Taiwan,leaguepedia_cargo,https://lol.fandom.com/wiki/Special:Redirect/page/202015,https://lol.fandom.com/wiki/Special:Redirect/file/Tt_Dragons_Taiwanlogo_square.png
lp_team_202199,University of British Columbia,University of British Columbia,leaguepedia_cargo,https://lol.fandom.com/wiki/Special:Redirect/page/202199,https://lol.fandom.com/wiki/Special:Redirect/file/University_of_British_Columbialogo_square.png
lp_team_202201,"University of California, Irvine","University of California, Irvine",leaguepedia_cargo,https://lol.fandom.com/wiki/Special:Redirect/page/202201,https://lol.fandom.com/wiki/Special:Redirect/file/Uci_logo150.png
lp_team_202203,"University of California, San Diego","University of California, San Diego",leaguepedia_cargo,https://lol.fandom.com/wiki/Special:Redirect/page/202203,https://lol.fandom.com/wiki/Special:Redirect/file/University_of_California_San_Diegologo_square.png
lp_team_202227,University of Texas at Austin,University of Texas at Austin,leaguepedia_cargo,https://lol.fandom.com/wiki/Special:Redirect/page/202227,https://lol.fandom.com/wiki/Special:Redirect/file/University_of_Texas_at_Austinlogo_square.png
lp_team_202237,U Rage QuiT,U Rage QuiT,leaguepedia_cargo,https://lol.fandom.com/wiki/Special:Redirect/page/202237,https://lol.fandom.com/wiki/Special:Redirect/file/U_Rage_QuiTlogo_square.png
lp_team_202288,Ultimate Gaming,Ultimate Gaming,leaguepedia_cargo,https://lol.fandom.com/wiki/Special:Redirect/page/202288,https://lol.fandom.com/wiki/Special:Redirect/file/Ultimate_Gaminglogo_square.png
lp_team_202293,Ultimate Senpai,Ultimate Senpai,leaguepedia_cargo,https://lol.fandom.com/wiki/Special:Redirect/page/202293,https://lol.fandom.com/wiki/Special:Redirect/file/Ultimate_Senpailogo_square.png
lp_team_202323,unRestricted eSports,unRestricted eSports,leaguepedia_cargo,https://lol.fandom.com/wiki/Special:Redirect/page/202323,https://lol.fandom.com/wiki/Special:Redirect/file/unRestricted.png
lp_team_202329,Underdog,Underdog,leaguepedia_cargo,https://lol.fandom.com/wiki/Special:Redirect/page/202329,https://lol.fandom.com/wiki/Special:Redirect/file/Underdoglogo_square.png
lp_team_202385,Unicorns of Love,Unicorns of Love,leaguepedia_cargo,https://lol.fandom.com/wiki/Special:Redirect/page/202385,https://lol.fandom.com/wiki/Special:Redirect/file/Unicorns_of_Lovelogo_profile.png
lp_team_202445,Unlimited Potential,Unlimited Potential,leaguepedia_cargo,https://lol.fandom.com/wiki/Special:Redirect/page/202445,https://lol.fandom.com/wiki/Special:Redirect/file/UP_logo.png
lp_team_202477,Unsold Stuff Gaming,Unsold Stuff Gaming,leaguepedia_cargo,https://lol.fandom.com/wiki/Special:Redirect/page/202477,https://lol.fandom.com/wiki/Special:Redirect/file/Unsold_Stuff_Gaminglogo_profile.png
lp_team_202805,V3 Esports,V3 Esports,leaguepedia_cargo,https://lol.fandom.com/wiki/Special:Redirect/page/202805,https://lol.fandom.com/wiki/Special:Redirect/file/V3_Esportslogo_profile.png
lp_team_203065,v8 eSports,v8 eSports,leaguepedia_cargo,https://lol.fandom.com/wiki/Special:Redirect/page/203065,https://lol.fandom.com/wiki/Special:Redirect/file/V8_esports_Logo.png
lp_team_203143,vVv Gaming,vVv Gaming,leaguepedia_cargo,https://lol.fandom.com/wiki/Special:Redirect/page/203143,https://lol.fandom.com/wiki/Special:Redirect/file/vVv_Gaming.png
lp_team_203145,vVv Gaming Red,vVv Gaming Red,leaguepedia_cargo,https://lol.fandom.com/wiki/Special:Redirect/page/203145,https://lol.fandom.com/wiki/Special:Redirect/file/vVv_Gaming.png
lp_team_203147,vVv Gaming White,vVv Gaming White,leaguepedia_cargo,https://lol.fandom.com/wiki/Special:Redirect/page/203147,https://lol.fandom.com/wiki/Special:Redirect/file/vVv_Gaming.png
lp_team_203177,Vaevictis eSports,Vaevictis eSports,leaguepedia_cargo,https://lol.fandom.com/wiki/Special:Redirect/page/203177,https://lol.fandom.com/wiki/Special:Redirect/file/Vaevictis_eSportslogo_square.png
lp_team_203195,Valencia CF eSports,Valencia CF eSports,leaguepedia_cargo,https://lol.fandom.com/wiki/Special:Redirect/page/203195,https://lol.fandom.com/wiki/Special:Redirect/file/Valencia_CF_eSportslogo_square.png
lp_team_203333,Vega Squadron,Vega Squadron,leaguepedia_cargo,https://lol.fandom.com/wiki/Special:Redirect/page/203333,https://lol.fandom.com/wiki/Special:Redirect/file/Vega_Squadronlogo_square.png
lp_team_203389,Velocity eSports,Velocity eSports,leaguepedia_cargo,https://lol.fandom.com/wiki/Special:Redirect/page/203389,https://lol.fandom.com/wiki/Special:Redirect/file/Velocity_eSportslogo_square.png
lp_team_203393,Veni eSports,Veni eSports,leaguepedia_cargo,https://lol.fandom.com/wiki/Special:Redirect/page/203393,https://lol.fandom.com/wiki/Special:Redirect/file/Veni_eSportslogo_square.png
lp_team_203443,Vestigial,Vestigial,leaguepedia_cargo,https://lol.fandom.com/wiki/Special:Redirect/page/203443,https://lol.fandom.com/wiki/Special:Redirect/file/Vestigiallogo_square.png
lp_team_203495,Vici Esports,Vici Esports,leaguepedia_cargo,https://lol.fandom.com/wiki/Special:Redirect/page/203495,https://lol.fandom.com/wiki/Special:Redirect/file/Vici_Esportslogo_square.png
lp_team_203497,Vici Gaming,Vici Gaming,leaguepedia_cargo,https://lol.fandom.com/wiki/Special:Redirect/page/203497,https://lol.fandom.com/wiki/Special:Redirect/file/Vici_Gaminglogo_profile.png
lp_team_203515,Vici Potential Gaming,Vici Potential Gaming,leaguepedia_cargo,https://lol.fandom.com/wiki/Special:Redirect/page/203515,https://lol.fandom.com/wiki/Special:Redirect/file/VGP_logo_new.png
lp_team_203517,Vici Star Gaming,Vici Star Gaming,leaguepedia_cargo,https://lol.fandom.com/wiki/Special:Redirect/page/203517,https://lol.fandom.com/wiki/Special:Redirect/file/Vici_Gaming_oldlogo_square.png
lp_team_203521,Victorious Ace,Victorious Ace,leaguepedia_cargo,https://lol.fandom.com/wiki/Special:Redirect/page/203521,https://lol.fandom.com/wiki/Special:Redirect/file/VAsquare.png
lp_team_203603,Vince Te Ipsum Ignis,Vince Te Ipsum Ignis,leaguepedia_cargo,https://lol.fandom.com/wiki/Special:Redirect/page/203603,https://lol.fandom.com/wiki/Special:Redirect/file/Logovti.png
lp_team_203605,Vince Te Ipsum Nox,Vince Te Ipsum Nox,leaguepedia_cargo,https://lol.fandom.com/wiki/Special:Redirect/page/203605,https://lol.fandom.com/wiki/Special:Redirect/file/Logovti.png
lp_team_203657,Virtuoso Gaming,Virtuoso Gaming,leaguepedia_cargo,https://lol.fandom.com/wiki/Special:Redirect/page/203657,https://lol.fandom.com/wiki/Special:Redirect/file/Virtuoso_Gaminglogo_square.png
lp_team_203661,Virtus.pro,Virtus.pro,leaguepedia_cargo,https://lol.fandom.com/wiki/Special:Redirect/page/203661,https://lol.fandom.com/wiki/Special:Redirect/file/Virtus.pro.png
lp_team_203669,Virtus Legion,Virtus Legion,leaguepedia_cargo,https://lol.fandom.com/wiki/Special:Redirect/page/203669,https://lol.fandom.com/wiki/Special:Redirect/file/Virtus_Legionlogo_square.png
lp_team_203757,Void Gaming,Void Gaming,leaguepedia_cargo,https://lol.fandom.com/wiki/Special:Redirect/page/203757,https://lol.fandom.com/wiki/Special:Redirect/file/Void_Gaminglogo_square.png
lp_team_203797,Vortex,Vortex,leaguepedia_cargo,https://lol.fandom.com/wiki/Special:Redirect/page/203797,https://lol.fandom.com/wiki/Special:Redirect/file/Vortex_%28North_American_Team%29logo_square.png
lp_team_203865,wSystem e-Sports Club,wSystem e-Sports Club,leaguepedia_cargo,https://lol.fandom.com/wiki/Special:Redirect/page/203865,https://lol.fandom.com/wiki/Special:Redirect/file/wsystemclubquare.png
lp_team_203881,WYDream,WYDream,leaguepedia_cargo,https://lol.fandom.com/wiki/Special:Redirect/page/203881,https://lol.fandom.com/wiki/Special:Redirect/file/WYDreamlogo_square.png
lp_team_203897,WaY,WaY,leaguepedia_cargo,https://lol.fandom.com/wiki/Special:Redirect/page/203897,https://lol.fandom.com/wiki/Special:Redirect/file/WaYlogo_square.png
lp_team_203931,Wan Yoo,Wan Yoo,leaguepedia_cargo,https://lol.fandom.com/wiki/Special:Redirect/page/203931,https://lol.fandom.com/wiki/Special:Redirect/file/Wan_Yoologo_square.png
lp_team_203945,WannaBeWithYou,WannaBeWithYou,leaguepedia_cargo,https://lol.fandom.com/wiki/Special:Redirect/page/203945,https://lol.fandom.com/wiki/Special:Redirect/file/Unknown_Infobox_Image_-_Team.png
lp_team_203995,Wargods,Wargods,leaguepedia_cargo,https://lol.fandom.com/wiki/Special:Redirect/page/203995,https://lol.fandom.com/wiki/Special:Redirect/file/Wargods_logo_blue.png
lp_team_203997,Wargods La Liga Pilipinas,Wargods La Liga Pilipinas,leaguepedia_cargo,https://lol.fandom.com/wiki/Special:Redirect/page/203997,https://lol.fandom.com/wiki/Special:Redirect/file/Wargods_LLPlogo_square.png
lp_team_204055,Wayi Spider,Wayi Spider,leaguepedia_cargo,https://lol.fandom.com/wiki/Special:Redirect/page/204055,https://lol.fandom.com/wiki/Special:Redirect/file/Wayi_Spider.jpg
lp_team_204065,Wayi Spider China,Wayi Spider China,leaguepedia_cargo,https://lol.fandom.com/wiki/Special:Redirect/page/204065,https://lol.fandom.com/wiki/Special:Redirect/file/Wayi_Spider.jpg
lp_team_204069,Wazabi Gaming,Wazabi Gaming,leaguepedia_cargo,https://lol.fandom.com/wiki/Special:Redirect/page/204069,https://lol.fandom.com/wiki/Special:Redirect/file/Wazabigaminglogo1.jpg
lp_team_204207,Western Wolves,Western Wolves,leaguepedia_cargo,https://lol.fandom.com/wiki/Special:Redirect/page/204207,https://lol.fandom.com/wiki/Special:Redirect/file/Western_Wolveslogo_square.png
lp_team_204379,Wild Fire e-Sports Club,Wild Fire e-Sports Club,leaguepedia_cargo,https://lol.fandom.com/wiki/Special:Redirect/page/204379,https://lol.fandom.com/wiki/Special:Redirect/file/Wild_Fire_e-Sports_Clublogo_profile.png
lp_team_204433,Wind and Rain,Wind and Rain,leaguepedia_cargo,https://lol.fandom.com/wiki/Special:Redirect/page/204433,https://lol.fandom.com/wiki/Special:Redirect/file/Wind_and_Rainlogo_square.png
lp_team_204437,Wind and Rain NA,Wind and Rain NA,leaguepedia_cargo,https://lol.fandom.com/wiki/Special:Redirect/page/204437,https://lol.fandom.com/wiki/Special:Redirect/file/Wind_and_Rainlogo_square.png
lp_team_204473,WingsOflibeRty,WingsOflibeRty,leaguepedia_cargo,https://lol.fandom.com/wiki/Special:Redirect/page/204473,https://lol.fandom.com/wiki/Special:Redirect/file/WingsOflibeRtylogo_square.png
lp_team_204481,Wings of Aurora,Wings of Aurora,leaguepedia_cargo,https://lol.fandom.com/wiki/Special:Redirect/page/204481,https://lol.fandom.com/wiki/Special:Redirect/file/Wings_of_Auroralogo_profile.png
lp_team_204487,Winners,Winners,leaguepedia_cargo,https://lol.fandom.com/wiki/Special:Redirect/page/204487,https://lol.fandom.com/wiki/Special:Redirect/file/Winnerslogo_square.png
lp_team_204489,Winterfox,Winterfox,leaguepedia_cargo,https://lol.fandom.com/wiki/Special:Redirect/page/204489,https://lol.fandom.com/wiki/Special:Redirect/file/Winterfox_Logo_Update.png
lp_team_204543,Wizards,Wizards,leaguepedia_cargo,https://lol.fandom.com/wiki/Special:Redirect/page/204543,https://lol.fandom.com/wiki/Special:Redirect/file/Wizardslogo_profile.png
lp_team_204605,Wonder Stag e-Sports,Wonder Stag e-Sports,leaguepedia_cargo,https://lol.fandom.com/wiki/Special:Redirect/page/204605,https://lol.fandom.com/wiki/Special:Redirect/file/Wonder_Stag_e-Sportslogo_square.png
lp_team_204977,x6tence,x6tence,leaguepedia_cargo,https://lol.fandom.com/wiki/Special:Redirect/page/204977,https://lol.fandom.com/wiki/Special:Redirect/file/X6tencelogo_profile.png
lp_team_204997,XDG Gaming,XDG Gaming,leaguepedia_cargo,https://lol.fandom.com/wiki/Special:Redirect/page/204997,https://lol.fandom.com/wiki/Special:Redirect/file/XDGG.jpg
lp_team_205213,Xenics,Xenics,leaguepedia_cargo,https://lol.fandom.com/wiki/Special:Redirect/page/205213,https://lol.fandom.com/wiki/Special:Redirect/file/Xenics_logo.png
lp_team_205217,Xenics Blast,Xenics Blast,leaguepedia_cargo,https://lol.fandom.com/wiki/Special:Redirect/page/205217,https://lol.fandom.com/wiki/Special:Redirect/file/Xenicsblastlogo.png
lp_team_205221,Xenics Storm,Xenics Storm,leaguepedia_cargo,https://lol.fandom.com/wiki/Special:Redirect/page/205221,https://lol.fandom.com/wiki/Special:Redirect/file/Xenics_Storm_new_logo.png
lp_team_205593,y so E-Sports,y so E-Sports,leaguepedia_cargo,https://lol.fandom.com/wiki/Special:Redirect/page/205593,https://lol.fandom.com/wiki/Special:Redirect/file/ysoesports.png
lp_team_205693,Y.O.L.O.,Y.O.L.O.,leaguepedia_cargo,https://lol.fandom.com/wiki/Special:Redirect/page/205693,https://lol.fandom.com/wiki/Special:Redirect/file/YOLO_URF_Logo.png
lp_team_205903,YouCantStopMe,YouCantStopMe,leaguepedia_cargo,https://lol.fandom.com/wiki/Special:Redirect/page/205903,https://lol.fandom.com/wiki/Special:Redirect/file/YouCantStopMe.png
lp_team_205919,Young Boss,Young Boss,leaguepedia_cargo,https://lol.fandom.com/wiki/Special:Redirect/page/205919,https://lol.fandom.com/wiki/Special:Redirect/file/YB_Logo.png
lp_team_205921,Young Generation,Young Generation,leaguepedia_cargo,https://lol.fandom.com/wiki/Special:Redirect/page/205921,https://lol.fandom.com/wiki/Special:Redirect/file/Young_Generationlogo_square.png
lp_team_205923,Young Glory,Young Glory,leaguepedia_cargo,https://lol.fandom.com/wiki/Special:Redirect/page/205923,https://lol.fandom.com/wiki/Special:Redirect/file/Young_Glorylogo_square.png
lp_team_205937,Young Miracles,Young Miracles,leaguepedia_cargo,https://lol.fandom.com/wiki/Special:Redirect/page/205937,https://lol.fandom.com/wiki/Special:Redirect/file/Young_Miracleslogo_square.png
lp_team_205961,Your Exit,Your Exit,leaguepedia_cargo,https://lol.fandom.com/wiki/Special:Redirect/page/205961,https://lol.fandom.com/wiki/Special:Redirect/file/You_Exit_Logo.png
lp_team_205963,Your Soul Shall Chuffer,Your Soul Shall Chuffer,leaguepedia_cargo,https://lol.fandom.com/wiki/Special:Redirect/page/205963,https://lol.fandom.com/wiki/Special:Redirect/file/YSSC_logo_full.jpg
lp_team_206111,ZAGA Talent Gaming,ZAGA Talent Gaming,leaguepedia_cargo,https://lol.fandom.com/wiki/Special:Redirect/page/206111,https://lol.fandom.com/wiki/Special:Redirect/file/Zaga_Talent_Gaminglogo_square.png
lp_team_206131,ZONE eSports,ZONE eSports,leaguepedia_cargo,https://lol.fandom.com/wiki/Special:Redirect/page/206131,https://lol.fandom.com/wiki/Special:Redirect/file/Zone_eSports.png
lp_team_206143,ZOTAC United,ZOTAC United,leaguepedia_cargo,https://lol.fandom.com/wiki/Special:Redirect/page/206143,https://lol.fandom.com/wiki/Special:Redirect/file/ZOTAC_Unitedlogo_square.png
lp_team_206147,ZTR Gaming,ZTR Gaming,leaguepedia_cargo,https://lol.fandom.com/wiki/Special:Redirect/page/206147,https://lol.fandom.com/wiki/Special:Redirect/file/ZTR_Gaming_logo_Black.png
lp_team_206269,ZeBopSquad,ZeBopSquad,leaguepedia_cargo,https://lol.fandom.com/wiki/Special:Redirect/page/206269,https://lol.fandom.com/wiki/Special:Redirect/file/ZeBopSquad.png
lp_team_206355,Zenith Esports,Zenith Esports,leaguepedia_cargo,https://lol.fandom.com/wiki/Special:Redirect/page/206355,https://lol.fandom.com/wiki/Special:Redirect/file/Zenith_logo.png
lp_team_206609,Zoltak Legion,Zoltak Legion,leaguepedia_cargo,https://lol.fandom.com/wiki/Special:Redirect/page/206609,https://lol.fandom.com/wiki/Special:Redirect/file/Zoltak_Legionlogo_square.png
lp_team_206795,ÇİLEKLER,ÇİLEKLER,leaguepedia_cargo,https://lol.fandom.com/wiki/Special:Redirect/page/206795,https://lol.fandom.com/wiki/Special:Redirect/file/CILEKLERlogo_square.png
lp_team_207227,Furious Gaming Red,Furious Gaming Red,leaguepedia_cargo,https://lol.fandom.com/wiki/Special:Redirect/page/207227,https://lol.fandom.com/wiki/Special:Redirect/file/FG_logo.png
lp_team_207599,FEN1X eSports,FEN1X eSports,leaguepedia_cargo,https://lol.fandom.com/wiki/Special:Redirect/page/207599,https://lol.fandom.com/wiki/Special:Redirect/file/FEN1X_eSportslogo_square.png
lp_team_207601,Bloody Wolves,Bloody Wolves,leaguepedia_cargo,https://lol.fandom.com/wiki/Special:Redirect/page/207601,https://lol.fandom.com/wiki/Special:Redirect/file/Bloody_Wolveslogo_square.png
lp_team_207605,MAD Lions E.C.,MAD Lions E.C.,leaguepedia_cargo,https://lol.fandom.com/wiki/Special:Redirect/page/207605,https://lol.fandom.com/wiki/Special:Redirect/file/MAD_Lions_E.C.logo_square.png
lp_team_207611,Miracle Gaming,Miracle Gaming,leaguepedia_cargo,https://lol.fandom.com/wiki/Special:Redirect/page/207611,https://lol.fandom.com/wiki/Special:Redirect/file/Miracle_Gaminglogo_square.png
lp_team_207887,G-Rex,G-Rex,leaguepedia_cargo,https://lol.fandom.com/wiki/Special:Redirect/page/207887,https://lol.fandom.com/wiki/Special:Redirect/file/G-Rexlogo_square.png
lp_team_208830,Thunder Awaken,Thunder Awaken,leaguepedia_cargo,https://lol.fandom.com/wiki/Special:Redirect/page/208830,https://lol.fandom.com/wiki/Special:Redirect/file/Thunder_Awakenlogo_square.png
lp_team_208924,Royal Bandits,Royal Bandits,leaguepedia_cargo,https://lol.fandom.com/wiki/Special:Redirect/page/208924,https://lol.fandom.com/wiki/Special:Redirect/file/Royal_Banditslogo_square.png
lp_team_211798,OpTic Gaming,OpTic Gaming,leaguepedia_cargo,https://lol.fandom.com/wiki/Special:Redirect/page/211798,https://lol.fandom.com/wiki/Special:Redirect/file/OpTic_Gaminglogo_profile.png
lp_team_211906,100 Thieves,100 Thieves,leaguepedia_cargo,https://lol.fandom.com/wiki/Special:Redirect/page/211906,https://lol.fandom.com/wiki/Special:Redirect/file/100_Thieveslogo_profile.png
lp_team_211907,Clutch Gaming,Clutch Gaming,leaguepedia_cargo,https://lol.fandom.com/wiki/Special:Redirect/page/211907,https://lol.fandom.com/wiki/Special:Redirect/file/Clutch_Gaminglogo_square.png
lp_team_211908,Golden Guardians,Golden Guardians,leaguepedia_cargo,https://lol.fandom.com/wiki/Special:Redirect/page/211908,https://lol.fandom.com/wiki/Special:Redirect/file/Golden_Guardianslogo_profile.png
lp_team_211960,Flamengo MDL,Flamengo MDL,leaguepedia_cargo,https://lol.fandom.com/wiki/Special:Redirect/page/211960,https://lol.fandom.com/wiki/Special:Redirect/file/Flamengo_MDLlogo_profile.png
lp_team_212018,Team QLASH Academy,Team QLASH Academy,leaguepedia_cargo,https://lol.fandom.com/wiki/Special:Redirect/page/212018,https://lol.fandom.com/wiki/Special:Redirect/file/Team_QLASH_Academylogo_square.png
lp_team_212032,Solary,Solary,leaguepedia_cargo,https://lol.fandom.com/wiki/Special:Redirect/page/212032,https://lol.fandom.com/wiki/Special:Redirect/file/Solarylogo_square.png
lp_team_212042,Lynx,Lynx,leaguepedia_cargo,https://lol.fandom.com/wiki/Special:Redirect/page/212042,https://lol.fandom.com/wiki/Special:Redirect/file/Lynxlogo_square.png
lp_team_212825,MAD Team,MAD Team,leaguepedia_cargo,https://lol.fandom.com/wiki/Special:Redirect/page/212825,https://lol.fandom.com/wiki/Special:Redirect/file/MAD_Teamlogo_profile.png
lp_team_212968,Abyss Academy,Abyss Academy,leaguepedia_cargo,https://lol.fandom.com/wiki/Special:Redirect/page/212968,https://lol.fandom.com/wiki/Special:Redirect/file/Abyss_Esportslogo_square.png
lp_team_213011,TNC Pro Team,TNC Pro Team,leaguepedia_cargo,https://lol.fandom.com/wiki/Special:Redirect/page/213011,https://lol.fandom.com/wiki/Special:Redirect/file/TNC_Pro_Teamlogo_square.png
lp_team_213232,Movistar R7,Movistar R7,leaguepedia_cargo,https://lol.fandom.com/wiki/Special:Redirect/page/213232,https://lol.fandom.com/wiki/Special:Redirect/file/Movistar_R7logo_square.png
lp_team_213305,FlyQuest Academy,FlyQuest Academy,leaguepedia_cargo,https://lol.fandom.com/wiki/Special:Redirect/page/213305,https://lol.fandom.com/wiki/Special:Redirect/file/FlyQuestlogo_profile.png
lp_team_213418,Fuego,Fuego,leaguepedia_cargo,https://lol.fandom.com/wiki/Special:Redirect/page/213418,https://lol.fandom.com/wiki/Special:Redirect/file/Fuegologo_profile.png
lp_team_213422,Ordo Equitum,Ordo Equitum,leaguepedia_cargo,https://lol.fandom.com/wiki/Special:Redirect/page/213422,https://lol.fandom.com/wiki/Special:Redirect/file/Ordo_Equitumlogo_square.png
lp_team_213479,Echo Fox Academy,Echo Fox Academy,leaguepedia_cargo,https://lol.fandom.com/wiki/Special:Redirect/page/213479,https://lol.fandom.com/wiki/Special:Redirect/file/Echo_Fox_Academylogo_square.png
lp_team_213481,Lyon Gaming,Lyon Gaming,leaguepedia_cargo,https://lol.fandom.com/wiki/Special:Redirect/page/213481,https://lol.fandom.com/wiki/Special:Redirect/file/Lyon_Gaminglogo_profile.png
lp_team_213744,Triumphant Song Gaming,Triumphant Song Gaming,leaguepedia_cargo,https://lol.fandom.com/wiki/Special:Redirect/page/213744,https://lol.fandom.com/wiki/Special:Redirect/file/Triumphant_Song_Gaminglogo_square.png
lp_team_214114,Team Afro,Team Afro,leaguepedia_cargo,https://lol.fandom.com/wiki/Special:Redirect/page/214114,https://lol.fandom.com/wiki/Special:Redirect/file/Team_Afrologo_square.png
lp_team_214139,Pixel Esports Club,Pixel Esports Club,leaguepedia_cargo,https://lol.fandom.com/wiki/Special:Redirect/page/214139,https://lol.fandom.com/wiki/Special:Redirect/file/Pixel_Esports_Clublogo_square.png
lp_team_214150,ORDER,ORDER,leaguepedia_cargo,https://lol.fandom.com/wiki/Special:Redirect/page/214150,https://lol.fandom.com/wiki/Special:Redirect/file/ORDERlogo_profile.png
lp_team_214154,TSM Academy,TSM Academy,leaguepedia_cargo,https://lol.fandom.com/wiki/Special:Redirect/page/214154,https://lol.fandom.com/wiki/Special:Redirect/file/TSMlogo_profile.png
lp_team_214167,RGA,RGA,leaguepedia_cargo,https://lol.fandom.com/wiki/Special:Redirect/page/214167,https://lol.fandom.com/wiki/Special:Redirect/file/RGAlogo_square.png
lp_team_214173,Bilibili Gaming,Bilibili Gaming,leaguepedia_cargo,https://lol.fandom.com/wiki/Special:Redirect/page/214173,https://lol.fandom.com/wiki/Special:Redirect/file/Bilibili_Gaminglogo_profile.png
lp_team_214174,Bombers,Bombers,leaguepedia_cargo,https://lol.fandom.com/wiki/Special:Redirect/page/214174,https://lol.fandom.com/wiki/Special:Redirect/file/Bomberslogo_square.png
lp_team_214201,Cloud9 Academy,Cloud9 Academy,leaguepedia_cargo,https://lol.fandom.com/wiki/Special:Redirect/page/214201,https://lol.fandom.com/wiki/Special:Redirect/file/Cloud9logo_profile.png
lp_team_215422,Rogue Warriors,Rogue Warriors,leaguepedia_cargo,https://lol.fandom.com/wiki/Special:Redirect/page/215422,https://lol.fandom.com/wiki/Special:Redirect/file/Rogue_Warriorslogo_square.png
lp_team_215440,FunPlus Phoenix,FunPlus Phoenix,leaguepedia_cargo,https://lol.fandom.com/wiki/Special:Redirect/page/215440,https://lol.fandom.com/wiki/Special:Redirect/file/FunPlus_Phoenixlogo_square.png
lp_team_215441,Sin Academy,Sin Academy,leaguepedia_cargo,https://lol.fandom.com/wiki/Special:Redirect/page/215441,https://lol.fandom.com/wiki/Special:Redirect/file/Sin_Gaminglogo_square.png
lp_team_217825,TyLoo,TyLoo,leaguepedia_cargo,https://lol.fandom.com/wiki/Special:Redirect/page/217825,https://lol.fandom.com/wiki/Special:Redirect/file/TyLoologo_square.png
lp_team_217923,SinoDragon Gaming,SinoDragon Gaming,leaguepedia_cargo,https://lol.fandom.com/wiki/Special:Redirect/page/217923,https://lol.fandom.com/wiki/Special:Redirect/file/SinoDragon_Gaminglogo_profile.png
lp_team_217947,People's Red Wolf Gaming,People's Red Wolf Gaming,leaguepedia_cargo,https://lol.fandom.com/wiki/Special:Redirect/page/217947,https://lol.fandom.com/wiki/Special:Redirect/file/People%27s_Red_Wolf_Gaminglogo_profile.png
lp_team_217958,100 Thieves Academy,100 Thieves Academy,leaguepedia_cargo,https://lol.fandom.com/wiki/Special:Redirect/page/217958,https://lol.fandom.com/wiki/Special:Redirect/file/100_Thieves_Academylogo_square.png
lp_team_217979,Hall of Fame,Hall of Fame,leaguepedia_cargo,https://lol.fandom.com/wiki/Special:Redirect/page/217979,https://lol.fandom.com/wiki/Special:Redirect/file/Hall_of_Famelogo_square.png
lp_team_218000,Victorious Gaming,Victorious Gaming,leaguepedia_cargo,https://lol.fandom.com/wiki/Special:Redirect/page/218000,https://lol.fandom.com/wiki/Special:Redirect/file/Victorious_Gaminglogo_square.png
lp_team_218007,Submarino Stars,Submarino Stars,leaguepedia_cargo,https://lol.fandom.com/wiki/Special:Redirect/page/218007,https://lol.fandom.com/wiki/Special:Redirect/file/Submarino_Starslogo_square.png
lp_team_218019,YouthCrew Esports,YouthCrew Esports,leaguepedia_cargo,https://lol.fandom.com/wiki/Special:Redirect/page/218019,https://lol.fandom.com/wiki/Special:Redirect/file/YouthCrew_Esportslogo_square.png
lp_team_218055,Darkness Eagles Esports,Darkness Eagles Esports,leaguepedia_cargo,https://lol.fandom.com/wiki/Special:Redirect/page/218055,https://lol.fandom.com/wiki/Special:Redirect/file/Darkness_Eagles_Esportslogo_square.png
lp_team_218153,Gentside,Gentside,leaguepedia_cargo,https://lol.fandom.com/wiki/Special:Redirect/page/218153,https://lol.fandom.com/wiki/Special:Redirect/file/Gentsidelogo_square.png
lp_team_218178,Tectonic,Tectonic,leaguepedia_cargo,https://lol.fandom.com/wiki/Special:Redirect/page/218178,https://lol.fandom.com/wiki/Special:Redirect/file/Tectoniclogo_profile.png
lp_team_218254,Clutch Gaming Academy,Clutch Gaming Academy,leaguepedia_cargo,https://lol.fandom.com/wiki/Special:Redirect/page/218254,https://lol.fandom.com/wiki/Special:Redirect/file/Clutch_Gaming_Academylogo_square.png
lp_team_218275,Victory Song Gaming,Victory Song Gaming,leaguepedia_cargo,https://lol.fandom.com/wiki/Special:Redirect/page/218275,https://lol.fandom.com/wiki/Special:Redirect/file/Victory_Song_Gaminglogo_square.png
lp_team_218280,Universidad Católica Esports,Universidad Católica Esports,leaguepedia_cargo,https://lol.fandom.com/wiki/Special:Redirect/page/218280,https://lol.fandom.com/wiki/Special:Redirect/file/Universidad_Cat%C3%B3lica_Esportslogo_square.png
lp_team_218347,OpTic Gaming Academy,OpTic Gaming Academy,leaguepedia_cargo,https://lol.fandom.com/wiki/Special:Redirect/page/218347,https://lol.fandom.com/wiki/Special:Redirect/file/OpTic_Gaminglogo_profile.png
lp_team_218387,Golden Guardians Academy,Golden Guardians Academy,leaguepedia_cargo,https://lol.fandom.com/wiki/Special:Redirect/page/218387,https://lol.fandom.com/wiki/Special:Redirect/file/Golden_Guardianslogo_profile.png
lp_team_218991,Kingzone DragonX,Kingzone DragonX,leaguepedia_cargo,https://lol.fandom.com/wiki/Special:Redirect/page/218991,https://lol.fandom.com/wiki/Special:Redirect/file/Kingzone_DragonXlogo_profile.png
lp_team_219051,KSV eSports,KSV eSports,leaguepedia_cargo,https://lol.fandom.com/wiki/Special:Redirect/page/219051,https://lol.fandom.com/wiki/Special:Redirect/file/KSV_eSportslogo_square.png
lp_team_219165,UCAM Penguins,UCAM Penguins,leaguepedia_cargo,https://lol.fandom.com/wiki/Special:Redirect/page/219165,https://lol.fandom.com/wiki/Special:Redirect/file/UCAM_Penguinslogo_square.png
lp_team_219288,FTV Esports,FTV Esports,leaguepedia_cargo,https://lol.fandom.com/wiki/Special:Redirect/page/219288,https://lol.fandom.com/wiki/Special:Redirect/file/FTV_Esportslogo_profile.png
lp_team_219307,PENTAGRAM,PENTAGRAM,leaguepedia_cargo,https://lol.fandom.com/wiki/Special:Redirect/page/219307,https://lol.fandom.com/wiki/Special:Redirect/file/PENTAGRAMlogo_profile.png
lp_team_219666,Sinelight,Sinelight,leaguepedia_cargo,https://lol.fandom.com/wiki/Special:Redirect/page/219666,https://lol.fandom.com/wiki/Special:Redirect/file/Sinelightlogo_square.png
lp_team_219760,MEGA,MEGA,leaguepedia_cargo,https://lol.fandom.com/wiki/Special:Redirect/page/219760,https://lol.fandom.com/wiki/Special:Redirect/file/MEGAlogo_square.png
lp_team_220119,Dragon Army,Dragon Army,leaguepedia_cargo,https://lol.fandom.com/wiki/Special:Redirect/page/220119,https://lol.fandom.com/wiki/Special:Redirect/file/Dragon_Armylogo_square.png
lp_team_220146,Elements Pro Gaming,Elements Pro Gaming,leaguepedia_cargo,https://lol.fandom.com/wiki/Special:Redirect/page/220146,https://lol.fandom.com/wiki/Special:Redirect/file/Elements_Pro_Gaminglogo_square.png
lp_team_220472,5Fox E-Sports Club,5Fox E-Sports Club,leaguepedia_cargo,https://lol.fandom.com/wiki/Special:Redirect/page/220472,https://lol.fandom.com/wiki/Special:Redirect/file/5Fox_E-Sports_Clublogo_square.png
lp_team_220715,SPGeSports,SPGeSports,leaguepedia_cargo,https://lol.fandom.com/wiki/Special:Redirect/page/220715,https://lol.fandom.com/wiki/Special:Redirect/file/SPGeSportslogo_square.png
lp_team_220726,Dire Cubs,Dire Cubs,leaguepedia_cargo,https://lol.fandom.com/wiki/Special:Redirect/page/220726,https://lol.fandom.com/wiki/Special:Redirect/file/Dire_Cubslogo_square.png
lp_team_221150,ES Sharks,ES Sharks,leaguepedia_cargo,https://lol.fandom.com/wiki/Special:Redirect/page/221150,https://lol.fandom.com/wiki/Special:Redirect/file/ES_Sharkslogo_square.png
lp_team_221323,Team Vitality Academy,Team Vitality Academy,leaguepedia_cargo,https://lol.fandom.com/wiki/Special:Redirect/page/221323,https://lol.fandom.com/wiki/Special:Redirect/file/Team_Vitality_Academylogo_square.png
lp_team_222164,Evilvice Esports,Evilvice Esports,leaguepedia_cargo,https://lol.fandom.com/wiki/Special:Redirect/page/222164,https://lol.fandom.com/wiki/Special:Redirect/file/Evilvicelogo_square.png
lp_team_222345,Szata Maga,Szata Maga,leaguepedia_cargo,https://lol.fandom.com/wiki/Special:Redirect/page/222345,https://lol.fandom.com/wiki/Special:Redirect/file/Szata_Maga_6logo_square.png
lp_team_222347,Macro Maniacs,Macro Maniacs,leaguepedia_cargo,https://lol.fandom.com/wiki/Special:Redirect/page/222347,https://lol.fandom.com/wiki/Special:Redirect/file/Macro_Maniacslogo_square.png
lp_team_222467,Team Same Mordeczki,Team Same Mordeczki,leaguepedia_cargo,https://lol.fandom.com/wiki/Special:Redirect/page/222467,https://lol.fandom.com/wiki/Special:Redirect/file/Team_Same_Mordeczkilogo_square.png
lp_team_222652,Team DPD,Team DPD,leaguepedia_cargo,https://lol.fandom.com/wiki/Special:Redirect/page/222652,https://lol.fandom.com/wiki/Special:Redirect/file/Team_DPDlogo_square.png
lp_team_224643,ROG Esport,ROG Esport,leaguepedia_cargo,https://lol.fandom.com/wiki/Special:Redirect/page/224643,https://lol.fandom.com/wiki/Special:Redirect/file/ROG_Schoollogo_square.png
lp_team_224648,5 Hydra Esport,5 Hydra Esport,leaguepedia_cargo,https://lol.fandom.com/wiki/Special:Redirect/page/224648,https://lol.fandom.com/wiki/Special:Redirect/file/5_Hydra_Esportlogo_square.png
lp_team_224660,Rising Star Gaming,Rising Star Gaming,leaguepedia_cargo,https://lol.fandom.com/wiki/Special:Redirect/page/224660,https://lol.fandom.com/wiki/Special:Redirect/file/Rising_Star_Gaminglogo_square.png
lp_team_224674,Crvena zvezda Esports,Crvena zvezda Esports,leaguepedia_cargo,https://lol.fandom.com/wiki/Special:Redirect/page/224674,https://lol.fandom.com/wiki/Special:Redirect/file/Crvena_zvezda_Esportslogo_square.png
lp_team_224719,Lamasticrew,Lamasticrew,leaguepedia_cargo,https://lol.fandom.com/wiki/Special:Redirect/page/224719,https://lol.fandom.com/wiki/Special:Redirect/file/Lamasticrewlogo_square.png
lp_team_224742,KlikTech,KlikTech,leaguepedia_cargo,https://lol.fandom.com/wiki/Special:Redirect/page/224742,https://lol.fandom.com/wiki/Special:Redirect/file/KlikTechlogo_square.png
lp_team_224895,Afro Beast,Afro Beast,leaguepedia_cargo,https://lol.fandom.com/wiki/Special:Redirect/page/224895,https://lol.fandom.com/wiki/Special:Redirect/file/Team_Afrologo_square.png
lp_team_225099,eXtatus,eXtatus,leaguepedia_cargo,https://lol.fandom.com/wiki/Special:Redirect/page/225099,https://lol.fandom.com/wiki/Special:Redirect/file/eXtatuslogo_square.png
lp_team_225297,inFerno eSports,inFerno eSports,leaguepedia_cargo,https://lol.fandom.com/wiki/Special:Redirect/page/225297,https://lol.fandom.com/wiki/Special:Redirect/file/InFerno_eSports_Profile.png
lp_team_225442,Wind and Rain Balkan,Wind and Rain Balkan,leaguepedia_cargo,https://lol.fandom.com/wiki/Special:Redirect/page/225442,https://lol.fandom.com/wiki/Special:Redirect/file/Wind_and_Rainlogo_square.png
lp_team_225462,Wind and Rain Germany,Wind and Rain Germany,leaguepedia_cargo,https://lol.fandom.com/wiki/Special:Redirect/page/225462,https://lol.fandom.com/wiki/Special:Redirect/file/Wind_and_Rainlogo_square.png
lp_team_225530,SCARZ Burning Core,SCARZ Burning Core,leaguepedia_cargo,https://lol.fandom.com/wiki/Special:Redirect/page/225530,https://lol.fandom.com/wiki/Special:Redirect/file/SCARZlogo_profile.png
lp_team_225540,ArmaTeam,ArmaTeam,leaguepedia_cargo,https://lol.fandom.com/wiki/Special:Redirect/page/225540,https://lol.fandom.com/wiki/Special:Redirect/file/ArmaTeamlogo_square.png
lp_team_225904,Excel Esports,Excel Esports,leaguepedia_cargo,https://lol.fandom.com/wiki/Special:Redirect/page/225904,https://lol.fandom.com/wiki/Special:Redirect/file/Excel_Esportslogo_square.png
lp_team_226004,Bigetron E-Sports,Bigetron E-Sports,leaguepedia_cargo,https://lol.fandom.com/wiki/Special:Redirect/page/226004,https://lol.fandom.com/wiki/Special:Redirect/file/Bigetron_E-Sportslogo_square.png
lp_team_226028,QT DIG∞,QT DIG∞,leaguepedia_cargo,https://lol.fandom.com/wiki/Special:Redirect/page/226028,https://lol.fandom.com/wiki/Special:Redirect/file/QT_DIGlogo_profile.png
lp_team_226035,AKIHABARA ENCOUNT,AKIHABARA ENCOUNT,leaguepedia_cargo,https://lol.fandom.com/wiki/Special:Redirect/page/226035,https://lol.fandom.com/wiki/Special:Redirect/file/AKIHABARA_ENCOUNTlogo_square.png
lp_team_226079,V3 New Generation,V3 New Generation,leaguepedia_cargo,https://lol.fandom.com/wiki/Special:Redirect/page/226079,https://lol.fandom.com/wiki/Special:Redirect/file/V3_Esports_Old_Logo.png
lp_team_226108,Hyperion Esports,Hyperion Esports,leaguepedia_cargo,https://lol.fandom.com/wiki/Special:Redirect/page/226108,https://lol.fandom.com/wiki/Special:Redirect/file/Hyperion_Esports_%28European_Team%29logo_square.png
lp_team_226112,Dragon Army Academy,Dragon Army Academy,leaguepedia_cargo,https://lol.fandom.com/wiki/Special:Redirect/page/226112,https://lol.fandom.com/wiki/Special:Redirect/file/Dragon_Armylogo_square.png
lp_team_226130,Aston eSports,Aston eSports,leaguepedia_cargo,https://lol.fandom.com/wiki/Special:Redirect/page/226130,https://lol.fandom.com/wiki/Special:Redirect/file/Aston_eSportslogo_square.png
lp_team_226142,The Largest Salary,The Largest Salary,leaguepedia_cargo,https://lol.fandom.com/wiki/Special:Redirect/page/226142,https://lol.fandom.com/wiki/Special:Redirect/file/The_Largest_Salarylogo_square.png
lp_team_226400,Comanche,Comanche,leaguepedia_cargo,https://lol.fandom.com/wiki/Special:Redirect/page/226400,https://lol.fandom.com/wiki/Special:Redirect/file/Comanchelogo_square.png
lp_team_226667,Mad Kings,Mad Kings,leaguepedia_cargo,https://lol.fandom.com/wiki/Special:Redirect/page/226667,https://lol.fandom.com/wiki/Special:Redirect/file/Mad_Kingslogo_square.png
lp_team_226671,Team Just Ice,Team Just Ice,leaguepedia_cargo,https://lol.fandom.com/wiki/Special:Redirect/page/226671,https://lol.fandom.com/wiki/Special:Redirect/file/Team_Just_Icelogo_square.png
lp_team_226945,Team Just Challenger,Team Just Challenger,leaguepedia_cargo,https://lol.fandom.com/wiki/Special:Redirect/page/226945,https://lol.fandom.com/wiki/Special:Redirect/file/Team_Justlogo_square.png
lp_team_227397,Team Ascent,Team Ascent,leaguepedia_cargo,https://lol.fandom.com/wiki/Special:Redirect/page/227397,https://lol.fandom.com/wiki/Special:Redirect/file/Team_Ascentlogo_square.png
lp_team_228054,ONE SEVEN EIGHT,ONE SEVEN EIGHT,leaguepedia_cargo,https://lol.fandom.com/wiki/Special:Redirect/page/228054,https://lol.fandom.com/wiki/Special:Redirect/file/ONE_SEVEN_EIGHTlogo_square.png
lp_team_228278,Suning-S,Suning-S,leaguepedia_cargo,https://lol.fandom.com/wiki/Special:Redirect/page/228278,https://lol.fandom.com/wiki/Special:Redirect/file/Suning_Gaming-Slogo_square.png_%E2%80%8E
lp_team_228342,K Special Forces,K Special Forces,leaguepedia_cargo,https://lol.fandom.com/wiki/Special:Redirect/page/228342,https://lol.fandom.com/wiki/Special:Redirect/file/K_Special_Forceslogo_square.png
lp_team_228345,Ares Gaming,Ares Gaming,leaguepedia_cargo,https://lol.fandom.com/wiki/Special:Redirect/page/228345,https://lol.fandom.com/wiki/Special:Redirect/file/Ares_Gaminglogo_square.png
lp_team_228351,iDomina eSports,iDomina eSports,leaguepedia_cargo,https://lol.fandom.com/wiki/Special:Redirect/page/228351,https://lol.fandom.com/wiki/Special:Redirect/file/IDomina_eSportslogo_square.png
lp_team_228390,Team Cappadocia,Team Cappadocia,leaguepedia_cargo,https://lol.fandom.com/wiki/Special:Redirect/page/228390,https://lol.fandom.com/wiki/Special:Redirect/file/Team_Cappadocialogo_square.png
lp_team_228566,Diabolus Esports,Diabolus Esports,leaguepedia_cargo,https://lol.fandom.com/wiki/Special:Redirect/page/228566,https://lol.fandom.com/wiki/Special:Redirect/file/Diabolus_Esportslogo_square.png
lp_team_228652,TM Gaming,TM Gaming,leaguepedia_cargo,https://lol.fandom.com/wiki/Special:Redirect/page/228652,https://lol.fandom.com/wiki/Special:Redirect/file/TM_Gaminglogo_square.png
lp_team_228675,Panathinaikos Esports,Panathinaikos Esports,leaguepedia_cargo,https://lol.fandom.com/wiki/Special:Redirect/page/228675,https://lol.fandom.com/wiki/Special:Redirect/file/Panathinaikos_AClogo_square.png
lp_team_228701,VP Game,VP Game,leaguepedia_cargo,https://lol.fandom.com/wiki/Special:Redirect/page/228701,https://lol.fandom.com/wiki/Special:Redirect/file/VP_Gamelogo_profile.png
lp_team_228702,Rogue Warriors Shark,Rogue Warriors Shark,leaguepedia_cargo,https://lol.fandom.com/wiki/Special:Redirect/page/228702,https://lol.fandom.com/wiki/Special:Redirect/file/Rogue_Warriors_Sharklogo_square.png
lp_team_228709,King of Future,King of Future,leaguepedia_cargo,https://lol.fandom.com/wiki/Special:Redirect/page/228709,https://lol.fandom.com/wiki/Special:Redirect/file/King_of_Futurelogo_square.png
lp_team_228711,KeyMedia,KeyMedia,leaguepedia_cargo,https://lol.fandom.com/wiki/Special:Redirect/page/228711,https://lol.fandom.com/wiki/Special:Redirect/file/KeyMedialogo_profile.png
lp_team_228712,ThunderoBot Gaming,ThunderoBot Gaming,leaguepedia_cargo,https://lol.fandom.com/wiki/Special:Redirect/page/228712,https://lol.fandom.com/wiki/Special:Redirect/file/ThunderoBot_Gaminglogo_profile.png
lp_team_228713,VC Gaming,VC Gaming,leaguepedia_cargo,https://lol.fandom.com/wiki/Special:Redirect/page/228713,https://lol.fandom.com/wiki/Special:Redirect/file/VC_Gaminglogo_profile.png
lp_team_228722,OnlyGame,OnlyGame,leaguepedia_cargo,https://lol.fandom.com/wiki/Special:Redirect/page/228722,https://lol.fandom.com/wiki/Special:Redirect/file/OnlyGamelogo_square.png
lp_team_228723,Si Yi Xuan E-Sport,Si Yi Xuan E-Sport,leaguepedia_cargo,https://lol.fandom.com/wiki/Special:Redirect/page/228723,https://lol.fandom.com/wiki/Special:Redirect/file/Si_Yi_Xuan_E-Sportlogo_profile.png
lp_team_228739,Liberty Zeal Queue,Liberty Zeal Queue,leaguepedia_cargo,https://lol.fandom.com/wiki/Special:Redirect/page/228739,https://lol.fandom.com/wiki/Special:Redirect/file/Liberty_Zeal_Queuelogo_profile.png
lp_team_228754,QNG Team,QNG Team,leaguepedia_cargo,https://lol.fandom.com/wiki/Special:Redirect/page/228754,https://lol.fandom.com/wiki/Special:Redirect/file/Qing_Niao_Yu_Xing_Game_Teamlogo_profile.png
lp_team_228756,Scorpio Game,Scorpio Game,leaguepedia_cargo,https://lol.fandom.com/wiki/Special:Redirect/page/228756,https://lol.fandom.com/wiki/Special:Redirect/file/Scorpio_Gamelogo_square.png
lp_team_228762,SHEINOO,SHEINOO,leaguepedia_cargo,https://lol.fandom.com/wiki/Special:Redirect/page/228762,https://lol.fandom.com/wiki/Special:Redirect/file/SHEINOOlogo_profile.png
lp_team_228771,Big One Gaming,Big One Gaming,leaguepedia_cargo,https://lol.fandom.com/wiki/Special:Redirect/page/228771,https://lol.fandom.com/wiki/Special:Redirect/file/Big_One_Gaminglogo_profile.png
lp_team_228774,LanXiang Gaming,LanXiang Gaming,leaguepedia_cargo,https://lol.fandom.com/wiki/Special:Redirect/page/228774,https://lol.fandom.com/wiki/Special:Redirect/file/LanXiang_Gaminglogo_square.png
lp_team_228812,Shadow Cream,Shadow Cream,leaguepedia_cargo,https://lol.fandom.com/wiki/Special:Redirect/page/228812,https://lol.fandom.com/wiki/Special:Redirect/file/Shadow_Creamlogo_square.png
lp_team_228813,CCfuture,CCfuture,leaguepedia_cargo,https://lol.fandom.com/wiki/Special:Redirect/page/228813,https://lol.fandom.com/wiki/Special:Redirect/file/CCfuturelogo_square.png
lp_team_229144,Giants,Giants,leaguepedia_cargo,https://lol.fandom.com/wiki/Special:Redirect/page/229144,https://lol.fandom.com/wiki/Special:Redirect/file/Giants_%28Spanish_Team%29logo_profile.png
lp_team_229174,Fact Revolution,Fact Revolution,leaguepedia_cargo,https://lol.fandom.com/wiki/Special:Redirect/page/229174,https://lol.fandom.com/wiki/Special:Redirect/file/Fact_Revolutionlogo_square.png
lp_team_229431,Sky Gaming,Sky Gaming,leaguepedia_cargo,https://lol.fandom.com/wiki/Special:Redirect/page/229431,https://lol.fandom.com/wiki/Special:Redirect/file/Sky_Gaminglogo_profile.png
lp_team_229472,YeaH! Gaming,YeaH! Gaming,leaguepedia_cargo,https://lol.fandom.com/wiki/Special:Redirect/page/229472,https://lol.fandom.com/wiki/Special:Redirect/file/YeaH%21_Gaminglogo_square.png
lp_team_229542,Tech Titans,Tech Titans,leaguepedia_cargo,https://lol.fandom.com/wiki/Special:Redirect/page/229542,https://lol.fandom.com/wiki/Special:Redirect/file/Tech_Titanslogo_square.png
lp_team_230259,Shock Gaming,Shock Gaming,leaguepedia_cargo,https://lol.fandom.com/wiki/Special:Redirect/page/230259,https://lol.fandom.com/wiki/Special:Redirect/file/Shock_Gaminglogo_square.png
lp_team_230291,Coscu Army,Coscu Army,leaguepedia_cargo,https://lol.fandom.com/wiki/Special:Redirect/page/230291,https://lol.fandom.com/wiki/Special:Redirect/file/Coscu_Armylogo_square.png
lp_team_230311,Sons of Tzu Gaming,Sons of Tzu Gaming,leaguepedia_cargo,https://lol.fandom.com/wiki/Special:Redirect/page/230311,https://lol.fandom.com/wiki/Special:Redirect/file/Sons_of_Tzu_Gaminglogo_square.png
lp_team_230471,Naga Esports,Naga Esports,leaguepedia_cargo,https://lol.fandom.com/wiki/Special:Redirect/page/230471,https://lol.fandom.com/wiki/Special:Redirect/file/Naga_Esportslogo_square.png
lp_team_230541,WP Gaming,WP Gaming,leaguepedia_cargo,https://lol.fandom.com/wiki/Special:Redirect/page/230541,https://lol.fandom.com/wiki/Special:Redirect/file/WP_Gaminglogo_square.png
lp_team_230603,Valorous,Valorous,leaguepedia_cargo,https://lol.fandom.com/wiki/Special:Redirect/page/230603,https://lol.fandom.com/wiki/Special:Redirect/file/Valorouslogo_square.png
lp_team_230805,Undead Gaming,Undead Gaming,leaguepedia_cargo,https://lol.fandom.com/wiki/Special:Redirect/page/230805,https://lol.fandom.com/wiki/Special:Redirect/file/Undead_Gaminglogo_square.png
lp_team_231095,Enclave,Enclave,leaguepedia_cargo,https://lol.fandom.com/wiki/Special:Redirect/page/231095,https://lol.fandom.com/wiki/Special:Redirect/file/Enclavelogo_square.png
lp_team_231391,Berlin International Gaming,Berlin International Gaming,leaguepedia_cargo,https://lol.fandom.com/wiki/Special:Redirect/page/231391,https://lol.fandom.com/wiki/Special:Redirect/file/Berlin_International_Gaminglogo_square.png
lp_team_231412,Grow uP eSports,Grow uP eSports,leaguepedia_cargo,https://lol.fandom.com/wiki/Special:Redirect/page/231412,https://lol.fandom.com/wiki/Special:Redirect/file/Grow_uP_eSportslogo_square.png
lp_team_231773,Redemption eSports Porto Alegre,Redemption eSports Porto Alegre,leaguepedia_cargo,https://lol.fandom.com/wiki/Special:Redirect/page/231773,https://lol.fandom.com/wiki/Special:Redirect/file/Redemption_eSports_Porto_Alegrelogo_square.png
lp_team_231774,ad hoc gaming,ad hoc gaming,leaguepedia_cargo,https://lol.fandom.com/wiki/Special:Redirect/page/231774,https://lol.fandom.com/wiki/Special:Redirect/file/Ad_Hoc_Gaminglogo_square.png
lp_team_231798,Lunary,Lunary,leaguepedia_cargo,https://lol.fandom.com/wiki/Special:Redirect/page/231798,https://lol.fandom.com/wiki/Special:Redirect/file/Lunarylogo_square.png
lp_team_232044,Spain5,Spain5,leaguepedia_cargo,https://lol.fandom.com/wiki/Special:Redirect/page/232044,https://lol.fandom.com/wiki/Special:Redirect/file/Spain5logo_square.png
lp_team_232057,Could Be Better,Could Be Better,leaguepedia_cargo,https://lol.fandom.com/wiki/Special:Redirect/page/232057,https://lol.fandom.com/wiki/Special:Redirect/file/Could_Be_Betterlogo_square.png
lp_team_232120,x25 Esports,x25 Esports,leaguepedia_cargo,https://lol.fandom.com/wiki/Special:Redirect/page/232120,https://lol.fandom.com/wiki/Special:Redirect/file/X25_Esportslogo_square.png
lp_team_232390,MOBA ROG,MOBA ROG,leaguepedia_cargo,https://lol.fandom.com/wiki/Special:Redirect/page/232390,https://lol.fandom.com/wiki/Special:Redirect/file/MOBA_ROGlogo_square.png
lp_team_232456,Team Atlantis,Team Atlantis,leaguepedia_cargo,https://lol.fandom.com/wiki/Special:Redirect/page/232456,https://lol.fandom.com/wiki/Special:Redirect/file/Team_Atlantislogo_square.png
lp_team_232527,Hanwha Life Esports,Hanwha Life Esports,leaguepedia_cargo,https://lol.fandom.com/wiki/Special:Redirect/page/232527,https://lol.fandom.com/wiki/Special:Redirect/file/Hanwha_Life_Esportslogo_profile.png
lp_team_232615,RED Academy,RED Academy,leaguepedia_cargo,https://lol.fandom.com/wiki/Special:Redirect/page/232615,https://lol.fandom.com/wiki/Special:Redirect/file/RED_Academylogo_square.png
lp_team_233014,Ichor Gaming,Ichor Gaming,leaguepedia_cargo,https://lol.fandom.com/wiki/Special:Redirect/page/233014,https://lol.fandom.com/wiki/Special:Redirect/file/Ichor_Gaminglogo_square.png
lp_team_233325,ASUS ROG ELITE,ASUS ROG ELITE,leaguepedia_cargo,https://lol.fandom.com/wiki/Special:Redirect/page/233325,https://lol.fandom.com/wiki/Special:Redirect/file/ASUS_ROG_ELITElogo_square.png
lp_team_233409,LoL Academia,LoL Academia,leaguepedia_cargo,https://lol.fandom.com/wiki/Special:Redirect/page/233409,https://lol.fandom.com/wiki/Special:Redirect/file/LoL_Academialogo_square.png
lp_team_233970,Till Dawn,Till Dawn,leaguepedia_cargo,https://lol.fandom.com/wiki/Special:Redirect/page/233970,https://lol.fandom.com/wiki/Special:Redirect/file/Till_Dawnlogo_square.png
lp_team_234067,MAMMOTH,MAMMOTH,leaguepedia_cargo,https://lol.fandom.com/wiki/Special:Redirect/page/234067,https://lol.fandom.com/wiki/Special:Redirect/file/MAMMOTHlogo_square.png
lp_team_234147,ORDER Academy,ORDER Academy,leaguepedia_cargo,https://lol.fandom.com/wiki/Special:Redirect/page/234147,https://lol.fandom.com/wiki/Special:Redirect/file/ORDERlogo_profile.png
lp_team_234307,Mammoth Academy,Mammoth Academy,leaguepedia_cargo,https://lol.fandom.com/wiki/Special:Redirect/page/234307,https://lol.fandom.com/wiki/Special:Redirect/file/Mammoth_Academylogo_square.png
lp_team_234325,Gen.G,Gen.G,leaguepedia_cargo,https://lol.fandom.com/wiki/Special:Redirect/page/234325,https://lol.fandom.com/wiki/Special:Redirect/file/Gen.Glogo_square.png
lp_team_234648,CLN Vipers,CLN Vipers,leaguepedia_cargo,https://lol.fandom.com/wiki/Special:Redirect/page/234648,https://lol.fandom.com/wiki/Special:Redirect/file/CLAN_Viperslogo_square.png
lp_team_235143,IDM Pirata,IDM Pirata,leaguepedia_cargo,https://lol.fandom.com/wiki/Special:Redirect/page/235143,https://lol.fandom.com/wiki/Special:Redirect/file/IDM_Piratalogo_square.png
lp_team_235203,Racoon,Racoon,leaguepedia_cargo,https://lol.fandom.com/wiki/Special:Redirect/page/235203,https://lol.fandom.com/wiki/Special:Redirect/file/Racoon_%28Italian_Team%29logo_square.png
lp_team_235230,Cyberground Gaming,Cyberground Gaming,leaguepedia_cargo,https://lol.fandom.com/wiki/Special:Redirect/page/235230,https://lol.fandom.com/wiki/Special:Redirect/file/Cyberground_Gaminglogo_square.png
lp_team_235370,Saigon Buffalo,Saigon Buffalo,leaguepedia_cargo,https://lol.fandom.com/wiki/Special:Redirect/page/235370,https://lol.fandom.com/wiki/Special:Redirect/file/Saigon_Buffalologo_square.png
lp_team_235495,Cube Adonis,Cube Adonis,leaguepedia_cargo,https://lol.fandom.com/wiki/Special:Redirect/page/235495,https://lol.fandom.com/wiki/Special:Redirect/file/Cube_Adonislogo_square.png
lp_team_235726,Bursaspor Esports,Bursaspor Esports,leaguepedia_cargo,https://lol.fandom.com/wiki/Special:Redirect/page/235726,https://lol.fandom.com/wiki/Special:Redirect/file/Bursaspor_Esportslogo_profile.png
lp_team_235772,Vikings Gaming,Vikings Gaming,leaguepedia_cargo,https://lol.fandom.com/wiki/Special:Redirect/page/235772,https://lol.fandom.com/wiki/Special:Redirect/file/Vikings_Gaminglogo_profile.png
lp_team_235786,D-City Gaming Stars,D-City Gaming Stars,leaguepedia_cargo,https://lol.fandom.com/wiki/Special:Redirect/page/235786,https://lol.fandom.com/wiki/Special:Redirect/file/D-City_Gaming_Starslogo_square.png
lp_team_236216,Made in France,Made in France,leaguepedia_cargo,https://lol.fandom.com/wiki/Special:Redirect/page/236216,https://lol.fandom.com/wiki/Special:Redirect/file/Made_in_Francelogo_square.png
lp_team_236312,GC Busan Rising Star,GC Busan Rising Star,leaguepedia_cargo,https://lol.fandom.com/wiki/Special:Redirect/page/236312,https://lol.fandom.com/wiki/Special:Redirect/file/GC_Busan_Rising_Starlogo_square.png
lp_team_236406,EVOPLAY,EVOPLAY,leaguepedia_cargo,https://lol.fandom.com/wiki/Special:Redirect/page/236406,https://lol.fandom.com/wiki/Special:Redirect/file/EVOPLAYlogo_square.png
lp_team_236431,Impact Gaming,Impact Gaming,leaguepedia_cargo,https://lol.fandom.com/wiki/Special:Redirect/page/236431,https://lol.fandom.com/wiki/Special:Redirect/file/Impact_Gaminglogo_square.png
lp_team_236507,Tempered Fate,Tempered Fate,leaguepedia_cargo,https://lol.fandom.com/wiki/Special:Redirect/page/236507,https://lol.fandom.com/wiki/Special:Redirect/file/Tempered_Fatelogo_square.png
lp_team_236657,NextGaming,NextGaming,leaguepedia_cargo,https://lol.fandom.com/wiki/Special:Redirect/page/236657,https://lol.fandom.com/wiki/Special:Redirect/file/NextGaminglogo_square.png
lp_team_236674,True eSport,True eSport,leaguepedia_cargo,https://lol.fandom.com/wiki/Special:Redirect/page/236674,https://lol.fandom.com/wiki/Special:Redirect/file/True_eSportlogo_square.png
lp_team_237109,Valhalla Vikings,Valhalla Vikings,leaguepedia_cargo,https://lol.fandom.com/wiki/Special:Redirect/page/237109,https://lol.fandom.com/wiki/Special:Redirect/file/Valhalla_Vikingslogo_square.png
lp_team_237347,Aequilibritas E-Sports,Aequilibritas E-Sports,leaguepedia_cargo,https://lol.fandom.com/wiki/Special:Redirect/page/237347,https://lol.fandom.com/wiki/Special:Redirect/file/Aequilibritas_E-Sportslogo_square.png
lp_team_237352,Unicorns of Love Sexy Edition,Unicorns of Love Sexy Edition,leaguepedia_cargo,https://lol.fandom.com/wiki/Special:Redirect/page/237352,https://lol.fandom.com/wiki/Special:Redirect/file/Unicorns_of_Love_Sexy_Editionlogo_square.png
lp_team_237404,Good Game Esport,Good Game Esport,leaguepedia_cargo,https://lol.fandom.com/wiki/Special:Redirect/page/237404,https://lol.fandom.com/wiki/Special:Redirect/file/Good_Game_Esportlogo_square.png
lp_team_238096,Santos e-Sports,Santos e-Sports,leaguepedia_cargo,https://lol.fandom.com/wiki/Special:Redirect/page/238096,https://lol.fandom.com/wiki/Special:Redirect/file/Santos_e-Sportslogo_square.png
lp_team_238302,Super Star Destroyers,Super Star Destroyers,leaguepedia_cargo,https://lol.fandom.com/wiki/Special:Redirect/page/238302,https://lol.fandom.com/wiki/Special:Redirect/file/Sky_Gaminglogo_square.png
lp_team_238308,The Tower,The Tower,leaguepedia_cargo,https://lol.fandom.com/wiki/Special:Redirect/page/238308,https://lol.fandom.com/wiki/Special:Redirect/file/The_Towerlogo_square.png
lp_team_238697,ESC Gaming Omega,ESC Gaming Omega,leaguepedia_cargo,https://lol.fandom.com/wiki/Special:Redirect/page/238697,https://lol.fandom.com/wiki/Special:Redirect/file/ESC_Gaming_Omegalogo_square.png
lp_team_238753,ESC Gaming,ESC Gaming,leaguepedia_cargo,https://lol.fandom.com/wiki/Special:Redirect/page/238753,https://lol.fandom.com/wiki/Special:Redirect/file/ESC_Gaming_Omegalogo_square.png
lp_team_238780,Pars eSports,Pars eSports,leaguepedia_cargo,https://lol.fandom.com/wiki/Special:Redirect/page/238780,https://lol.fandom.com/wiki/Special:Redirect/file/Pars_eSportslogo_square.png
lp_team_238785,GamerLegion,GamerLegion,leaguepedia_cargo,https://lol.fandom.com/wiki/Special:Redirect/page/238785,https://lol.fandom.com/wiki/Special:Redirect/file/GamerLegionlogo_square.png
lp_team_238817,Packa Pappas Kappsäck,Packa Pappas Kappsäck,leaguepedia_cargo,https://lol.fandom.com/wiki/Special:Redirect/page/238817,https://lol.fandom.com/wiki/Special:Redirect/file/Packa_Pappas_Kapps%C3%A4cklogo_square.png
lp_team_238820,BowQen Blackbucks,BowQen Blackbucks,leaguepedia_cargo,https://lol.fandom.com/wiki/Special:Redirect/page/238820,https://lol.fandom.com/wiki/Special:Redirect/file/BowQen_Blackbuckslogo_square.png
lp_team_238828,Two-eyed Monsters,Two-eyed Monsters,leaguepedia_cargo,https://lol.fandom.com/wiki/Special:Redirect/page/238828,https://lol.fandom.com/wiki/Special:Redirect/file/Two-eyed_Monsterslogo_square.png
lp_team_238863,SunSister ReUnion,SunSister ReUnion,leaguepedia_cargo,https://lol.fandom.com/wiki/Special:Redirect/page/238863,https://lol.fandom.com/wiki/Special:Redirect/file/SunSister_ReUnionlogo_square.png
lp_team_238931,BUFF,BUFF,leaguepedia_cargo,https://lol.fandom.com/wiki/Special:Redirect/page/238931,https://lol.fandom.com/wiki/Special:Redirect/file/BUFFlogo_square.png
lp_team_238990,WLGaming Esports,WLGaming Esports,leaguepedia_cargo,https://lol.fandom.com/wiki/Special:Redirect/page/238990,https://lol.fandom.com/wiki/Special:Redirect/file/We_Love_Gaminglogo_square.png
lp_team_239058,Intuition,Intuition,leaguepedia_cargo,https://lol.fandom.com/wiki/Special:Redirect/page/239058,https://lol.fandom.com/wiki/Special:Redirect/file/Intuitionlogo_square.png
lp_team_239069,Chiefs Academy,Chiefs Academy,leaguepedia_cargo,https://lol.fandom.com/wiki/Special:Redirect/page/239069,https://lol.fandom.com/wiki/Special:Redirect/file/The_Chiefs_eSports_Clublogo_square.png
lp_team_239474,Outlawz,Outlawz,leaguepedia_cargo,https://lol.fandom.com/wiki/Special:Redirect/page/239474,https://lol.fandom.com/wiki/Special:Redirect/file/Outlawzlogo_square.png
lp_team_239479,Supremacy,Supremacy,leaguepedia_cargo,https://lol.fandom.com/wiki/Special:Redirect/page/239479,https://lol.fandom.com/wiki/Special:Redirect/file/Supremacylogo_square.png
lp_team_239615,Smash It Down,Smash It Down,leaguepedia_cargo,https://lol.fandom.com/wiki/Special:Redirect/page/239615,https://lol.fandom.com/wiki/Special:Redirect/file/Smash_It_Downlogo_square.png
lp_team_239651,Aftershock Esports,Aftershock Esports,leaguepedia_cargo,https://lol.fandom.com/wiki/Special:Redirect/page/239651,https://lol.fandom.com/wiki/Special:Redirect/file/Aftershock_Esportslogo_square.png
lp_team_239815,Alice Queen,Alice Queen,leaguepedia_cargo,https://lol.fandom.com/wiki/Special:Redirect/page/239815,https://lol.fandom.com/wiki/Special:Redirect/file/Alice_Queenlogo_square.png
lp_team_239945,Virtual Reality Game,Virtual Reality Game,leaguepedia_cargo,https://lol.fandom.com/wiki/Special:Redirect/page/239945,https://lol.fandom.com/wiki/Special:Redirect/file/Virtual_Reality_Gamelogo_square.png
lp_team_239946,Chong Qing Gaming,Chong Qing Gaming,leaguepedia_cargo,https://lol.fandom.com/wiki/Special:Redirect/page/239946,https://lol.fandom.com/wiki/Special:Redirect/file/Chong_Qing_Gaminglogo_square.png
lp_team_239947,Vortex Team,Vortex Team,leaguepedia_cargo,https://lol.fandom.com/wiki/Special:Redirect/page/239947,https://lol.fandom.com/wiki/Special:Redirect/file/Vortex_Teamlogo_profile.png
lp_team_240278,XD Prinfor B,XD Prinfor B,leaguepedia_cargo,https://lol.fandom.com/wiki/Special:Redirect/page/240278,https://lol.fandom.com/wiki/Special:Redirect/file/XD_Prinfor_Blogo_square.png
lp_team_240314,Forger Esports,Forger Esports,leaguepedia_cargo,https://lol.fandom.com/wiki/Special:Redirect/page/240314,https://lol.fandom.com/wiki/Special:Redirect/file/Forger_Esportslogo_square.png
lp_team_241781,NoFancy,NoFancy,leaguepedia_cargo,https://lol.fandom.com/wiki/Special:Redirect/page/241781,https://lol.fandom.com/wiki/Special:Redirect/file/NoFancylogo_square.png
lp_team_241827,HANAGUMI KAREN,HANAGUMI KAREN,leaguepedia_cargo,https://lol.fandom.com/wiki/Special:Redirect/page/241827,https://lol.fandom.com/wiki/Special:Redirect/file/HANAGUMI_KARENlogo_square.png
lp_team_242020,EGN Esports,EGN Esports,leaguepedia_cargo,https://lol.fandom.com/wiki/Special:Redirect/page/242020,https://lol.fandom.com/wiki/Special:Redirect/file/EGN_Esportslogo_square.png
lp_team_242094,WuDu,WuDu,leaguepedia_cargo,https://lol.fandom.com/wiki/Special:Redirect/page/242094,https://lol.fandom.com/wiki/Special:Redirect/file/WuDulogo_square.png
lp_team_242189,Team Furca,Team Furca,leaguepedia_cargo,https://lol.fandom.com/wiki/Special:Redirect/page/242189,https://lol.fandom.com/wiki/Special:Redirect/file/Team_Furcalogo_square.png
lp_team_242343,SanHe Gaming,SanHe Gaming,leaguepedia_cargo,https://lol.fandom.com/wiki/Special:Redirect/page/242343,https://lol.fandom.com/wiki/Special:Redirect/file/SanHe_Gaminglogo_square.png
lp_team_242361,LaoPengYou,LaoPengYou,leaguepedia_cargo,https://lol.fandom.com/wiki/Special:Redirect/page/242361,https://lol.fandom.com/wiki/Special:Redirect/file/LaoPengYoulogo_square.png
lp_team_242362,OuYi Game Team,OuYi Game Team,leaguepedia_cargo,https://lol.fandom.com/wiki/Special:Redirect/page/242362,https://lol.fandom.com/wiki/Special:Redirect/file/OuYi_Game_Teamlogo_square.png
lp_team_242363,DengKaiLi Game Team,DengKaiLi Game Team,leaguepedia_cargo,https://lol.fandom.com/wiki/Special:Redirect/page/242363,https://lol.fandom.com/wiki/Special:Redirect/file/DengKaiLi_Game_Teamlogo_square.png
lp_team_242392,SuperEsports (超競學院),SuperEsports (超競學院),leaguepedia_cargo,https://lol.fandom.com/wiki/Special:Redirect/page/242392,https://lol.fandom.com/wiki/Special:Redirect/file/SuperEsportslogo_square.png
lp_team_242572,Havan Liberty,Havan Liberty,leaguepedia_cargo,https://lol.fandom.com/wiki/Special:Redirect/page/242572,https://lol.fandom.com/wiki/Special:Redirect/file/Havan_Liberty_Gaminglogo_profile.png
lp_team_247762,Level One,Level One,leaguepedia_cargo,https://lol.fandom.com/wiki/Special:Redirect/page/247762,https://lol.fandom.com/wiki/Special:Redirect/file/Level_Onelogo_square.png
lp_team_248027,Gamespace Mediterranean College Esports,Gamespace Mediterranean College Esports,leaguepedia_cargo,https://lol.fandom.com/wiki/Special:Redirect/page/248027,https://lol.fandom.com/wiki/Special:Redirect/file/Gamespace_Mediterranean_College_Esportslogo_square.png
lp_team_248408,AVANGAR,AVANGAR,leaguepedia_cargo,https://lol.fandom.com/wiki/Special:Redirect/page/248408,https://lol.fandom.com/wiki/Special:Redirect/file/AVANGARlogo_square.png
lp_team_248411,PlaPro.c58,PlaPro.c58,leaguepedia_cargo,https://lol.fandom.com/wiki/Special:Redirect/page/248411,https://lol.fandom.com/wiki/Special:Redirect/file/PlaPro.c58logo_square.png
lp_team_248442,Team Sky,Team Sky,leaguepedia_cargo,https://lol.fandom.com/wiki/Special:Redirect/page/248442,https://lol.fandom.com/wiki/Special:Redirect/file/Team_Skylogo_profile.png
lp_team_248495,Monolith Gaming,Monolith Gaming,leaguepedia_cargo,https://lol.fandom.com/wiki/Special:Redirect/page/248495,https://lol.fandom.com/wiki/Special:Redirect/file/Monolith_Gaminglogo_square.png
lp_team_248607,XD Prinfor,XD Prinfor,leaguepedia_cargo,https://lol.fandom.com/wiki/Special:Redirect/page/248607,https://lol.fandom.com/wiki/Special:Redirect/file/XD_Prinforlogo_square.png
lp_team_248870,Eyeshield Gaming,Eyeshield Gaming,leaguepedia_cargo,https://lol.fandom.com/wiki/Special:Redirect/page/248870,https://lol.fandom.com/wiki/Special:Redirect/file/Eyeshield_Gaminglogo_square.png
lp_team_249018,Emprox,Emprox,leaguepedia_cargo,https://lol.fandom.com/wiki/Special:Redirect/page/249018,https://lol.fandom.com/wiki/Special:Redirect/file/Emproxlogo_square.png
lp_team_249038,Crimson Gaming,Crimson Gaming,leaguepedia_cargo,https://lol.fandom.com/wiki/Special:Redirect/page/249038,https://lol.fandom.com/wiki/Special:Redirect/file/Crimson_Gaminglogo_square.png
lp_team_249042,QUT Tigers,QUT Tigers,leaguepedia_cargo,https://lol.fandom.com/wiki/Special:Redirect/page/249042,https://lol.fandom.com/wiki/Special:Redirect/file/QUT_Tigerslogo_square.png
lp_team_249046,Avant Academy,Avant Academy,leaguepedia_cargo,https://lol.fandom.com/wiki/Special:Redirect/page/249046,https://lol.fandom.com/wiki/Special:Redirect/file/Avant_Academylogo_square.png
lp_team_249380,Czas na zasady,Czas na zasady,leaguepedia_cargo,https://lol.fandom.com/wiki/Special:Redirect/page/249380,https://lol.fandom.com/wiki/Special:Redirect/file/Czas_na_zasadylogo_square.png
lp_team_249384,Copenhagen Flames,Copenhagen Flames,leaguepedia_cargo,https://lol.fandom.com/wiki/Special:Redirect/page/249384,https://lol.fandom.com/wiki/Special:Redirect/file/Copenhagen_Flameslogo_square.png
lp_team_249790,Adive,Adive,leaguepedia_cargo,https://lol.fandom.com/wiki/Special:Redirect/page/249790,https://lol.fandom.com/wiki/Special:Redirect/file/Adivelogo_square.png
lp_team_249841,Iron Wolves,Iron Wolves,leaguepedia_cargo,https://lol.fandom.com/wiki/Special:Redirect/page/249841,https://lol.fandom.com/wiki/Special:Redirect/file/Iron_Wolveslogo_profile.png
lp_team_249842,Team Atlantis Baltics,Team Atlantis Baltics,leaguepedia_cargo,https://lol.fandom.com/wiki/Special:Redirect/page/249842,https://lol.fandom.com/wiki/Special:Redirect/file/Team_Atlantis_Balticslogo_square.png
lp_team_249844,Žalgiris Esports,Žalgiris Esports,leaguepedia_cargo,https://lol.fandom.com/wiki/Special:Redirect/page/249844,https://lol.fandom.com/wiki/Special:Redirect/file/%C5%BDalgiris_Esportslogo_square.png
lp_team_249846,Turing eSports,Turing eSports,leaguepedia_cargo,https://lol.fandom.com/wiki/Special:Redirect/page/249846,https://lol.fandom.com/wiki/Special:Redirect/file/Turing_eSportslogo_square.png
lp_team_249906,Sector One,Sector One,leaguepedia_cargo,https://lol.fandom.com/wiki/Special:Redirect/page/249906,https://lol.fandom.com/wiki/Special:Redirect/file/Sector_Onelogo_profile.png
lp_team_249913,Ground Zero Gaming,Ground Zero Gaming,leaguepedia_cargo,https://lol.fandom.com/wiki/Special:Redirect/page/249913,https://lol.fandom.com/wiki/Special:Redirect/file/Ground_Zero_Gaminglogo_square.png
lp_team_249945,Sector One Black,Sector One Black,leaguepedia_cargo,https://lol.fandom.com/wiki/Special:Redirect/page/249945,https://lol.fandom.com/wiki/Special:Redirect/file/Sector_One_Blacklogo_square.png
lp_team_250156,Polar Bears,Polar Bears,leaguepedia_cargo,https://lol.fandom.com/wiki/Special:Redirect/page/250156,https://lol.fandom.com/wiki/Special:Redirect/file/Polar_Bearslogo_square.png
lp_team_250192,Tectonic Academy,Tectonic Academy,leaguepedia_cargo,https://lol.fandom.com/wiki/Special:Redirect/page/250192,https://lol.fandom.com/wiki/Special:Redirect/file/Tectonic_Academylogo_square.png
lp_team_250252,WiLD MultiGaming,WiLD MultiGaming,leaguepedia_cargo,https://lol.fandom.com/wiki/Special:Redirect/page/250252,https://lol.fandom.com/wiki/Special:Redirect/file/WiLD_MultiGaminglogo_square.png
lp_team_250263,Falcon E-Sports,Falcon E-Sports,leaguepedia_cargo,https://lol.fandom.com/wiki/Special:Redirect/page/250263,https://lol.fandom.com/wiki/Special:Redirect/file/Falcon_E-Sportslogo_square.png
lp_team_250340,New Dynasty,New Dynasty,leaguepedia_cargo,https://lol.fandom.com/wiki/Special:Redirect/page/250340,https://lol.fandom.com/wiki/Special:Redirect/file/New_Dynastylogo_profile.png
lp_team_250369,Mythus Esports,Mythus Esports,leaguepedia_cargo,https://lol.fandom.com/wiki/Special:Redirect/page/250369,https://lol.fandom.com/wiki/Special:Redirect/file/Mythus_Esportslogo_square.png
lp_team_250552,Andes Esports,Andes Esports,leaguepedia_cargo,https://lol.fandom.com/wiki/Special:Redirect/page/250552,https://lol.fandom.com/wiki/Special:Redirect/file/Andes_Esportslogo_square.png
lp_team_250851,Team Echo Zulu,Team Echo Zulu,leaguepedia_cargo,https://lol.fandom.com/wiki/Special:Redirect/page/250851,https://lol.fandom.com/wiki/Special:Redirect/file/Team_Echo_Zululogo_square.png
lp_team_250995,Ravioli Ravioli,Ravioli Ravioli,leaguepedia_cargo,https://lol.fandom.com/wiki/Special:Redirect/page/250995,https://lol.fandom.com/wiki/Special:Redirect/file/Ravioli_Raviolilogo_square.png
lp_team_251015,Falkol,Falkol,leaguepedia_cargo,https://lol.fandom.com/wiki/Special:Redirect/page/251015,https://lol.fandom.com/wiki/Special:Redirect/file/Falkollogo_square.png
lp_team_251115,Just Toys Gaming,Just Toys Gaming,leaguepedia_cargo,https://lol.fandom.com/wiki/Special:Redirect/page/251115,https://lol.fandom.com/wiki/Special:Redirect/file/Just_Toys_Gaminglogo_square.png
lp_team_251129,Heroes of the Universe E-Sports Brazil,Heroes of the Universe E-Sports Brazil,leaguepedia_cargo,https://lol.fandom.com/wiki/Special:Redirect/page/251129,https://lol.fandom.com/wiki/Special:Redirect/file/Heroes_of_the_Universe_E-Sports_Brazillogo_square.png
lp_team_251133,Royal Penguins,Royal Penguins,leaguepedia_cargo,https://lol.fandom.com/wiki/Special:Redirect/page/251133,https://lol.fandom.com/wiki/Special:Redirect/file/Royal_Penguinslogo_square.png
lp_team_251153,ToxicFalcons eSports,ToxicFalcons eSports,leaguepedia_cargo,https://lol.fandom.com/wiki/Special:Redirect/page/251153,https://lol.fandom.com/wiki/Special:Redirect/file/ToxicFalcons_eSportslogo_square.png
lp_team_251508,BloodRain-Gaming,BloodRain-Gaming,leaguepedia_cargo,https://lol.fandom.com/wiki/Special:Redirect/page/251508,https://lol.fandom.com/wiki/Special:Redirect/file/BloodRain-Gaminglogo_square.png
lp_team_251611,Defusekids,Defusekids,leaguepedia_cargo,https://lol.fandom.com/wiki/Special:Redirect/page/251611,https://lol.fandom.com/wiki/Special:Redirect/file/Defusekidslogo_square.png
lp_team_253193,Zeu5 Gaming,Zeu5 Gaming,leaguepedia_cargo,https://lol.fandom.com/wiki/Special:Redirect/page/253193,https://lol.fandom.com/wiki/Special:Redirect/file/Zeu5_Gaminglogo_square.png
lp_team_253417,Instinct Gaming,Instinct Gaming,leaguepedia_cargo,https://lol.fandom.com/wiki/Special:Redirect/page/253417,https://lol.fandom.com/wiki/Special:Redirect/file/Instinct_Gaminglogo_square.png
lp_team_254065,VAULT,VAULT,leaguepedia_cargo,https://lol.fandom.com/wiki/Special:Redirect/page/254065,https://lol.fandom.com/wiki/Special:Redirect/file/VAULTlogo_square.png
lp_team_254122,Powned.it,Powned.it,leaguepedia_cargo,https://lol.fandom.com/wiki/Special:Redirect/page/254122,https://lol.fandom.com/wiki/Special:Redirect/file/Powned.itlogo_square.png
lp_team_254209,DIVIZON,DIVIZON,leaguepedia_cargo,https://lol.fandom.com/wiki/Special:Redirect/page/254209,https://lol.fandom.com/wiki/Special:Redirect/file/DIVIZONlogo_square.png
lp_team_255122,Dark Zone,Dark Zone,leaguepedia_cargo,https://lol.fandom.com/wiki/Special:Redirect/page/255122,https://lol.fandom.com/wiki/Special:Redirect/file/ASD_Dark_Zonelogo_square.png
lp_team_255304,ToxicFalcons eSports Belgium,ToxicFalcons eSports Belgium,leaguepedia_cargo,https://lol.fandom.com/wiki/Special:Redirect/page/255304,https://lol.fandom.com/wiki/Special:Redirect/file/ToxicFalcons_eSports_Belgiumlogo_square.png
lp_team_255520,Team EasyFix Co-Hop,Team EasyFix Co-Hop,leaguepedia_cargo,https://lol.fandom.com/wiki/Special:Redirect/page/255520,https://lol.fandom.com/wiki/Special:Redirect/file/Team_EasyFix_Co-Hoplogo_square.png
lp_team_255564,Dark Crows,Dark Crows,leaguepedia_cargo,https://lol.fandom.com/wiki/Special:Redirect/page/255564,https://lol.fandom.com/wiki/Special:Redirect/file/Dark_Crowslogo_square.png
lp_team_256370,Imperium Gaming,Imperium Gaming,leaguepedia_cargo,https://lol.fandom.com/wiki/Special:Redirect/page/256370,https://lol.fandom.com/wiki/Special:Redirect/file/Imperium_Gaminglogo_square.png
lp_team_256543,Wisła Płock eSports,Wisła Płock eSports,leaguepedia_cargo,https://lol.fandom.com/wiki/Special:Redirect/page/256543,https://lol.fandom.com/wiki/Special:Redirect/file/Wis%C5%82a_P%C5%82ock_eSportslogo_profile.png
lp_team_256633,Regular Team,Regular Team,leaguepedia_cargo,https://lol.fandom.com/wiki/Special:Redirect/page/256633,https://lol.fandom.com/wiki/Special:Redirect/file/Regular_Teamlogo_square.png
lp_team_256674,Astralis,Astralis,leaguepedia_cargo,https://lol.fandom.com/wiki/Special:Redirect/page/256674,https://lol.fandom.com/wiki/Special:Redirect/file/Astralislogo_profile.png
lp_team_256785,Bring It On,Bring It On,leaguepedia_cargo,https://lol.fandom.com/wiki/Special:Redirect/page/256785,https://lol.fandom.com/wiki/Special:Redirect/file/Bring_It_Onlogo_square.png
lp_team_257099,Phelan Gaming,Phelan Gaming,leaguepedia_cargo,https://lol.fandom.com/wiki/Special:Redirect/page/257099,https://lol.fandom.com/wiki/Special:Redirect/file/Phelan_Gaminglogo_square.png
lp_team_257253,Brussels Guardians,Brussels Guardians,leaguepedia_cargo,https://lol.fandom.com/wiki/Special:Redirect/page/257253,https://lol.fandom.com/wiki/Special:Redirect/file/Brussels_Guardianslogo_square.png
lp_team_257383,All Knights,All Knights,leaguepedia_cargo,https://lol.fandom.com/wiki/Special:Redirect/page/257383,https://lol.fandom.com/wiki/Special:Redirect/file/All_Knightslogo_profile.png
lp_team_257429,FroztFire Team,FroztFire Team,leaguepedia_cargo,https://lol.fandom.com/wiki/Special:Redirect/page/257429,https://lol.fandom.com/wiki/Special:Redirect/file/FroztFire_Teamlogo_square.png
lp_team_257522,Xavier Esports,Xavier Esports,leaguepedia_cargo,https://lol.fandom.com/wiki/Special:Redirect/page/257522,https://lol.fandom.com/wiki/Special:Redirect/file/Xavier_Esportslogo_profile.png
lp_team_257651,ASP Esports,ASP Esports,leaguepedia_cargo,https://lol.fandom.com/wiki/Special:Redirect/page/257651,https://lol.fandom.com/wiki/Special:Redirect/file/ASP_Esportslogo_square.png
lp_team_258103,Kraken E-Sports,Kraken E-Sports,leaguepedia_cargo,https://lol.fandom.com/wiki/Special:Redirect/page/258103,https://lol.fandom.com/wiki/Special:Redirect/file/Kraken_E-Sportslogo_square.png
lp_team_258174,R-SIXTEAM,R-SIXTEAM,leaguepedia_cargo,https://lol.fandom.com/wiki/Special:Redirect/page/258174,https://lol.fandom.com/wiki/Special:Redirect/file/R-SIXTEAMlogo_square.png
lp_team_258408,Asura eSports,Asura eSports,leaguepedia_cargo,https://lol.fandom.com/wiki/Special:Redirect/page/258408,https://lol.fandom.com/wiki/Special:Redirect/file/Asura_eSportslogo_square.png
lp_team_258502,Sangal Esports,Sangal Esports,leaguepedia_cargo,https://lol.fandom.com/wiki/Special:Redirect/page/258502,https://lol.fandom.com/wiki/Special:Redirect/file/Sangal_Esportslogo_square.png
lp_team_258542,Black Lion,Black Lion,leaguepedia_cargo,https://lol.fandom.com/wiki/Special:Redirect/page/258542,https://lol.fandom.com/wiki/Special:Redirect/file/Black_Lionlogo_profile.png
lp_team_258626,Predators Academy,Predators Academy,leaguepedia_cargo,https://lol.fandom.com/wiki/Special:Redirect/page/258626,https://lol.fandom.com/wiki/Special:Redirect/file/Predators_Academylogo_square.png
lp_team_258705,Piast Gliwice Esports,Piast Gliwice Esports,leaguepedia_cargo,https://lol.fandom.com/wiki/Special:Redirect/page/258705,https://lol.fandom.com/wiki/Special:Redirect/file/Piast_Gliwice_Esportslogo_profile.png
lp_team_258750,Reload Esports,Reload Esports,leaguepedia_cargo,https://lol.fandom.com/wiki/Special:Redirect/page/258750,https://lol.fandom.com/wiki/Special:Redirect/file/Reload_eSportslogo_square.png
lp_team_258784,Estoril Praia eSports,Estoril Praia eSports,leaguepedia_cargo,https://lol.fandom.com/wiki/Special:Redirect/page/258784,https://lol.fandom.com/wiki/Special:Redirect/file/Estoril_Praia_eSportslogo_square.png
lp_team_259092,Valkiria Esports,Valkiria Esports,leaguepedia_cargo,https://lol.fandom.com/wiki/Special:Redirect/page/259092,https://lol.fandom.com/wiki/Special:Redirect/file/Valkiria_Esportslogo_square.png
lp_team_259096,Akademia,Akademia,leaguepedia_cargo,https://lol.fandom.com/wiki/Special:Redirect/page/259096,https://lol.fandom.com/wiki/Special:Redirect/file/Akademialogo_square.png
lp_team_259173,Sharks Esports Team,Sharks Esports Team,leaguepedia_cargo,https://lol.fandom.com/wiki/Special:Redirect/page/259173,https://lol.fandom.com/wiki/Special:Redirect/file/Sharks_Esports_Teamlogo_square.png
lp_team_259175,Stormbringers,Stormbringers,leaguepedia_cargo,https://lol.fandom.com/wiki/Special:Redirect/page/259175,https://lol.fandom.com/wiki/Special:Redirect/file/Stormbringerslogo_square.png
lp_team_259178,Movistar Riders Academy,Movistar Riders Academy,leaguepedia_cargo,https://lol.fandom.com/wiki/Special:Redirect/page/259178,https://lol.fandom.com/wiki/Special:Redirect/file/Movistar_Riders_Academylogo_square.png
lp_team_259181,MAD Lions Academy,MAD Lions Academy,leaguepedia_cargo,https://lol.fandom.com/wiki/Special:Redirect/page/259181,https://lol.fandom.com/wiki/Special:Redirect/file/MAD_Lions_Academylogo_square.png
lp_team_259185,Vodafone Giants Academy,Vodafone Giants Academy,leaguepedia_cargo,https://lol.fandom.com/wiki/Special:Redirect/page/259185,https://lol.fandom.com/wiki/Special:Redirect/file/Vodafone_Giants_Academylogo_square.png
lp_team_259371,Polar Ace,Polar Ace,leaguepedia_cargo,https://lol.fandom.com/wiki/Special:Redirect/page/259371,https://lol.fandom.com/wiki/Special:Redirect/file/Polar_Acelogo_square.png
lp_team_259487,Supernova,Supernova,leaguepedia_cargo,https://lol.fandom.com/wiki/Special:Redirect/page/259487,https://lol.fandom.com/wiki/Special:Redirect/file/Supernovalogo_square.png
lp_team_259869,Royal Youth Academy,Royal Youth Academy,leaguepedia_cargo,https://lol.fandom.com/wiki/Special:Redirect/page/259869,https://lol.fandom.com/wiki/Special:Redirect/file/Royal_Youth_Academylogo_square.png
lp_team_260093,Dawn of Stars,Dawn of Stars,leaguepedia_cargo,https://lol.fandom.com/wiki/Special:Redirect/page/260093,https://lol.fandom.com/wiki/Special:Redirect/file/Dawn_of_Starslogo_square.png
lp_team_260097,RIFT Esports,RIFT Esports,leaguepedia_cargo,https://lol.fandom.com/wiki/Special:Redirect/page/260097,https://lol.fandom.com/wiki/Special:Redirect/file/RIFT_Esportslogo_square.png
lp_team_260113,Rogue,Rogue,leaguepedia_cargo,https://lol.fandom.com/wiki/Special:Redirect/page/260113,https://lol.fandom.com/wiki/Special:Redirect/file/Rogue_%28European_Team%29logo_square.png
lp_team_260119,North,North,leaguepedia_cargo,https://lol.fandom.com/wiki/Special:Redirect/page/260119,https://lol.fandom.com/wiki/Special:Redirect/file/North_%282018_European_Team%29logo_profile.png
lp_team_260626,AZIO eSports,AZIO eSports,leaguepedia_cargo,https://lol.fandom.com/wiki/Special:Redirect/page/260626,https://lol.fandom.com/wiki/Special:Redirect/file/AZIO_eSportslogo_square.png
lp_team_261025,Eternals Gaming,Eternals Gaming,leaguepedia_cargo,https://lol.fandom.com/wiki/Special:Redirect/page/261025,https://lol.fandom.com/wiki/Special:Redirect/file/Eternals_Gaminglogo_square.png
lp_team_261114,Maryville University,Maryville University,leaguepedia_cargo,https://lol.fandom.com/wiki/Special:Redirect/page/261114,https://lol.fandom.com/wiki/Special:Redirect/file/Maryville_Universitylogo_profile.png
lp_team_261164,Team Cloud Drake,Team Cloud Drake,leaguepedia_cargo,https://lol.fandom.com/wiki/Special:Redirect/page/261164,https://lol.fandom.com/wiki/Special:Redirect/file/Team_Cloud_Drake_%28NASG_Team%29logo_square.png
lp_team_261169,Team Infernal Drake,Team Infernal Drake,leaguepedia_cargo,https://lol.fandom.com/wiki/Special:Redirect/page/261169,https://lol.fandom.com/wiki/Special:Redirect/file/Team_Infernal_Drake_%28NASG_Team%29logo_square.png
lp_team_261174,Team Mountain Drake,Team Mountain Drake,leaguepedia_cargo,https://lol.fandom.com/wiki/Special:Redirect/page/261174,https://lol.fandom.com/wiki/Special:Redirect/file/Team_Mountain_Drake_%28NASG_Team%29logo_square.png
lp_team_261178,Team Ocean Drake,Team Ocean Drake,leaguepedia_cargo,https://lol.fandom.com/wiki/Special:Redirect/page/261178,https://lol.fandom.com/wiki/Special:Redirect/file/Team_Ocean_Drake_%28NASG_Team%29logo_square.png
lp_team_261358,Team Arcade,Team Arcade,leaguepedia_cargo,https://lol.fandom.com/wiki/Special:Redirect/page/261358,https://lol.fandom.com/wiki/Special:Redirect/file/Team_Arcadelogo_square.png
lp_team_261376,Austrian Force willhaben,Austrian Force willhaben,leaguepedia_cargo,https://lol.fandom.com/wiki/Special:Redirect/page/261376,https://lol.fandom.com/wiki/Special:Redirect/file/Austrian_Force_willhabenlogo_profile.png
lp_team_261556,SeaDoggos,SeaDoggos,leaguepedia_cargo,https://lol.fandom.com/wiki/Special:Redirect/page/261556,https://lol.fandom.com/wiki/Special:Redirect/file/SeaDoggoslogo_square.png
lp_team_261562,Royal Youth,Royal Youth,leaguepedia_cargo,https://lol.fandom.com/wiki/Special:Redirect/page/261562,https://lol.fandom.com/wiki/Special:Redirect/file/Royal_Youthlogo_square.png
lp_team_261689,Furious Gaming Academy,Furious Gaming Academy,leaguepedia_cargo,https://lol.fandom.com/wiki/Special:Redirect/page/261689,https://lol.fandom.com/wiki/Special:Redirect/file/FG_logo.png
lp_team_261691,Isurus Academy,Isurus Academy,leaguepedia_cargo,https://lol.fandom.com/wiki/Special:Redirect/page/261691,https://lol.fandom.com/wiki/Special:Redirect/file/Isuruslogo_square.png
lp_team_261699,Doxa Gaming,Doxa Gaming,leaguepedia_cargo,https://lol.fandom.com/wiki/Special:Redirect/page/261699,https://lol.fandom.com/wiki/Special:Redirect/file/Doxa_Gaminglogo_square.png
lp_team_263122,MAD Lions E.C. Colombia,MAD Lions E.C. Colombia,leaguepedia_cargo,https://lol.fandom.com/wiki/Special:Redirect/page/263122,https://lol.fandom.com/wiki/Special:Redirect/file/MAD_Lions_E.C._Colombialogo_square.png
lp_team_263265,MJ-Esports,MJ-Esports,leaguepedia_cargo,https://lol.fandom.com/wiki/Special:Redirect/page/263265,https://lol.fandom.com/wiki/Special:Redirect/file/MJ-Esportslogo_square.png
lp_team_263398,Gravitas,Gravitas,leaguepedia_cargo,https://lol.fandom.com/wiki/Special:Redirect/page/263398,https://lol.fandom.com/wiki/Special:Redirect/file/Gravitaslogo_profile.png
lp_team_264513,VIS eSports,VIS eSports,leaguepedia_cargo,https://lol.fandom.com/wiki/Special:Redirect/page/264513,https://lol.fandom.com/wiki/Special:Redirect/file/VIS_eSportslogo_square.png
lp_team_265440,Gama Dream,Gama Dream,leaguepedia_cargo,https://lol.fandom.com/wiki/Special:Redirect/page/265440,https://lol.fandom.com/wiki/Special:Redirect/file/Gama_Dreamlogo_profile.png
lp_team_265586,Wild Jaguars,Wild Jaguars,leaguepedia_cargo,https://lol.fandom.com/wiki/Special:Redirect/page/265586,https://lol.fandom.com/wiki/Special:Redirect/file/Wild_Jaguarslogo_square.png
lp_team_265600,Östersunds FK Esports,Östersunds FK Esports,leaguepedia_cargo,https://lol.fandom.com/wiki/Special:Redirect/page/265600,https://lol.fandom.com/wiki/Special:Redirect/file/%C3%96stersunds_FK_Esportslogo_square.png
lp_team_265849,Solwing Esports,Solwing Esports,leaguepedia_cargo,https://lol.fandom.com/wiki/Special:Redirect/page/265849,https://lol.fandom.com/wiki/Special:Redirect/file/Solwing_Esportslogo_square.png
lp_team_265987,GG Esports Academy,GG Esports Academy,leaguepedia_cargo,https://lol.fandom.com/wiki/Special:Redirect/page/265987,https://lol.fandom.com/wiki/Special:Redirect/file/GG_Esports_Academylogo_square.png
lp_team_265999,Columbia College,Columbia College,leaguepedia_cargo,https://lol.fandom.com/wiki/Special:Redirect/page/265999,https://lol.fandom.com/wiki/Special:Redirect/file/Columbia_Collegelogo_square.png
lp_team_266076,Meme Stream Dream Team,Meme Stream Dream Team,leaguepedia_cargo,https://lol.fandom.com/wiki/Special:Redirect/page/266076,https://lol.fandom.com/wiki/Special:Redirect/file/Meme_Stream_Dream_Teamlogo_square.png
lp_team_266156,"University of Maryland, College Park","University of Maryland, College Park",leaguepedia_cargo,https://lol.fandom.com/wiki/Special:Redirect/page/266156,https://lol.fandom.com/wiki/Special:Redirect/file/University_of_Maryland_College_Parklogo_square.png
lp_team_266239,Loto Gaming,Loto Gaming,leaguepedia_cargo,https://lol.fandom.com/wiki/Special:Redirect/page/266239,https://lol.fandom.com/wiki/Special:Redirect/file/Loto_Gaminglogo_square.png
lp_team_266326,T3H Esports,T3H Esports,leaguepedia_cargo,https://lol.fandom.com/wiki/Special:Redirect/page/266326,https://lol.fandom.com/wiki/Special:Redirect/file/T3H_Esportslogo_square.png
lp_team_266329,D-City Gaming Stars Gold,D-City Gaming Stars Gold,leaguepedia_cargo,https://lol.fandom.com/wiki/Special:Redirect/page/266329,https://lol.fandom.com/wiki/Special:Redirect/file/D-City_Gaming_Stars_Goldlogo_square.png
lp_team_266546,EDG Youth Team,EDG Youth Team,leaguepedia_cargo,https://lol.fandom.com/wiki/Special:Redirect/page/266546,https://lol.fandom.com/wiki/Special:Redirect/file/EDward_Gaming_Youth_Teamlogo_square.png
lp_team_266575,Robert Morris University Illinois,Robert Morris University Illinois,leaguepedia_cargo,https://lol.fandom.com/wiki/Special:Redirect/page/266575,https://lol.fandom.com/wiki/Special:Redirect/file/Robert_Morris_University_Illinoislogo_square.png
lp_team_266613,Dragon Gate Team,Dragon Gate Team,leaguepedia_cargo,https://lol.fandom.com/wiki/Special:Redirect/page/266613,https://lol.fandom.com/wiki/Special:Redirect/file/Dragon_Gate_Teamlogo_square.png
lp_team_266616,Alpha Esports,Alpha Esports,leaguepedia_cargo,https://lol.fandom.com/wiki/Special:Redirect/page/266616,https://lol.fandom.com/wiki/Special:Redirect/file/Alpha_Esportslogo_square.png
lp_team_266685,Max Tigers,Max Tigers,leaguepedia_cargo,https://lol.fandom.com/wiki/Special:Redirect/page/266685,https://lol.fandom.com/wiki/Special:Redirect/file/Max_Tigerslogo_square.png
lp_team_266693,Chi Army,Chi Army,leaguepedia_cargo,https://lol.fandom.com/wiki/Special:Redirect/page/266693,https://lol.fandom.com/wiki/Special:Redirect/file/Chi_Armylogo_square.png
lp_team_266701,Infinity Esports Colombia,Infinity Esports Colombia,leaguepedia_cargo,https://lol.fandom.com/wiki/Special:Redirect/page/266701,https://lol.fandom.com/wiki/Special:Redirect/file/Infinity_Esports_Colombialogo_square.png
lp_team_266738,Victory Five,Victory Five,leaguepedia_cargo,https://lol.fandom.com/wiki/Special:Redirect/page/266738,https://lol.fandom.com/wiki/Special:Redirect/file/Victory_Fivelogo_profile.png
lp_team_266760,SuperMassive Academy,SuperMassive Academy,leaguepedia_cargo,https://lol.fandom.com/wiki/Special:Redirect/page/266760,https://lol.fandom.com/wiki/Special:Redirect/file/SuperMassive_Academylogo_square.png
lp_team_266946,FC Schalke 04 Evolution,FC Schalke 04 Evolution,leaguepedia_cargo,https://lol.fandom.com/wiki/Special:Redirect/page/266946,https://lol.fandom.com/wiki/Special:Redirect/file/FC_Schalke_04_Esportslogo_profile.png
lp_team_268941,Falkol Storm,Falkol Storm,leaguepedia_cargo,https://lol.fandom.com/wiki/Special:Redirect/page/268941,https://lol.fandom.com/wiki/Special:Redirect/file/Falkol_Stormlogo_square.png
lp_team_269121,Hexagone Esports,Hexagone Esports,leaguepedia_cargo,https://lol.fandom.com/wiki/Special:Redirect/page/269121,https://lol.fandom.com/wiki/Special:Redirect/file/Hexagone_Esportslogo_square.png
lp_team_269216,Dropz Esports,Dropz Esports,leaguepedia_cargo,https://lol.fandom.com/wiki/Special:Redirect/page/269216,https://lol.fandom.com/wiki/Special:Redirect/file/Dropz_Esportslogo_square.png
lp_team_269533,LP Gaming,LP Gaming,leaguepedia_cargo,https://lol.fandom.com/wiki/Special:Redirect/page/269533,https://lol.fandom.com/wiki/Special:Redirect/file/LP_Gaminglogo_square.png
lp_team_269607,Campus Party Sparks,Campus Party Sparks,leaguepedia_cargo,https://lol.fandom.com/wiki/Special:Redirect/page/269607,https://lol.fandom.com/wiki/Special:Redirect/file/Campus_Party_Sparkslogo_square.png
lp_team_269788,VSG,VSG,leaguepedia_cargo,https://lol.fandom.com/wiki/Special:Redirect/page/269788,https://lol.fandom.com/wiki/Special:Redirect/file/VSG_%28Korean_Team%29logo_square.png
lp_team_269798,JD|XL,JD|XL,leaguepedia_cargo,https://lol.fandom.com/wiki/Special:Redirect/page/269798,https://lol.fandom.com/wiki/Special:Redirect/file/JDXLlogo_square.png
lp_team_269816,Team AURORA Academy,Team AURORA Academy,leaguepedia_cargo,https://lol.fandom.com/wiki/Special:Redirect/page/269816,https://lol.fandom.com/wiki/Special:Redirect/file/Team_AURORA_Academylogo_square.png
lp_team_269836,XTEN Esports,XTEN Esports,leaguepedia_cargo,https://lol.fandom.com/wiki/Special:Redirect/page/269836,https://lol.fandom.com/wiki/Special:Redirect/file/XTEN_Esportslogo_profile.png
lp_team_269905,Uppercut esports,Uppercut esports,leaguepedia_cargo,https://lol.fandom.com/wiki/Special:Redirect/page/269905,https://lol.fandom.com/wiki/Special:Redirect/file/Uppercut_esportslogo_square.png
lp_team_269931,Cream Esports,Cream Esports,leaguepedia_cargo,https://lol.fandom.com/wiki/Special:Redirect/page/269931,https://lol.fandom.com/wiki/Special:Redirect/file/Cream_Esportslogo_square.png
lp_team_269932,Cream Real Betis,Cream Real Betis,leaguepedia_cargo,https://lol.fandom.com/wiki/Special:Redirect/page/269932,https://lol.fandom.com/wiki/Special:Redirect/file/Cream_Real_Betislogo_square.png
lp_team_270145,Czeska Husaria,Czeska Husaria,leaguepedia_cargo,https://lol.fandom.com/wiki/Special:Redirect/page/270145,https://lol.fandom.com/wiki/Special:Redirect/file/Czeska_Husarialogo_square.png
lp_team_270149,MAD Lions E.C. Mexico,MAD Lions E.C. Mexico,leaguepedia_cargo,https://lol.fandom.com/wiki/Special:Redirect/page/270149,https://lol.fandom.com/wiki/Special:Redirect/file/MAD_Lions_E.C._Mexicologo_square.png
lp_team_270152,XTEN Mexico,XTEN Mexico,leaguepedia_cargo,https://lol.fandom.com/wiki/Special:Redirect/page/270152,https://lol.fandom.com/wiki/Special:Redirect/file/XTEN_Mexicologo_square.png
lp_team_270366,CERBERUS Esports,CERBERUS Esports,leaguepedia_cargo,https://lol.fandom.com/wiki/Special:Redirect/page/270366,https://lol.fandom.com/wiki/Special:Redirect/file/CERBERUS_Esports_%28Vietnamese_Team%29logo_square.png
lp_team_270415,Harrisburg University,Harrisburg University,leaguepedia_cargo,https://lol.fandom.com/wiki/Special:Redirect/page/270415,https://lol.fandom.com/wiki/Special:Redirect/file/Harrisburg_Universitylogo_square.png
lp_team_270435,Liiv SANDBOX,Liiv SANDBOX,leaguepedia_cargo,https://lol.fandom.com/wiki/Special:Redirect/page/270435,https://lol.fandom.com/wiki/Special:Redirect/file/Liiv_SANDBOXlogo_profile.png
lp_team_270459,HOU GAMING,HOU GAMING,leaguepedia_cargo,https://lol.fandom.com/wiki/Special:Redirect/page/270459,https://lol.fandom.com/wiki/Special:Redirect/file/Unknown_Infobox_Image_-_Team.png
lp_team_270524,Barrage,Barrage,leaguepedia_cargo,https://lol.fandom.com/wiki/Special:Redirect/page/270524,https://lol.fandom.com/wiki/Special:Redirect/file/Barrage_%28British_Team%29logo_square.png
lp_team_270525,Rogue Esports Club,Rogue Esports Club,leaguepedia_cargo,https://lol.fandom.com/wiki/Special:Redirect/page/270525,https://lol.fandom.com/wiki/Special:Redirect/file/Rogue_Esports_Clublogo_square.png
lp_team_270596,Team Clarity,Team Clarity,leaguepedia_cargo,https://lol.fandom.com/wiki/Special:Redirect/page/270596,https://lol.fandom.com/wiki/Special:Redirect/file/Team_Claritylogo_square.png
lp_team_270618,Rampage Quintet,Rampage Quintet,leaguepedia_cargo,https://lol.fandom.com/wiki/Special:Redirect/page/270618,https://lol.fandom.com/wiki/Special:Redirect/file/Rampagelogo_square.png
lp_team_270766,Dark Passage Academy,Dark Passage Academy,leaguepedia_cargo,https://lol.fandom.com/wiki/Special:Redirect/page/270766,https://lol.fandom.com/wiki/Special:Redirect/file/Dark_Passage_Academylogo_square.png
lp_team_270773,AZIO Black,AZIO Black,leaguepedia_cargo,https://lol.fandom.com/wiki/Special:Redirect/page/270773,https://lol.fandom.com/wiki/Special:Redirect/file/AZIO_Blacklogo_square.png
lp_team_270777,AZIO White,AZIO White,leaguepedia_cargo,https://lol.fandom.com/wiki/Special:Redirect/page/270777,https://lol.fandom.com/wiki/Special:Redirect/file/AZIO_Whitelogo_square.png
lp_team_270815,Team Forge Academy,Team Forge Academy,leaguepedia_cargo,https://lol.fandom.com/wiki/Special:Redirect/page/270815,https://lol.fandom.com/wiki/Special:Redirect/file/Team_Forgelogo_square.png
lp_team_270834,Fenerbahçe Academy,Fenerbahçe Academy,leaguepedia_cargo,https://lol.fandom.com/wiki/Special:Redirect/page/270834,https://lol.fandom.com/wiki/Special:Redirect/file/Fenerbah%C3%A7e_Academylogo_square.png
lp_team_270835,Galatasaray Academy,Galatasaray Academy,leaguepedia_cargo,https://lol.fandom.com/wiki/Special:Redirect/page/270835,https://lol.fandom.com/wiki/Special:Redirect/file/Galatasaray_Esportslogo_profile.png
lp_team_270844,Beşiktaş Academy,Beşiktaş Academy,leaguepedia_cargo,https://lol.fandom.com/wiki/Special:Redirect/page/270844,https://lol.fandom.com/wiki/Special:Redirect/file/Be%C5%9Fikta%C5%9F_Academylogo_square.png
lp_team_270876,Galakticos Academy,Galakticos Academy,leaguepedia_cargo,https://lol.fandom.com/wiki/Special:Redirect/page/270876,https://lol.fandom.com/wiki/Special:Redirect/file/Galakticos_Academylogo_square.png
lp_team_271034,AXIZ,AXIZ,leaguepedia_cargo,https://lol.fandom.com/wiki/Special:Redirect/page/271034,https://lol.fandom.com/wiki/Special:Redirect/file/AXIZlogo_square.png
lp_team_271037,Bursaspor Academy,Bursaspor Academy,leaguepedia_cargo,https://lol.fandom.com/wiki/Special:Redirect/page/271037,https://lol.fandom.com/wiki/Special:Redirect/file/Bursaspor_Academylogo_square.png
lp_team_271097,MachiX,MachiX,leaguepedia_cargo,https://lol.fandom.com/wiki/Special:Redirect/page/271097,https://lol.fandom.com/wiki/Special:Redirect/file/MachiXlogo_square.png
lp_team_271107,Arctic Gaming México,Arctic Gaming México,leaguepedia_cargo,https://lol.fandom.com/wiki/Special:Redirect/page/271107,https://lol.fandom.com/wiki/Special:Redirect/file/Arctic_Gaming_Mexicologo_square.png
lp_team_271402,Kaizen Esports,Kaizen Esports,leaguepedia_cargo,https://lol.fandom.com/wiki/Special:Redirect/page/271402,https://lol.fandom.com/wiki/Special:Redirect/file/Kaizen_Esportslogo_square.png
lp_team_271424,x6tence México,x6tence México,leaguepedia_cargo,https://lol.fandom.com/wiki/Special:Redirect/page/271424,https://lol.fandom.com/wiki/Special:Redirect/file/X6tencelogo_profile.png
lp_team_271653,Anáhuac Esports,Anáhuac Esports,leaguepedia_cargo,https://lol.fandom.com/wiki/Special:Redirect/page/271653,https://lol.fandom.com/wiki/Special:Redirect/file/An%C3%A1huac_Esportslogo_square.png
lp_team_271662,Universidad de Chile Esports,Universidad de Chile Esports,leaguepedia_cargo,https://lol.fandom.com/wiki/Special:Redirect/page/271662,https://lol.fandom.com/wiki/Special:Redirect/file/Universidad_de_Chile_Esportslogo_square.png
lp_team_271689,Inaequalis,Inaequalis,leaguepedia_cargo,https://lol.fandom.com/wiki/Special:Redirect/page/271689,https://lol.fandom.com/wiki/Special:Redirect/file/Inaequalislogo_square.png
lp_team_271874,Bloody Gaming,Bloody Gaming,leaguepedia_cargo,https://lol.fandom.com/wiki/Special:Redirect/page/271874,https://lol.fandom.com/wiki/Special:Redirect/file/Bloody_Gaminglogo_square.png
lp_team_271880,Lowkey Esports,Lowkey Esports,leaguepedia_cargo,https://lol.fandom.com/wiki/Special:Redirect/page/271880,https://lol.fandom.com/wiki/Special:Redirect/file/Lowkey_Esportslogo_square.png
lp_team_271912,Vireo.Pro,Vireo.Pro,leaguepedia_cargo,https://lol.fandom.com/wiki/Special:Redirect/page/271912,https://lol.fandom.com/wiki/Special:Redirect/file/Vireo.Prologo_square.png
lp_team_271961,HG Esports,HG Esports,leaguepedia_cargo,https://lol.fandom.com/wiki/Special:Redirect/page/271961,https://lol.fandom.com/wiki/Special:Redirect/file/HG_Esportslogo_profile.png
lp_team_272010,G-Rex Infinite,G-Rex Infinite,leaguepedia_cargo,https://lol.fandom.com/wiki/Special:Redirect/page/272010,https://lol.fandom.com/wiki/Special:Redirect/file/G-Rex_Infinitelogo_square.png
lp_team_272074,PostFinance Helix,PostFinance Helix,leaguepedia_cargo,https://lol.fandom.com/wiki/Special:Redirect/page/272074,https://lol.fandom.com/wiki/Special:Redirect/file/PostFinance_Helixlogo_square.png
lp_team_272085,WarKidZ E-Sports,WarKidZ E-Sports,leaguepedia_cargo,https://lol.fandom.com/wiki/Special:Redirect/page/272085,https://lol.fandom.com/wiki/Special:Redirect/file/WarKidZ_E-Sportslogo_square.png
lp_team_272090,TT willhaben,TT willhaben,leaguepedia_cargo,https://lol.fandom.com/wiki/Special:Redirect/page/272090,https://lol.fandom.com/wiki/Special:Redirect/file/TT_willhabenlogo_square.png
lp_team_272094,Alpaka Esports,Alpaka Esports,leaguepedia_cargo,https://lol.fandom.com/wiki/Special:Redirect/page/272094,https://lol.fandom.com/wiki/Special:Redirect/file/Alpaka_Esportslogo_square.png
lp_team_272193,LinGan e-Sports,LinGan e-Sports,leaguepedia_cargo,https://lol.fandom.com/wiki/Special:Redirect/page/272193,https://lol.fandom.com/wiki/Special:Redirect/file/LinGan_e-Sportslogo_profile.png
lp_team_272254,Samsung Morning Stars,Samsung Morning Stars,leaguepedia_cargo,https://lol.fandom.com/wiki/Special:Redirect/page/272254,https://lol.fandom.com/wiki/Special:Redirect/file/Samsung_Morning_Starslogo_square.png
lp_team_272439,Sølvkikkert Esports,Sølvkikkert Esports,leaguepedia_cargo,https://lol.fandom.com/wiki/Special:Redirect/page/272439,https://lol.fandom.com/wiki/Special:Redirect/file/S%C3%B8lvkikkert_Esportslogo_square.png
lp_team_272554,QLASH Forge,QLASH Forge,leaguepedia_cargo,https://lol.fandom.com/wiki/Special:Redirect/page/272554,https://lol.fandom.com/wiki/Special:Redirect/file/QLASH_Forgelogo_square.png
lp_team_272569,Gripen Esport,Gripen Esport,leaguepedia_cargo,https://lol.fandom.com/wiki/Special:Redirect/page/272569,https://lol.fandom.com/wiki/Special:Redirect/file/Gripen_Esportlogo_square.png
lp_team_272607,Pepehands,Pepehands,leaguepedia_cargo,https://lol.fandom.com/wiki/Special:Redirect/page/272607,https://lol.fandom.com/wiki/Special:Redirect/file/Unknown_Infobox_Image_-_Team.png
lp_team_272715,Team Plague,Team Plague,leaguepedia_cargo,https://lol.fandom.com/wiki/Special:Redirect/page/272715,https://lol.fandom.com/wiki/Special:Redirect/file/Team_Plaguelogo_square.png
lp_team_272763,S2V Esports,S2V Esports,leaguepedia_cargo,https://lol.fandom.com/wiki/Special:Redirect/page/272763,https://lol.fandom.com/wiki/Special:Redirect/file/S2V_Esportslogo_square.png
lp_team_272941,exceL Academy,exceL Academy,leaguepedia_cargo,https://lol.fandom.com/wiki/Special:Redirect/page/272941,https://lol.fandom.com/wiki/Special:Redirect/file/ExceL_Academylogo_square.png
lp_team_272956,PRIDE,PRIDE,leaguepedia_cargo,https://lol.fandom.com/wiki/Special:Redirect/page/272956,https://lol.fandom.com/wiki/Special:Redirect/file/PRIDE_%28Polish_Team%29logo_square.png
lp_team_272960,INEA Esports,INEA Esports,leaguepedia_cargo,https://lol.fandom.com/wiki/Special:Redirect/page/272960,https://lol.fandom.com/wiki/Special:Redirect/file/INEA_Esportslogo_square.png
lp_team_272965,Esports Academy,Esports Academy,leaguepedia_cargo,https://lol.fandom.com/wiki/Special:Redirect/page/272965,https://lol.fandom.com/wiki/Special:Redirect/file/Esports_Academylogo_square.png
lp_team_272970,ACTINA PACT,ACTINA PACT,leaguepedia_cargo,https://lol.fandom.com/wiki/Special:Redirect/page/272970,https://lol.fandom.com/wiki/Special:Redirect/file/ACTINA_PACTlogo_square.png
lp_team_272977,Infinity Esports Costa Rica,Infinity Esports Costa Rica,leaguepedia_cargo,https://lol.fandom.com/wiki/Special:Redirect/page/272977,https://lol.fandom.com/wiki/Special:Redirect/file/Infinity_Esports_Costa_Ricalogo_square.png
lp_team_272989,Esports Performance Center,Esports Performance Center,leaguepedia_cargo,https://lol.fandom.com/wiki/Special:Redirect/page/272989,https://lol.fandom.com/wiki/Special:Redirect/file/Esports_Performance_Centerlogo_profile.png
lp_team_272993,OP innogy eSport,OP innogy eSport,leaguepedia_cargo,https://lol.fandom.com/wiki/Special:Redirect/page/272993,https://lol.fandom.com/wiki/Special:Redirect/file/OP_innogy_eSportlogo_square.png
lp_team_273146,ESTORM,ESTORM,leaguepedia_cargo,https://lol.fandom.com/wiki/Special:Redirect/page/273146,https://lol.fandom.com/wiki/Special:Redirect/file/ESTORMlogo_square.png
lp_team_273218,North Carolina State University,North Carolina State University,leaguepedia_cargo,https://lol.fandom.com/wiki/Special:Redirect/page/273218,https://lol.fandom.com/wiki/Special:Redirect/file/North_Carolina_State_Universitylogo_square.png
lp_team_273306,The Final Tribe,The Final Tribe,leaguepedia_cargo,https://lol.fandom.com/wiki/Special:Redirect/page/273306,https://lol.fandom.com/wiki/Special:Redirect/file/The_Final_Tribelogo_square.png
lp_team_273352,Bulldog Esports,Bulldog Esports,leaguepedia_cargo,https://lol.fandom.com/wiki/Special:Redirect/page/273352,https://lol.fandom.com/wiki/Special:Redirect/file/Bulldog_Esportslogo_square.png
lp_team_273354,Splyce Vipers,Splyce Vipers,leaguepedia_cargo,https://lol.fandom.com/wiki/Special:Redirect/page/273354,https://lol.fandom.com/wiki/Special:Redirect/file/Splyce_Viperslogo_square.png
lp_team_273474,F-Soul Esports,F-Soul Esports,leaguepedia_cargo,https://lol.fandom.com/wiki/Special:Redirect/page/273474,https://lol.fandom.com/wiki/Special:Redirect/file/F-Soul_Esportslogo_square.png
lp_team_273481,Fish Dive Team,Fish Dive Team,leaguepedia_cargo,https://lol.fandom.com/wiki/Special:Redirect/page/273481,https://lol.fandom.com/wiki/Special:Redirect/file/Fish_Dive_Teamlogo_square.png
lp_team_273525,Nordavind,Nordavind,leaguepedia_cargo,https://lol.fandom.com/wiki/Special:Redirect/page/273525,https://lol.fandom.com/wiki/Special:Redirect/file/Nordavindlogo_square.png
lp_team_273534,Team MCES,Team MCES,leaguepedia_cargo,https://lol.fandom.com/wiki/Special:Redirect/page/273534,https://lol.fandom.com/wiki/Special:Redirect/file/Team_MCESlogo_profile.png
lp_team_273537,DarkSpawn Gaming,DarkSpawn Gaming,leaguepedia_cargo,https://lol.fandom.com/wiki/Special:Redirect/page/273537,https://lol.fandom.com/wiki/Special:Redirect/file/DarkSpawn_Gaminglogo_square.png
lp_team_273625,Vitality.Bee,Vitality.Bee,leaguepedia_cargo,https://lol.fandom.com/wiki/Special:Redirect/page/273625,https://lol.fandom.com/wiki/Special:Redirect/file/Vitality.Beelogo_square.png
lp_team_273627,G2 Heretics,G2 Heretics,leaguepedia_cargo,https://lol.fandom.com/wiki/Special:Redirect/page/273627,https://lol.fandom.com/wiki/Special:Redirect/file/G2_Hereticslogo_square.png
lp_team_273762,Origen BCN,Origen BCN,leaguepedia_cargo,https://lol.fandom.com/wiki/Special:Redirect/page/273762,https://lol.fandom.com/wiki/Special:Redirect/file/Origen_BCNlogo_square.png
lp_team_274098,Indictive Esports,Indictive Esports,leaguepedia_cargo,https://lol.fandom.com/wiki/Special:Redirect/page/274098,https://lol.fandom.com/wiki/Special:Redirect/file/Indictive_Esportslogo_square.png
lp_team_274441,NYYRIKKI Blue,NYYRIKKI Blue,leaguepedia_cargo,https://lol.fandom.com/wiki/Special:Redirect/page/274441,https://lol.fandom.com/wiki/Special:Redirect/file/NYYRIKKI_Bluelogo_square.png
lp_team_274447,NYYRIKKI White,NYYRIKKI White,leaguepedia_cargo,https://lol.fandom.com/wiki/Special:Redirect/page/274447,https://lol.fandom.com/wiki/Special:Redirect/file/NYYRIKKI_Whitelogo_square.png
lp_team_274644,Level Up esports,Level Up esports,leaguepedia_cargo,https://lol.fandom.com/wiki/Special:Redirect/page/274644,https://lol.fandom.com/wiki/Special:Redirect/file/Level_Up_esportslogo_square.png
lp_team_274931,Team PHZ,Team PHZ,leaguepedia_cargo,https://lol.fandom.com/wiki/Special:Redirect/page/274931,https://lol.fandom.com/wiki/Special:Redirect/file/Team_PHZlogo_profile.png
lp_team_275047,HWA Academy,HWA Academy,leaguepedia_cargo,https://lol.fandom.com/wiki/Special:Redirect/page/275047,https://lol.fandom.com/wiki/Special:Redirect/file/HWA_Gaming_Academylogo_square.png
lp_team_275111,Arizona State University,Arizona State University,leaguepedia_cargo,https://lol.fandom.com/wiki/Special:Redirect/page/275111,https://lol.fandom.com/wiki/Special:Redirect/file/Arizona_State_Universitylogo_profile.png
lp_team_275187,ASURA,ASURA,leaguepedia_cargo,https://lol.fandom.com/wiki/Special:Redirect/page/275187,https://lol.fandom.com/wiki/Special:Redirect/file/Asura_%28Korean_Team%29logo_square.png
lp_team_275309,PANTHERS Gaming,PANTHERS Gaming,leaguepedia_cargo,https://lol.fandom.com/wiki/Special:Redirect/page/275309,https://lol.fandom.com/wiki/Special:Redirect/file/PANTHERS_Gaminglogo_square.png
lp_team_275322,Misfits Premier,Misfits Premier,leaguepedia_cargo,https://lol.fandom.com/wiki/Special:Redirect/page/275322,https://lol.fandom.com/wiki/Special:Redirect/file/Misfits_Premierlogo_profile.png
lp_team_275436,Sector One Academy,Sector One Academy,leaguepedia_cargo,https://lol.fandom.com/wiki/Special:Redirect/page/275436,https://lol.fandom.com/wiki/Special:Redirect/file/Sector_One_Academylogo_profile.png
lp_team_275456,Konix eSport,Konix eSport,leaguepedia_cargo,https://lol.fandom.com/wiki/Special:Redirect/page/275456,https://lol.fandom.com/wiki/Special:Redirect/file/Konix_eSportlogo_square.png
lp_team_276040,Vikingekrig Esports,Vikingekrig Esports,leaguepedia_cargo,https://lol.fandom.com/wiki/Special:Redirect/page/276040,https://lol.fandom.com/wiki/Special:Redirect/file/Vikingekrig_Esportslogo_square.png
lp_team_276072,TopHard Esports,TopHard Esports,leaguepedia_cargo,https://lol.fandom.com/wiki/Special:Redirect/page/276072,https://lol.fandom.com/wiki/Special:Redirect/file/TopHard_Esportslogo_profile.png
lp_team_276296,Sour Savoury,Sour Savoury,leaguepedia_cargo,https://lol.fandom.com/wiki/Special:Redirect/page/276296,https://lol.fandom.com/wiki/Special:Redirect/file/Sour_Savourylogo_square.png
lp_team_276434,Another Troll Team,Another Troll Team,leaguepedia_cargo,https://lol.fandom.com/wiki/Special:Redirect/page/276434,https://lol.fandom.com/wiki/Special:Redirect/file/Another_Troll_Teamlogo_square.png
lp_team_276622,Dark Quality,Dark Quality,leaguepedia_cargo,https://lol.fandom.com/wiki/Special:Redirect/page/276622,https://lol.fandom.com/wiki/Special:Redirect/file/Dark_Qualitylogo_square.png
lp_team_276625,Kokoro No Senshi,Kokoro No Senshi,leaguepedia_cargo,https://lol.fandom.com/wiki/Special:Redirect/page/276625,https://lol.fandom.com/wiki/Special:Redirect/file/Kokoro_No_Senshilogo_square.png
lp_team_276628,OG Esports,OG Esports,leaguepedia_cargo,https://lol.fandom.com/wiki/Special:Redirect/page/276628,https://lol.fandom.com/wiki/Special:Redirect/file/OG_Esportslogo_square.png
lp_team_276631,Unknowns Gamers,Unknowns Gamers,leaguepedia_cargo,https://lol.fandom.com/wiki/Special:Redirect/page/276631,https://lol.fandom.com/wiki/Special:Redirect/file/Unknowns_Gamerslogo_square.png
lp_team_276633,Vortex Gaming,Vortex Gaming,leaguepedia_cargo,https://lol.fandom.com/wiki/Special:Redirect/page/276633,https://lol.fandom.com/wiki/Special:Redirect/file/Vortex_Gaming_%28Latin_American_Team%29logo_square.png
lp_team_276655,University of Illinois at Urbana-Champaign,University of Illinois at Urbana-Champaign,leaguepedia_cargo,https://lol.fandom.com/wiki/Special:Redirect/page/276655,https://lol.fandom.com/wiki/Special:Redirect/file/University_of_Illinois_at_Urbana-Champaignlogo_square.png
lp_team_276817,Future Perfect Demacia,Future Perfect Demacia,leaguepedia_cargo,https://lol.fandom.com/wiki/Special:Redirect/page/276817,https://lol.fandom.com/wiki/Special:Redirect/file/Future_Perfect_Demacialogo_square.png
lp_team_276912,Future Perfect Zaun,Future Perfect Zaun,leaguepedia_cargo,https://lol.fandom.com/wiki/Special:Redirect/page/276912,https://lol.fandom.com/wiki/Special:Redirect/file/Future_Perfect_Zaunlogo_square.png
lp_team_276913,Future Perfect Ionia,Future Perfect Ionia,leaguepedia_cargo,https://lol.fandom.com/wiki/Special:Redirect/page/276913,https://lol.fandom.com/wiki/Special:Redirect/file/Future_Perfect_Ionialogo_square.png
lp_team_276914,Future Perfect Noxus,Future Perfect Noxus,leaguepedia_cargo,https://lol.fandom.com/wiki/Special:Redirect/page/276914,https://lol.fandom.com/wiki/Special:Redirect/file/Future_Perfect_Noxuslogo_square.png
lp_team_276987,Wind and Rain Nordic,Wind and Rain Nordic,leaguepedia_cargo,https://lol.fandom.com/wiki/Special:Redirect/page/276987,https://lol.fandom.com/wiki/Special:Redirect/file/Wind_and_Rain_Nordiclogo_square.png
lp_team_276998,Random 5,Random 5,leaguepedia_cargo,https://lol.fandom.com/wiki/Special:Redirect/page/276998,https://lol.fandom.com/wiki/Special:Redirect/file/Random_5logo_square.png
lp_team_277002,Reflex Esport Club,Reflex Esport Club,leaguepedia_cargo,https://lol.fandom.com/wiki/Special:Redirect/page/277002,https://lol.fandom.com/wiki/Special:Redirect/file/Reflex_logo.png
lp_team_277798,Team Nerotec,Team Nerotec,leaguepedia_cargo,https://lol.fandom.com/wiki/Special:Redirect/page/277798,https://lol.fandom.com/wiki/Special:Redirect/file/Team_Neroteclogo_square.png
lp_team_278345,Illinois Wesleyan University,Illinois Wesleyan University,leaguepedia_cargo,https://lol.fandom.com/wiki/Special:Redirect/page/278345,https://lol.fandom.com/wiki/Special:Redirect/file/Illinois_Wesleyan_Universitylogo_square.png
lp_team_278552,Florida State Esports Garnet,Florida State Esports Garnet,leaguepedia_cargo,https://lol.fandom.com/wiki/Special:Redirect/page/278552,https://lol.fandom.com/wiki/Special:Redirect/file/Florida_State_Universitylogo_profile.png
lp_team_278771,University of Texas at Dallas,University of Texas at Dallas,leaguepedia_cargo,https://lol.fandom.com/wiki/Special:Redirect/page/278771,https://lol.fandom.com/wiki/Special:Redirect/file/University_of_Texas_at_Dallaslogo_square.png
lp_team_278790,ZeroSeven Gera,ZeroSeven Gera,leaguepedia_cargo,https://lol.fandom.com/wiki/Special:Redirect/page/278790,https://lol.fandom.com/wiki/Special:Redirect/file/ZeroSeven_Geralogo_square.png
lp_team_278981,Ventus Esports,Ventus Esports,leaguepedia_cargo,https://lol.fandom.com/wiki/Special:Redirect/page/278981,https://lol.fandom.com/wiki/Special:Redirect/file/Ventus_Esportslogo_square.png
lp_team_279003,mCon esports,mCon esports,leaguepedia_cargo,https://lol.fandom.com/wiki/Special:Redirect/page/279003,https://lol.fandom.com/wiki/Special:Redirect/file/MCon_esportslogo_profile.png
lp_team_279096,Florida Southern College,Florida Southern College,leaguepedia_cargo,https://lol.fandom.com/wiki/Special:Redirect/page/279096,https://lol.fandom.com/wiki/Special:Redirect/file/Florida_Southern_Collegelogo_square.png
lp_team_279177,AS Trenčín esports,AS Trenčín esports,leaguepedia_cargo,https://lol.fandom.com/wiki/Special:Redirect/page/279177,https://lol.fandom.com/wiki/Special:Redirect/file/AS_Tren%C4%8D%C3%ADn_esportslogo_square.png
lp_team_279243,Inside Games,Inside Games,leaguepedia_cargo,https://lol.fandom.com/wiki/Special:Redirect/page/279243,https://lol.fandom.com/wiki/Special:Redirect/file/Inside_Gameslogo_square.png
lp_team_279317,Bastille Legacy,Bastille Legacy,leaguepedia_cargo,https://lol.fandom.com/wiki/Special:Redirect/page/279317,https://lol.fandom.com/wiki/Special:Redirect/file/Bastille_Legacylogo_square.png
lp_team_279711,Liyab Esports,Liyab Esports,leaguepedia_cargo,https://lol.fandom.com/wiki/Special:Redirect/page/279711,https://lol.fandom.com/wiki/Special:Redirect/file/Liyab_Esportslogo_square.png
lp_team_279744,SAMCLAN Esports Club,SAMCLAN Esports Club,leaguepedia_cargo,https://lol.fandom.com/wiki/Special:Redirect/page/279744,https://lol.fandom.com/wiki/Special:Redirect/file/SAMCLAN_Esports_Clublogo_square.png
lp_team_279841,Fnatic Rising,Fnatic Rising,leaguepedia_cargo,https://lol.fandom.com/wiki/Special:Redirect/page/279841,https://lol.fandom.com/wiki/Special:Redirect/file/Fnatic_Risinglogo_square.png
lp_team_279988,Buff Katarina,Buff Katarina,leaguepedia_cargo,https://lol.fandom.com/wiki/Special:Redirect/page/279988,https://lol.fandom.com/wiki/Special:Redirect/file/Buff_Katarinalogo_square.png
lp_team_280579,University of Ottawa,University of Ottawa,leaguepedia_cargo,https://lol.fandom.com/wiki/Special:Redirect/page/280579,https://lol.fandom.com/wiki/Special:Redirect/file/University_of_Ottawalogo_square.png
lp_team_281137,Fortress Esports,Fortress Esports,leaguepedia_cargo,https://lol.fandom.com/wiki/Special:Redirect/page/281137,https://lol.fandom.com/wiki/Special:Redirect/file/Fortress_Esportslogo_square.png
lp_team_281178,devils.one inStreamly,devils.one inStreamly,leaguepedia_cargo,https://lol.fandom.com/wiki/Special:Redirect/page/281178,https://lol.fandom.com/wiki/Special:Redirect/file/Devils.one_inStreamlylogo_profile.png
lp_team_281194,eNsure,eNsure,leaguepedia_cargo,https://lol.fandom.com/wiki/Special:Redirect/page/281194,https://lol.fandom.com/wiki/Special:Redirect/file/ENsurelogo_square.png
lp_team_281322,V5 87,V5 87,leaguepedia_cargo,https://lol.fandom.com/wiki/Special:Redirect/page/281322,https://lol.fandom.com/wiki/Special:Redirect/file/V5_87logo_square.png
lp_team_281336,FunPlus Phoenix Blaze,FunPlus Phoenix Blaze,leaguepedia_cargo,https://lol.fandom.com/wiki/Special:Redirect/page/281336,https://lol.fandom.com/wiki/Special:Redirect/file/FunPlus_Phoenix_Blazelogo_square.png
lp_team_281353,Legend Esport Gaming,Legend Esport Gaming,leaguepedia_cargo,https://lol.fandom.com/wiki/Special:Redirect/page/281353,https://lol.fandom.com/wiki/Special:Redirect/file/Legend_Esport_Gaminglogo_square.png
lp_team_281369,SinoDragon Prince,SinoDragon Prince,leaguepedia_cargo,https://lol.fandom.com/wiki/Special:Redirect/page/281369,https://lol.fandom.com/wiki/Special:Redirect/file/SinoDragon_Princelogo_square.png
lp_team_281382,Shu Dai Xiong Gaming,Shu Dai Xiong Gaming,leaguepedia_cargo,https://lol.fandom.com/wiki/Special:Redirect/page/281382,https://lol.fandom.com/wiki/Special:Redirect/file/Shu_Dai_Xiong_Gaminglogo_square.png
lp_team_281391,Snake WuDu,Snake WuDu,leaguepedia_cargo,https://lol.fandom.com/wiki/Special:Redirect/page/281391,https://lol.fandom.com/wiki/Special:Redirect/file/Snake_WuDulogo_square.png
lp_team_281424,Vici Gaming Potential,Vici Gaming Potential,leaguepedia_cargo,https://lol.fandom.com/wiki/Special:Redirect/page/281424,https://lol.fandom.com/wiki/Special:Redirect/file/Vici_Gaming_Potentiallogo_square.png
lp_team_281434,Bilibili Gaming Junior,Bilibili Gaming Junior,leaguepedia_cargo,https://lol.fandom.com/wiki/Special:Redirect/page/281434,https://lol.fandom.com/wiki/Special:Redirect/file/Bilibili_Gaming_Juniorlogo_square.png
lp_team_281442,Invictus Gaming Young,Invictus Gaming Young,leaguepedia_cargo,https://lol.fandom.com/wiki/Special:Redirect/page/281442,https://lol.fandom.com/wiki/Special:Redirect/file/Young_Glorylogo_profile.png
lp_team_281962,Hokuto Esports,Hokuto Esports,leaguepedia_cargo,https://lol.fandom.com/wiki/Special:Redirect/page/281962,https://lol.fandom.com/wiki/Special:Redirect/file/Hokuto_Esportslogo_square.png
lp_team_281963,DeToNator,DeToNator,leaguepedia_cargo,https://lol.fandom.com/wiki/Special:Redirect/page/281963,https://lol.fandom.com/wiki/Special:Redirect/file/DeToNator_%28Japanese_Team%29logo_square.png
lp_team_281982,Legion Gaming,Legion Gaming,leaguepedia_cargo,https://lol.fandom.com/wiki/Special:Redirect/page/281982,https://lol.fandom.com/wiki/Special:Redirect/file/Legion_Gaming_%28European_Team%29logo_square.png
lp_team_282690,Optimization Gaming,Optimization Gaming,leaguepedia_cargo,https://lol.fandom.com/wiki/Special:Redirect/page/282690,https://lol.fandom.com/wiki/Special:Redirect/file/Optimization_Gaminglogo_square.png
lp_team_283132,UQ Union,UQ Union,leaguepedia_cargo,https://lol.fandom.com/wiki/Special:Redirect/page/283132,https://lol.fandom.com/wiki/Special:Redirect/file/UQ_Unionlogo_square.png
lp_team_283310,As Gordinhas,As Gordinhas,leaguepedia_cargo,https://lol.fandom.com/wiki/Special:Redirect/page/283310,https://lol.fandom.com/wiki/Special:Redirect/file/Unknown_Infobox_Image_-_Team.png
lp_team_283409,Delta Five,Delta Five,leaguepedia_cargo,https://lol.fandom.com/wiki/Special:Redirect/page/283409,https://lol.fandom.com/wiki/Special:Redirect/file/Delta_Fivelogo_square.png
lp_team_283675,DeToNator,DeToNator,leaguepedia_cargo,https://lol.fandom.com/wiki/Special:Redirect/page/283675,https://lol.fandom.com/wiki/Special:Redirect/file/DeToNator_%28Southeast_Asian_Team%29logo_square.png
lp_team_283685,Pyrsos Esports,Pyrsos Esports,leaguepedia_cargo,https://lol.fandom.com/wiki/Special:Redirect/page/283685,https://lol.fandom.com/wiki/Special:Redirect/file/Pyrsos_Esportslogo_square.png
lp_team_283693,eSport Rhein-Neckar,eSport Rhein-Neckar,leaguepedia_cargo,https://lol.fandom.com/wiki/Special:Redirect/page/283693,https://lol.fandom.com/wiki/Special:Redirect/file/ESport_Rhein-Neckarlogo_square.png
lp_team_283698,TKA E-Sports,TKA E-Sports,leaguepedia_cargo,https://lol.fandom.com/wiki/Special:Redirect/page/283698,https://lol.fandom.com/wiki/Special:Redirect/file/TKA_E-Sportslogo_square.png
lp_team_284209,Resurgence,Resurgence,leaguepedia_cargo,https://lol.fandom.com/wiki/Special:Redirect/page/284209,https://lol.fandom.com/wiki/Special:Redirect/file/Resurgencelogo_square.png
lp_team_284733,Imperio eSports,Imperio eSports,leaguepedia_cargo,https://lol.fandom.com/wiki/Special:Redirect/page/284733,https://lol.fandom.com/wiki/Special:Redirect/file/Imperio_eSportslogo_square.png
lp_team_284931,Bombers Academy,Bombers Academy,leaguepedia_cargo,https://lol.fandom.com/wiki/Special:Redirect/page/284931,https://lol.fandom.com/wiki/Special:Redirect/file/Bombers_Academylogo_square.png
lp_team_284940,Team Flash,Team Flash,leaguepedia_cargo,https://lol.fandom.com/wiki/Special:Redirect/page/284940,https://lol.fandom.com/wiki/Special:Redirect/file/Team_Flash.Vietnamlogo_profile.png
lp_team_285137,Elysium Gaming,Elysium Gaming,leaguepedia_cargo,https://lol.fandom.com/wiki/Special:Redirect/page/285137,https://lol.fandom.com/wiki/Special:Redirect/file/Elysium_Gaminglogo_square.png
lp_team_285150,Capital Esports,Capital Esports,leaguepedia_cargo,https://lol.fandom.com/wiki/Special:Redirect/page/285150,https://lol.fandom.com/wiki/Special:Redirect/file/Capital_Esportslogo_square.png
lp_team_285274,ISC Pro Team,ISC Pro Team,leaguepedia_cargo,https://lol.fandom.com/wiki/Special:Redirect/page/285274,https://lol.fandom.com/wiki/Special:Redirect/file/ISC_Pro_Teamlogo_square.png
lp_team_285304,Radiance,Radiance,leaguepedia_cargo,https://lol.fandom.com/wiki/Special:Redirect/page/285304,https://lol.fandom.com/wiki/Special:Redirect/file/Radiancelogo_square.png
lp_team_285608,QTV Gaming,QTV Gaming,leaguepedia_cargo,https://lol.fandom.com/wiki/Special:Redirect/page/285608,https://lol.fandom.com/wiki/Special:Redirect/file/QTV_Gaminglogo_square.png
lp_team_285650,paiN Gaming Academy,paiN Gaming Academy,leaguepedia_cargo,https://lol.fandom.com/wiki/Special:Redirect/page/285650,https://lol.fandom.com/wiki/Special:Redirect/file/PaiN_Gaming_Academylogo_square.png
lp_team_285809,Steelwolves Gaia,Steelwolves Gaia,leaguepedia_cargo,https://lol.fandom.com/wiki/Special:Redirect/page/285809,https://lol.fandom.com/wiki/Special:Redirect/file/SteelWolves_Gaialogo_square.png
lp_team_286130,ESCORT P9,ESCORT P9,leaguepedia_cargo,https://lol.fandom.com/wiki/Special:Redirect/page/286130,https://lol.fandom.com/wiki/Special:Redirect/file/ESCORT_P9logo_square.png
lp_team_286959,Dramatik Royal,Dramatik Royal,leaguepedia_cargo,https://lol.fandom.com/wiki/Special:Redirect/page/286959,https://lol.fandom.com/wiki/Special:Redirect/file/Dramatik_Royallogo_square.png
lp_team_287008,University of Western Ontario,University of Western Ontario,leaguepedia_cargo,https://lol.fandom.com/wiki/Special:Redirect/page/287008,https://lol.fandom.com/wiki/Special:Redirect/file/University_of_Western_Ontariologo_square.png
lp_team_287338,LUL Esports,LUL Esports,leaguepedia_cargo,https://lol.fandom.com/wiki/Special:Redirect/page/287338,https://lol.fandom.com/wiki/Special:Redirect/file/LUL_Esportslogo_square.png
lp_team_287401,Elan DEspoir,Elan DEspoir,leaguepedia_cargo,https://lol.fandom.com/wiki/Special:Redirect/page/287401,https://lol.fandom.com/wiki/Special:Redirect/file/Elan_DEspoirlogo_square.png
lp_team_287525,Rift Rats,Rift Rats,leaguepedia_cargo,https://lol.fandom.com/wiki/Special:Redirect/page/287525,https://lol.fandom.com/wiki/Special:Redirect/file/Rift_Ratslogo_square.png
lp_team_287640,Avia Deceptor,Avia Deceptor,leaguepedia_cargo,https://lol.fandom.com/wiki/Special:Redirect/page/287640,https://lol.fandom.com/wiki/Special:Redirect/file/Avia_Deceptorlogo_square.png
lp_team_287682,Đạt Gaming,Đạt Gaming,leaguepedia_cargo,https://lol.fandom.com/wiki/Special:Redirect/page/287682,https://lol.fandom.com/wiki/Special:Redirect/file/%C4%90%E1%BA%A1t_Gaminglogo_square.png
lp_team_287923,Out of the Blue,Out of the Blue,leaguepedia_cargo,https://lol.fandom.com/wiki/Special:Redirect/page/287923,https://lol.fandom.com/wiki/Special:Redirect/file/Out_of_the_Bluelogo_square.png
lp_team_287948,Beyond The Rift,Beyond The Rift,leaguepedia_cargo,https://lol.fandom.com/wiki/Special:Redirect/page/287948,https://lol.fandom.com/wiki/Special:Redirect/file/Beyond_The_Rift_%28European_Team%29logo_square.png
lp_team_287978,Boise State University,Boise State University,leaguepedia_cargo,https://lol.fandom.com/wiki/Special:Redirect/page/287978,https://lol.fandom.com/wiki/Special:Redirect/file/Boise_State_Universitylogo_square.png
lp_team_288608,Team Rocket,Team Rocket,leaguepedia_cargo,https://lol.fandom.com/wiki/Special:Redirect/page/288608,https://lol.fandom.com/wiki/Special:Redirect/file/Team_Rocketlogo_square.png
lp_team_288674,Fruition Esports,Fruition Esports,leaguepedia_cargo,https://lol.fandom.com/wiki/Special:Redirect/page/288674,https://lol.fandom.com/wiki/Special:Redirect/file/Fruition_Esportslogo_square.png
lp_team_288701,Team Brickz,Team Brickz,leaguepedia_cargo,https://lol.fandom.com/wiki/Special:Redirect/page/288701,https://lol.fandom.com/wiki/Special:Redirect/file/Team_Brickzlogo_square.png
lp_team_288789,Extreme Team,Extreme Team,leaguepedia_cargo,https://lol.fandom.com/wiki/Special:Redirect/page/288789,https://lol.fandom.com/wiki/Special:Redirect/file/Extreme_Teamlogo_square.png
lp_team_288953,Tigris eSports,Tigris eSports,leaguepedia_cargo,https://lol.fandom.com/wiki/Special:Redirect/page/288953,https://lol.fandom.com/wiki/Special:Redirect/file/Tigris_eSportslogo_square.png
lp_team_289085,İstanbul Wildcats,İstanbul Wildcats,leaguepedia_cargo,https://lol.fandom.com/wiki/Special:Redirect/page/289085,https://lol.fandom.com/wiki/Special:Redirect/file/Istanbul_Wildcatslogo_square.png
lp_team_289107,İstanbul Wildcats Academy,İstanbul Wildcats Academy,leaguepedia_cargo,https://lol.fandom.com/wiki/Special:Redirect/page/289107,https://lol.fandom.com/wiki/Special:Redirect/file/Istanbul_Wildcats_Academylogo_square.png
lp_team_289146,Cyberground Gaming Academy,Cyberground Gaming Academy,leaguepedia_cargo,https://lol.fandom.com/wiki/Special:Redirect/page/289146,https://lol.fandom.com/wiki/Special:Redirect/file/Cyberground_Gaming_Academylogo_square.png
lp_team_289180,Evil Geniuses,Evil Geniuses,leaguepedia_cargo,https://lol.fandom.com/wiki/Special:Redirect/page/289180,https://lol.fandom.com/wiki/Special:Redirect/file/Evil_Geniuses.NAlogo_profile.png
lp_team_289242,MLGB E-SPORTS CLUB,MLGB E-SPORTS CLUB,leaguepedia_cargo,https://lol.fandom.com/wiki/Special:Redirect/page/289242,https://lol.fandom.com/wiki/Special:Redirect/file/MLGB_E-SPORTS_CLUBlogo_square.png
lp_team_289302,Michigan State University,Michigan State University,leaguepedia_cargo,https://lol.fandom.com/wiki/Special:Redirect/page/289302,https://lol.fandom.com/wiki/Special:Redirect/file/Michigan_State_Universitylogo_square.png
lp_team_289347,13Noobz Gaming,13Noobz Gaming,leaguepedia_cargo,https://lol.fandom.com/wiki/Special:Redirect/page/289347,https://lol.fandom.com/wiki/Special:Redirect/file/13Noobz_Gaminglogo_square.png
lp_team_289351,University of Waterloo,University of Waterloo,leaguepedia_cargo,https://lol.fandom.com/wiki/Special:Redirect/page/289351,https://lol.fandom.com/wiki/Special:Redirect/file/University_of_Waterloologo_profile.png
lp_team_289487,Invulnerables Esports,Invulnerables Esports,leaguepedia_cargo,https://lol.fandom.com/wiki/Special:Redirect/page/289487,https://lol.fandom.com/wiki/Special:Redirect/file/Invulnerables_Esportslogo_square.png
lp_team_289500,Katastrofa Awionetki,Katastrofa Awionetki,leaguepedia_cargo,https://lol.fandom.com/wiki/Special:Redirect/page/289500,https://lol.fandom.com/wiki/Special:Redirect/file/Katastrofa_Awionetkilogo_square.png
lp_team_289510,Team Empire,Team Empire,leaguepedia_cargo,https://lol.fandom.com/wiki/Special:Redirect/page/289510,https://lol.fandom.com/wiki/Special:Redirect/file/Team_Empire_%28Malaysian_Team%29logo_square.png
lp_team_289517,Split Raiders,Split Raiders,leaguepedia_cargo,https://lol.fandom.com/wiki/Special:Redirect/page/289517,https://lol.fandom.com/wiki/Special:Redirect/file/Split_Raiderslogo_square.png
lp_team_289649,Gravitas Academy,Gravitas Academy,leaguepedia_cargo,https://lol.fandom.com/wiki/Special:Redirect/page/289649,https://lol.fandom.com/wiki/Special:Redirect/file/Gravitas_Academylogo_profile.png
lp_team_289658,Digital Paradox,Digital Paradox,leaguepedia_cargo,https://lol.fandom.com/wiki/Special:Redirect/page/289658,https://lol.fandom.com/wiki/Special:Redirect/file/Digital_Paradoxlogo_square.png
lp_team_289688,Moscow 5,Moscow 5,leaguepedia_cargo,https://lol.fandom.com/wiki/Special:Redirect/page/289688,https://lol.fandom.com/wiki/Special:Redirect/file/Moscow_Five.CISlogo_square.png
lp_team_289812,Manguste eSports,Manguste eSports,leaguepedia_cargo,https://lol.fandom.com/wiki/Special:Redirect/page/289812,https://lol.fandom.com/wiki/Special:Redirect/file/Manguste_eSports_Profile.png
lp_team_289983,V Gaming Adonis,V Gaming Adonis,leaguepedia_cargo,https://lol.fandom.com/wiki/Special:Redirect/page/289983,https://lol.fandom.com/wiki/Special:Redirect/file/V_Gaming_Adonislogo_profile.png
lp_team_290063,SuperNitro1,SuperNitro1,leaguepedia_cargo,https://lol.fandom.com/wiki/Special:Redirect/page/290063,https://lol.fandom.com/wiki/Special:Redirect/file/SuperNitro1logo_square.png
lp_team_290105,Vortex Five,Vortex Five,leaguepedia_cargo,https://lol.fandom.com/wiki/Special:Redirect/page/290105,https://lol.fandom.com/wiki/Special:Redirect/file/Vortex_Fivelogo_square.png
lp_team_290138,Fluffy Tail,Fluffy Tail,leaguepedia_cargo,https://lol.fandom.com/wiki/Special:Redirect/page/290138,https://lol.fandom.com/wiki/Special:Redirect/file/Fluffy_Taillogo_square.png
lp_team_290139,ProXima Gaming,ProXima Gaming,leaguepedia_cargo,https://lol.fandom.com/wiki/Special:Redirect/page/290139,https://lol.fandom.com/wiki/Special:Redirect/file/ProXima_Gaminglogo_profile.png
lp_team_290202,Team One Shot,Team One Shot,leaguepedia_cargo,https://lol.fandom.com/wiki/Special:Redirect/page/290202,https://lol.fandom.com/wiki/Special:Redirect/file/Team_One_Shotlogo_square.png
lp_team_290520,Different Dimension Blue,Different Dimension Blue,leaguepedia_cargo,https://lol.fandom.com/wiki/Special:Redirect/page/290520,https://lol.fandom.com/wiki/Special:Redirect/file/Different_Dimension_Bluelogo_square.png
lp_team_290584,NVision Esports,NVision Esports,leaguepedia_cargo,https://lol.fandom.com/wiki/Special:Redirect/page/290584,https://lol.fandom.com/wiki/Special:Redirect/file/NVision_Esportslogo_square.png
lp_team_290597,Team Oplon,Team Oplon,leaguepedia_cargo,https://lol.fandom.com/wiki/Special:Redirect/page/290597,https://lol.fandom.com/wiki/Special:Redirect/file/Team_Oplonlogo_profile.png
lp_team_290619,Team Amelia,Team Amelia,leaguepedia_cargo,https://lol.fandom.com/wiki/Special:Redirect/page/290619,https://lol.fandom.com/wiki/Special:Redirect/file/Team_Amelialogo_square.png
lp_team_290824,UTS Esports,UTS Esports,leaguepedia_cargo,https://lol.fandom.com/wiki/Special:Redirect/page/290824,https://lol.fandom.com/wiki/Special:Redirect/file/UTS_Esportslogo_square.png
lp_team_291191,FALKN,FALKN,leaguepedia_cargo,https://lol.fandom.com/wiki/Special:Redirect/page/291191,https://lol.fandom.com/wiki/Special:Redirect/file/FALKNlogo_square.png
lp_team_291194,Outplayed Academy,Outplayed Academy,leaguepedia_cargo,https://lol.fandom.com/wiki/Special:Redirect/page/291194,https://lol.fandom.com/wiki/Special:Redirect/file/Outplayed_Academylogo_square.png
lp_team_291254,Neon Esports,Neon Esports,leaguepedia_cargo,https://lol.fandom.com/wiki/Special:Redirect/page/291254,https://lol.fandom.com/wiki/Special:Redirect/file/Neon_Esportslogo_square.png
lp_team_291276,NYYRIKKI,NYYRIKKI,leaguepedia_cargo,https://lol.fandom.com/wiki/Special:Redirect/page/291276,https://lol.fandom.com/wiki/Special:Redirect/file/NYYRIKKIlogo_square.png
lp_team_291278,NYYRIKKI Academy,NYYRIKKI Academy,leaguepedia_cargo,https://lol.fandom.com/wiki/Special:Redirect/page/291278,https://lol.fandom.com/wiki/Special:Redirect/file/NYYRIKKI_Academylogo_square.png
lp_team_291324,Anubis Gaming,Anubis Gaming,leaguepedia_cargo,https://lol.fandom.com/wiki/Special:Redirect/page/291324,https://lol.fandom.com/wiki/Special:Redirect/file/Anubis_Gaminglogo_profile.png
lp_team_291339,"University of California, Los Angeles","University of California, Los Angeles",leaguepedia_cargo,https://lol.fandom.com/wiki/Special:Redirect/page/291339,https://lol.fandom.com/wiki/Special:Redirect/file/University_of_California_Los_Angeleslogo_square.png
lp_team_291353,The Spawn Esports,The Spawn Esports,leaguepedia_cargo,https://lol.fandom.com/wiki/Special:Redirect/page/291353,https://lol.fandom.com/wiki/Special:Redirect/file/The_Spawn_Esportslogo_square.png
lp_team_291365,e-Meryci,e-Meryci,leaguepedia_cargo,https://lol.fandom.com/wiki/Special:Redirect/page/291365,https://lol.fandom.com/wiki/Special:Redirect/file/E-Merycilogo_square.png
lp_team_291460,Ban Karma Gaming,Ban Karma Gaming,leaguepedia_cargo,https://lol.fandom.com/wiki/Special:Redirect/page/291460,https://lol.fandom.com/wiki/Special:Redirect/file/Ban_Karma_Gaminglogo_square.png
lp_team_292297,QLASH Forge Academy,QLASH Forge Academy,leaguepedia_cargo,https://lol.fandom.com/wiki/Special:Redirect/page/292297,https://lol.fandom.com/wiki/Special:Redirect/file/QLASH_Forge_Academylogo_square.png
lp_team_292338,ACE 1,ACE 1,leaguepedia_cargo,https://lol.fandom.com/wiki/Special:Redirect/page/292338,https://lol.fandom.com/wiki/Special:Redirect/file/ACE_1logo_square.png
lp_team_292655,Reformed Gaming,Reformed Gaming,leaguepedia_cargo,https://lol.fandom.com/wiki/Special:Redirect/page/292655,https://lol.fandom.com/wiki/Special:Redirect/file/Reformed_Gaminglogo_square.png
lp_team_292740,Mirage Sport Électronique,Mirage Sport Électronique,leaguepedia_cargo,https://lol.fandom.com/wiki/Special:Redirect/page/292740,https://lol.fandom.com/wiki/Special:Redirect/file/Mirage_Sport_%C3%89lectroniquelogo_square.png
lp_team_292746,9z Team,9z Team,leaguepedia_cargo,https://lol.fandom.com/wiki/Special:Redirect/page/292746,https://lol.fandom.com/wiki/Special:Redirect/file/9z_Teamlogo_square.png
lp_team_292855,Super Nova Sentinels,Super Nova Sentinels,leaguepedia_cargo,https://lol.fandom.com/wiki/Special:Redirect/page/292855,https://lol.fandom.com/wiki/Special:Redirect/file/Super_Nova_Sentinelslogo_square.png
lp_team_292865,VIRUS,VIRUS,leaguepedia_cargo,https://lol.fandom.com/wiki/Special:Redirect/page/292865,https://lol.fandom.com/wiki/Special:Redirect/file/VIRUS_%28Greek_Team%29logo_square.png
lp_team_292880,ANEW Esports,ANEW Esports,leaguepedia_cargo,https://lol.fandom.com/wiki/Special:Redirect/page/292880,https://lol.fandom.com/wiki/Special:Redirect/file/ANEW_Esportslogo_square.png
lp_team_292925,Besiktas Esports Female,Besiktas Esports Female,leaguepedia_cargo,https://lol.fandom.com/wiki/Special:Redirect/page/292925,https://lol.fandom.com/wiki/Special:Redirect/file/Be%C5%9Fikta%C5%9F_Esports_Femalelogo_square.png
lp_team_292979,Azules Esports,Azules Esports,leaguepedia_cargo,https://lol.fandom.com/wiki/Special:Redirect/page/292979,https://lol.fandom.com/wiki/Special:Redirect/file/Azules_Esportslogo_square.png
lp_team_293033,Dusty,Dusty,leaguepedia_cargo,https://lol.fandom.com/wiki/Special:Redirect/page/293033,https://lol.fandom.com/wiki/Special:Redirect/file/Dustylogo_profile.png
lp_team_293089,Estral Esports,Estral Esports,leaguepedia_cargo,https://lol.fandom.com/wiki/Special:Redirect/page/293089,https://lol.fandom.com/wiki/Special:Redirect/file/Estral_Esportslogo_profile.png
lp_team_293296,LNG Esports,LNG Esports,leaguepedia_cargo,https://lol.fandom.com/wiki/Special:Redirect/page/293296,https://lol.fandom.com/wiki/Special:Redirect/file/LNG_Esportslogo_square.png
lp_team_293312,ISO eSports,ISO eSports,leaguepedia_cargo,https://lol.fandom.com/wiki/Special:Redirect/page/293312,https://lol.fandom.com/wiki/Special:Redirect/file/ISO_eSportslogo_square.png
lp_team_293543,Rensga eSports,Rensga eSports,leaguepedia_cargo,https://lol.fandom.com/wiki/Special:Redirect/page/293543,https://lol.fandom.com/wiki/Special:Redirect/file/Rensga_Esportslogo_square.png
lp_team_293557,Unicorns of Love.CIS,Unicorns of Love.CIS,leaguepedia_cargo,https://lol.fandom.com/wiki/Special:Redirect/page/293557,https://lol.fandom.com/wiki/Special:Redirect/file/Unicorns_of_Love.CISlogo_profile.png
lp_team_293568,D7G Esports Club,D7G Esports Club,leaguepedia_cargo,https://lol.fandom.com/wiki/Special:Redirect/page/293568,https://lol.fandom.com/wiki/Special:Redirect/file/D7G_Esports_Clublogo_square.png
lp_team_293704,Void Purple,Void Purple,leaguepedia_cargo,https://lol.fandom.com/wiki/Special:Redirect/page/293704,https://lol.fandom.com/wiki/Special:Redirect/file/Void_Purplelogo_profile.png
lp_team_293761,Dominus Esports,Dominus Esports,leaguepedia_cargo,https://lol.fandom.com/wiki/Special:Redirect/page/293761,https://lol.fandom.com/wiki/Special:Redirect/file/Dominus_Esportslogo_square.png
lp_team_293768,Top Esports,Top Esports,leaguepedia_cargo,https://lol.fandom.com/wiki/Special:Redirect/page/293768,https://lol.fandom.com/wiki/Special:Redirect/file/Top_Esportslogo_profile.png
lp_team_293873,Valyrian Dragons,Valyrian Dragons,leaguepedia_cargo,https://lol.fandom.com/wiki/Special:Redirect/page/293873,https://lol.fandom.com/wiki/Special:Redirect/file/Valyrian_Dragonslogo_square.png
lp_team_294040,GeekCase eSports,GeekCase eSports,leaguepedia_cargo,https://lol.fandom.com/wiki/Special:Redirect/page/294040,https://lol.fandom.com/wiki/Special:Redirect/file/GeekCase_eSportslogo_square.png
lp_team_294322,T1,T1,leaguepedia_cargo,https://lol.fandom.com/wiki/Special:Redirect/page/294322,https://lol.fandom.com/wiki/Special:Redirect/file/T1logo_profile.png
lp_team_294353,Team Dynamics,Team Dynamics,leaguepedia_cargo,https://lol.fandom.com/wiki/Special:Redirect/page/294353,https://lol.fandom.com/wiki/Special:Redirect/file/Team_Dynamicslogo_profile.png
lp_team_294678,Team Queso,Team Queso,leaguepedia_cargo,https://lol.fandom.com/wiki/Special:Redirect/page/294678,https://lol.fandom.com/wiki/Special:Redirect/file/Team_Quesologo_square.png
lp_team_294699,Pogoń Szczecin,Pogoń Szczecin,leaguepedia_cargo,https://lol.fandom.com/wiki/Special:Redirect/page/294699,https://lol.fandom.com/wiki/Special:Redirect/file/Pogo%C5%84_Szczecinlogo_square.png
lp_team_294733,Zwan Gaming,Zwan Gaming,leaguepedia_cargo,https://lol.fandom.com/wiki/Special:Redirect/page/294733,https://lol.fandom.com/wiki/Special:Redirect/file/Zwan_Gaminglogo_square.png
lp_team_294738,Nova Dragons,Nova Dragons,leaguepedia_cargo,https://lol.fandom.com/wiki/Special:Redirect/page/294738,https://lol.fandom.com/wiki/Special:Redirect/file/Nova_Dragonslogo_square.png
lp_team_294801,Komputronik Gaming Scouting Grounds,Komputronik Gaming Scouting Grounds,leaguepedia_cargo,https://lol.fandom.com/wiki/Special:Redirect/page/294801,https://lol.fandom.com/wiki/Special:Redirect/file/Komputronik_Gaming_Scouting_Groundslogo_profile.png
lp_team_294827,GameWard,GameWard,leaguepedia_cargo,https://lol.fandom.com/wiki/Special:Redirect/page/294827,https://lol.fandom.com/wiki/Special:Redirect/file/GameWardlogo_square.png
lp_team_294946,Hybrid Esports,Hybrid Esports,leaguepedia_cargo,https://lol.fandom.com/wiki/Special:Redirect/page/294946,https://lol.fandom.com/wiki/Special:Redirect/file/Hybrid_Esportslogo_square.png
lp_team_295211,AVEZ Esport,AVEZ Esport,leaguepedia_cargo,https://lol.fandom.com/wiki/Special:Redirect/page/295211,https://lol.fandom.com/wiki/Special:Redirect/file/AVEZ_Esportlogo_square.png
lp_team_296463,Phong Vũ Buffalo,Phong Vũ Buffalo,leaguepedia_cargo,https://lol.fandom.com/wiki/Special:Redirect/page/296463,https://lol.fandom.com/wiki/Special:Redirect/file/Phong_V%C5%A9_Buffalologo_square.png
lp_team_296545,Nexus KTRL,Nexus KTRL,leaguepedia_cargo,https://lol.fandom.com/wiki/Special:Redirect/page/296545,https://lol.fandom.com/wiki/Special:Redirect/file/Nexus_KTRLlogo_square.png
lp_team_296716,Lowkey Esports.Vietnam,Lowkey Esports.Vietnam,leaguepedia_cargo,https://lol.fandom.com/wiki/Special:Redirect/page/296716,https://lol.fandom.com/wiki/Special:Redirect/file/Lowkey_Esportslogo_profile.png
lp_team_297205,Demolition Falcons,Demolition Falcons,leaguepedia_cargo,https://lol.fandom.com/wiki/Special:Redirect/page/297205,https://lol.fandom.com/wiki/Special:Redirect/file/Demolition_Falconslogo_square.png
lp_team_297246,Suns Gos Hawk,Suns Gos Hawk,leaguepedia_cargo,https://lol.fandom.com/wiki/Special:Redirect/page/297246,https://lol.fandom.com/wiki/Special:Redirect/file/Suns_Gos_Hawklogo_square.png
lp_team_297408,Demise,Demise,leaguepedia_cargo,https://lol.fandom.com/wiki/Special:Redirect/page/297408,https://lol.fandom.com/wiki/Special:Redirect/file/Demiselogo_square.png
lp_team_297719,Vietnam Esports TV,Vietnam Esports TV,leaguepedia_cargo,https://lol.fandom.com/wiki/Special:Redirect/page/297719,https://lol.fandom.com/wiki/Special:Redirect/file/Vietnam_Esports_TVlogo_square.png
lp_team_297772,Bionic,Bionic,leaguepedia_cargo,https://lol.fandom.com/wiki/Special:Redirect/page/297772,https://lol.fandom.com/wiki/Special:Redirect/file/Bioniclogo_square.png
lp_team_298035,Hybrid Esports UK,Hybrid Esports UK,leaguepedia_cargo,https://lol.fandom.com/wiki/Special:Redirect/page/298035,https://lol.fandom.com/wiki/Special:Redirect/file/Hybrid_Esports_UKlogo_square.png
lp_team_298101,Grim Ravens,Grim Ravens,leaguepedia_cargo,https://lol.fandom.com/wiki/Special:Redirect/page/298101,https://lol.fandom.com/wiki/Special:Redirect/file/Grim_Ravenslogo_square.png
lp_team_298465,S2N Esports Club,S2N Esports Club,leaguepedia_cargo,https://lol.fandom.com/wiki/Special:Redirect/page/298465,https://lol.fandom.com/wiki/Special:Redirect/file/S2N_Esports_Clublogo_square.png
lp_team_302313,Spear Gaming,Spear Gaming,leaguepedia_cargo,https://lol.fandom.com/wiki/Special:Redirect/page/302313,https://lol.fandom.com/wiki/Special:Redirect/file/Spear_Gaminglogo_profile.png
lp_team_303155,Fenris eSports Academy Blue,Fenris eSports Academy Blue,leaguepedia_cargo,https://lol.fandom.com/wiki/Special:Redirect/page/303155,https://lol.fandom.com/wiki/Special:Redirect/file/Fenris_eSports_Academy_Bluelogo_square.png
lp_team_304000,Lotus Esports,Lotus Esports,leaguepedia_cargo,https://lol.fandom.com/wiki/Special:Redirect/page/304000,https://lol.fandom.com/wiki/Special:Redirect/file/Lotus_Esports_%282019_North_American_Team%29logo_square.png
lp_team_304535,LNG Academy,LNG Academy,leaguepedia_cargo,https://lol.fandom.com/wiki/Special:Redirect/page/304535,https://lol.fandom.com/wiki/Special:Redirect/file/LNG_Academylogo_square.png
lp_team_304542,Top Esports Challenger,Top Esports Challenger,leaguepedia_cargo,https://lol.fandom.com/wiki/Special:Redirect/page/304542,https://lol.fandom.com/wiki/Special:Redirect/file/Top_Esports_Challengerlogo_square.png
lp_team_304549,Dominus Esports Young,Dominus Esports Young,leaguepedia_cargo,https://lol.fandom.com/wiki/Special:Redirect/page/304549,https://lol.fandom.com/wiki/Special:Redirect/file/Dominus_Esports_Younglogo_square.png
lp_team_304580,Boavista FC,Boavista FC,leaguepedia_cargo,https://lol.fandom.com/wiki/Special:Redirect/page/304580,https://lol.fandom.com/wiki/Special:Redirect/file/Boavista_FClogo_square.png
lp_team_305875,piratesports,piratesports,leaguepedia_cargo,https://lol.fandom.com/wiki/Special:Redirect/page/305875,https://lol.fandom.com/wiki/Special:Redirect/file/Piratesportslogo_profile.png
lp_team_305977,DP5 Makios,DP5 Makios,leaguepedia_cargo,https://lol.fandom.com/wiki/Special:Redirect/page/305977,https://lol.fandom.com/wiki/Special:Redirect/file/DP5_Makioslogo_square.png
lp_team_306813,Team Front,Team Front,leaguepedia_cargo,https://lol.fandom.com/wiki/Special:Redirect/page/306813,https://lol.fandom.com/wiki/Special:Redirect/file/Team_Frontlogo_square.png
lp_team_306821,Rex Regalis,Rex Regalis,leaguepedia_cargo,https://lol.fandom.com/wiki/Special:Redirect/page/306821,https://lol.fandom.com/wiki/Special:Redirect/file/Rex_Regalislogo_square.png
lp_team_306896,Emissary Esports,Emissary Esports,leaguepedia_cargo,https://lol.fandom.com/wiki/Special:Redirect/page/306896,https://lol.fandom.com/wiki/Special:Redirect/file/Emissary_Esportslogo_square.png
lp_team_306905,F3VP,F3VP,leaguepedia_cargo,https://lol.fandom.com/wiki/Special:Redirect/page/306905,https://lol.fandom.com/wiki/Special:Redirect/file/F3VPlogo_square.png
lp_team_306909,Dramatik Gaming,Dramatik Gaming,leaguepedia_cargo,https://lol.fandom.com/wiki/Special:Redirect/page/306909,https://lol.fandom.com/wiki/Special:Redirect/file/Dramatik_Gaminglogo_square.png
lp_team_306915,CONQUEROR Gaming,CONQUEROR Gaming,leaguepedia_cargo,https://lol.fandom.com/wiki/Special:Redirect/page/306915,https://lol.fandom.com/wiki/Special:Redirect/file/CONQUEROR_Gaminglogo_square.png
lp_team_307353,Dawn Esports Quake,Dawn Esports Quake,leaguepedia_cargo,https://lol.fandom.com/wiki/Special:Redirect/page/307353,https://lol.fandom.com/wiki/Special:Redirect/file/Dawn_Esports_Quakelogo_square.png
lp_team_307357,Dawn Esports Shock,Dawn Esports Shock,leaguepedia_cargo,https://lol.fandom.com/wiki/Special:Redirect/page/307357,https://lol.fandom.com/wiki/Special:Redirect/file/Dawn_Esports_Shocklogo_square.png
lp_team_307361,Lotus Bloom,Lotus Bloom,leaguepedia_cargo,https://lol.fandom.com/wiki/Special:Redirect/page/307361,https://lol.fandom.com/wiki/Special:Redirect/file/Lotus_Bloomlogo_square.png
lp_team_307601,The Plan,The Plan,leaguepedia_cargo,https://lol.fandom.com/wiki/Special:Redirect/page/307601,https://lol.fandom.com/wiki/Special:Redirect/file/The_Planlogo_square.png
lp_team_307635,Upper Echelon,Upper Echelon,leaguepedia_cargo,https://lol.fandom.com/wiki/Special:Redirect/page/307635,https://lol.fandom.com/wiki/Special:Redirect/file/Upper_Echelonlogo_square.png
lp_team_307774,Monkey Mafia,Monkey Mafia,leaguepedia_cargo,https://lol.fandom.com/wiki/Special:Redirect/page/307774,https://lol.fandom.com/wiki/Special:Redirect/file/Monkey_Mafialogo_square.png
lp_team_307962,Future Perfect Blue,Future Perfect Blue,leaguepedia_cargo,https://lol.fandom.com/wiki/Special:Redirect/page/307962,https://lol.fandom.com/wiki/Special:Redirect/file/Future_Perfect_Bluelogo_square.png
lp_team_307966,Future Perfect Orange,Future Perfect Orange,leaguepedia_cargo,https://lol.fandom.com/wiki/Special:Redirect/page/307966,https://lol.fandom.com/wiki/Special:Redirect/file/Future_Perfect_Orangelogo_square.png
lp_team_307970,Future Perfect Purple,Future Perfect Purple,leaguepedia_cargo,https://lol.fandom.com/wiki/Special:Redirect/page/307970,https://lol.fandom.com/wiki/Special:Redirect/file/Future_Perfect_Purplelogo_square.png
lp_team_308328,FH eSports,FH eSports,leaguepedia_cargo,https://lol.fandom.com/wiki/Special:Redirect/page/308328,https://lol.fandom.com/wiki/Special:Redirect/file/FH_eSportslogo_square.png
lp_team_308548,ANEW Hope,ANEW Hope,leaguepedia_cargo,https://lol.fandom.com/wiki/Special:Redirect/page/308548,https://lol.fandom.com/wiki/Special:Redirect/file/ANEW_Hopelogo_square.png
lp_team_309357,ESCORT P9 Academy,ESCORT P9 Academy,leaguepedia_cargo,https://lol.fandom.com/wiki/Special:Redirect/page/309357,https://lol.fandom.com/wiki/Special:Redirect/file/ESCORT_P9_Academylogo_square.png
lp_team_309599,YDN Elysium,YDN Elysium,leaguepedia_cargo,https://lol.fandom.com/wiki/Special:Redirect/page/309599,https://lol.fandom.com/wiki/Special:Redirect/file/YDN_Elysiumlogo_square.png
lp_team_309600,IziDream,IziDream,leaguepedia_cargo,https://lol.fandom.com/wiki/Special:Redirect/page/309600,https://lol.fandom.com/wiki/Special:Redirect/file/IziDreamlogo_square.png
lp_team_309656,Bren Esports,Bren Esports,leaguepedia_cargo,https://lol.fandom.com/wiki/Special:Redirect/page/309656,https://lol.fandom.com/wiki/Special:Redirect/file/Bren_Esportslogo_square.png
lp_team_309742,Team Dynasty,Team Dynasty,leaguepedia_cargo,https://lol.fandom.com/wiki/Special:Redirect/page/309742,https://lol.fandom.com/wiki/Special:Redirect/file/Team_Dynastylogo_square.png
lp_team_309877,Sector 7,Sector 7,leaguepedia_cargo,https://lol.fandom.com/wiki/Special:Redirect/page/309877,https://lol.fandom.com/wiki/Special:Redirect/file/Sector_7logo_square.png
lp_team_310976,Arctic Dawn Gaming,Arctic Dawn Gaming,leaguepedia_cargo,https://lol.fandom.com/wiki/Special:Redirect/page/310976,https://lol.fandom.com/wiki/Special:Redirect/file/Arctic_Dawn_Gaminglogo_square.png
lp_team_311261,The Expendables,The Expendables,leaguepedia_cargo,https://lol.fandom.com/wiki/Special:Redirect/page/311261,https://lol.fandom.com/wiki/Special:Redirect/file/The_Expendableslogo_square.png
lp_team_311563,Evolve,Evolve,leaguepedia_cargo,https://lol.fandom.com/wiki/Special:Redirect/page/311563,https://lol.fandom.com/wiki/Special:Redirect/file/Evolvelogo_square.png
lp_team_311590,Team Moops,Team Moops,leaguepedia_cargo,https://lol.fandom.com/wiki/Special:Redirect/page/311590,https://lol.fandom.com/wiki/Special:Redirect/file/Team_Moopslogo_square.png
lp_team_312412,Dawn Esports Blaze,Dawn Esports Blaze,leaguepedia_cargo,https://lol.fandom.com/wiki/Special:Redirect/page/312412,https://lol.fandom.com/wiki/Special:Redirect/file/Dawn_Esports_Blazelogo_square.png
lp_team_312573,Imperials,Imperials,leaguepedia_cargo,https://lol.fandom.com/wiki/Special:Redirect/page/312573,https://lol.fandom.com/wiki/Special:Redirect/file/Imperialslogo_square.png
lp_team_312764,Together Esports,Together Esports,leaguepedia_cargo,https://lol.fandom.com/wiki/Special:Redirect/page/312764,https://lol.fandom.com/wiki/Special:Redirect/file/Together_Esportslogo_square.png
lp_team_312814,Celestial Gaming,Celestial Gaming,leaguepedia_cargo,https://lol.fandom.com/wiki/Special:Redirect/page/312814,https://lol.fandom.com/wiki/Special:Redirect/file/Celestial_Gaminglogo_square.png
lp_team_313113,PIRTS,PIRTS,leaguepedia_cargo,https://lol.fandom.com/wiki/Special:Redirect/page/313113,https://lol.fandom.com/wiki/Special:Redirect/file/PIRTSlogo_square.png
lp_team_313316,One Piece eSports,One Piece eSports,leaguepedia_cargo,https://lol.fandom.com/wiki/Special:Redirect/page/313316,https://lol.fandom.com/wiki/Special:Redirect/file/One_Piece_eSportslogo_square.png
lp_team_313321,Corax Gaming,Corax Gaming,leaguepedia_cargo,https://lol.fandom.com/wiki/Special:Redirect/page/313321,https://lol.fandom.com/wiki/Special:Redirect/file/Corax_Gaminglogo_square.png
lp_team_313341,BRUTE,BRUTE,leaguepedia_cargo,https://lol.fandom.com/wiki/Special:Redirect/page/313341,https://lol.fandom.com/wiki/Special:Redirect/file/BRUTElogo_square.png
lp_team_314001,Optimum Cowboys,Optimum Cowboys,leaguepedia_cargo,https://lol.fandom.com/wiki/Special:Redirect/page/314001,https://lol.fandom.com/wiki/Special:Redirect/file/Optimum_Cowboyslogo_square.png
lp_team_314488,Domme Jongens,Domme Jongens,leaguepedia_cargo,https://lol.fandom.com/wiki/Special:Redirect/page/314488,https://lol.fandom.com/wiki/Special:Redirect/file/Domme_Jongenslogo_square.png
lp_team_314748,NASR eSports,NASR eSports,leaguepedia_cargo,https://lol.fandom.com/wiki/Special:Redirect/page/314748,https://lol.fandom.com/wiki/Special:Redirect/file/NASR_eSportslogo_square.png
lp_team_314871,NASR eSports Jr.,NASR eSports Jr.,leaguepedia_cargo,https://lol.fandom.com/wiki/Special:Redirect/page/314871,https://lol.fandom.com/wiki/Special:Redirect/file/NASR_eSports_Jr.logo_square.png
lp_team_314971,Armored Project,Armored Project,leaguepedia_cargo,https://lol.fandom.com/wiki/Special:Redirect/page/314971,https://lol.fandom.com/wiki/Special:Redirect/file/Armored_Projectlogo_profile.png
lp_team_315032,Kenty,Kenty,leaguepedia_cargo,https://lol.fandom.com/wiki/Special:Redirect/page/315032,https://lol.fandom.com/wiki/Special:Redirect/file/Kentylogo_square.png
lp_team_315085,WIN Esports,WIN Esports,leaguepedia_cargo,https://lol.fandom.com/wiki/Special:Redirect/page/315085,https://lol.fandom.com/wiki/Special:Redirect/file/WIN_Esportslogo_square.png
lp_team_315094,Axis Empire,Axis Empire,leaguepedia_cargo,https://lol.fandom.com/wiki/Special:Redirect/page/315094,https://lol.fandom.com/wiki/Special:Redirect/file/Axis_Empirelogo_square.png
lp_team_315101,Singularity Female,Singularity Female,leaguepedia_cargo,https://lol.fandom.com/wiki/Special:Redirect/page/315101,https://lol.fandom.com/wiki/Special:Redirect/file/Team_Singularity_Femalelogo_square.png
lp_team_315877,FPT Hanoi,FPT Hanoi,leaguepedia_cargo,https://lol.fandom.com/wiki/Special:Redirect/page/315877,https://lol.fandom.com/wiki/Special:Redirect/file/FPT_Hanoilogo_square.png
lp_team_315901,FPT Ho Chi Minh,FPT Ho Chi Minh,leaguepedia_cargo,https://lol.fandom.com/wiki/Special:Redirect/page/315901,https://lol.fandom.com/wiki/Special:Redirect/file/FPT_Ho_Chi_Minhlogo_square.png
lp_team_316977,Team Retric,Team Retric,leaguepedia_cargo,https://lol.fandom.com/wiki/Special:Redirect/page/316977,https://lol.fandom.com/wiki/Special:Redirect/file/Retric_eSportslogo_square.png
lp_team_318250,S2V Esports Academy,S2V Esports Academy,leaguepedia_cargo,https://lol.fandom.com/wiki/Special:Redirect/page/318250,https://lol.fandom.com/wiki/Special:Redirect/file/S2V_Esports_Academylogo_square.png
lp_team_318882,Team Matrix,Team Matrix,leaguepedia_cargo,https://lol.fandom.com/wiki/Special:Redirect/page/318882,https://lol.fandom.com/wiki/Special:Redirect/file/Team_Matrixlogo_square.png
lp_team_319049,Hyper Nova,Hyper Nova,leaguepedia_cargo,https://lol.fandom.com/wiki/Special:Redirect/page/319049,https://lol.fandom.com/wiki/Special:Redirect/file/Super_Nova_eSportslogo_square.png
lp_team_319097,Vodafone Giants White,Vodafone Giants White,leaguepedia_cargo,https://lol.fandom.com/wiki/Special:Redirect/page/319097,https://lol.fandom.com/wiki/Special:Redirect/file/Vodafone_Giants_Whitelogo_square.png
lp_team_319119,Arena Quesito,Arena Quesito,leaguepedia_cargo,https://lol.fandom.com/wiki/Special:Redirect/page/319119,https://lol.fandom.com/wiki/Special:Redirect/file/Arena_Quesitologo_square.png
lp_team_319172,EVOS Valkyrie,EVOS Valkyrie,leaguepedia_cargo,https://lol.fandom.com/wiki/Special:Redirect/page/319172,https://lol.fandom.com/wiki/Special:Redirect/file/EVOS_Valkyrielogo_square.png
lp_team_319528,Box Ladies,Box Ladies,leaguepedia_cargo,https://lol.fandom.com/wiki/Special:Redirect/page/319528,https://lol.fandom.com/wiki/Special:Redirect/file/Box_Ladieslogo_square.png
lp_team_319573,FrostFire,FrostFire,leaguepedia_cargo,https://lol.fandom.com/wiki/Special:Redirect/page/319573,https://lol.fandom.com/wiki/Special:Redirect/file/FrostFire_%28North_American_Team%29logo_square.png
lp_team_323664,University of Washington,University of Washington,leaguepedia_cargo,https://lol.fandom.com/wiki/Special:Redirect/page/323664,https://lol.fandom.com/wiki/Special:Redirect/file/University_of_Washingtonlogo_square.png
lp_team_324432,Mirage Oasis,Mirage Oasis,leaguepedia_cargo,https://lol.fandom.com/wiki/Special:Redirect/page/324432,https://lol.fandom.com/wiki/Special:Redirect/file/Mirage_Oasislogo_square.png
lp_team_325953,Greek Gorillaz,Greek Gorillaz,leaguepedia_cargo,https://lol.fandom.com/wiki/Special:Redirect/page/325953,https://lol.fandom.com/wiki/Special:Redirect/file/Greek_Gorillazlogo_square.png
lp_team_326426,Aethra Esports,Aethra Esports,leaguepedia_cargo,https://lol.fandom.com/wiki/Special:Redirect/page/326426,https://lol.fandom.com/wiki/Special:Redirect/file/Aethra_Esportslogo_square.png
lp_team_326433,Aethra Esports Belgium,Aethra Esports Belgium,leaguepedia_cargo,https://lol.fandom.com/wiki/Special:Redirect/page/326433,https://lol.fandom.com/wiki/Special:Redirect/file/Aethra_Esports_Belgiumlogo_square.png
lp_team_326538,Kawaii Kiwis,Kawaii Kiwis,leaguepedia_cargo,https://lol.fandom.com/wiki/Special:Redirect/page/326538,https://lol.fandom.com/wiki/Special:Redirect/file/Kawaii_Kiwislogo_square.png
lp_team_326802,Ascentia Gaming,Ascentia Gaming,leaguepedia_cargo,https://lol.fandom.com/wiki/Special:Redirect/page/326802,https://lol.fandom.com/wiki/Special:Redirect/file/Ascentia_Gaminglogo_square.png
lp_team_326878,Godsent,Godsent,leaguepedia_cargo,https://lol.fandom.com/wiki/Special:Redirect/page/326878,https://lol.fandom.com/wiki/Special:Redirect/file/Godsentlogo_square.png
lp_team_327189,ASUS ROG Female,ASUS ROG Female,leaguepedia_cargo,https://lol.fandom.com/wiki/Special:Redirect/page/327189,https://lol.fandom.com/wiki/Special:Redirect/file/ASUS_ROG_Femalelogo_square.png
lp_team_327756,S2V Esports Female,S2V Esports Female,leaguepedia_cargo,https://lol.fandom.com/wiki/Special:Redirect/page/327756,https://lol.fandom.com/wiki/Special:Redirect/file/S2V_Esports_Femalelogo_square.png
lp_team_327957,Movistar Riders Blue,Movistar Riders Blue,leaguepedia_cargo,https://lol.fandom.com/wiki/Special:Redirect/page/327957,https://lol.fandom.com/wiki/Special:Redirect/file/Movistar_Riders_Bluelogo_square.png
lp_team_328200,Barrage Esports Retirement Home,Barrage Esports Retirement Home,leaguepedia_cargo,https://lol.fandom.com/wiki/Special:Redirect/page/328200,https://lol.fandom.com/wiki/Special:Redirect/file/Barrage_Esports_Retirement_Homelogo_square.png
lp_team_328774,Intrepid Fox Gaming,Intrepid Fox Gaming,leaguepedia_cargo,https://lol.fandom.com/wiki/Special:Redirect/page/328774,https://lol.fandom.com/wiki/Special:Redirect/file/Intrepid_Fox_Gaminglogo_square.png
lp_team_329459,Onyx Esports,Onyx Esports,leaguepedia_cargo,https://lol.fandom.com/wiki/Special:Redirect/page/329459,https://lol.fandom.com/wiki/Special:Redirect/file/Onyx_Esportslogo_square.png
lp_team_330038,Auxesis Esports,Auxesis Esports,leaguepedia_cargo,https://lol.fandom.com/wiki/Special:Redirect/page/330038,https://lol.fandom.com/wiki/Special:Redirect/file/Auxesis_Esportslogo_square.png
lp_team_331716,Bucks Vipers,Bucks Vipers,leaguepedia_cargo,https://lol.fandom.com/wiki/Special:Redirect/page/331716,https://lol.fandom.com/wiki/Special:Redirect/file/Bucks_Viperslogo_square.png
lp_team_331766,Winthrop University,Winthrop University,leaguepedia_cargo,https://lol.fandom.com/wiki/Special:Redirect/page/331766,https://lol.fandom.com/wiki/Special:Redirect/file/Winthrop_Universitylogo_square.png
lp_team_331962,Fallen Gods,Fallen Gods,leaguepedia_cargo,https://lol.fandom.com/wiki/Special:Redirect/page/331962,https://lol.fandom.com/wiki/Special:Redirect/file/Fallen_Godslogo_square.png
lp_team_332048,Deliverance Esports,Deliverance Esports,leaguepedia_cargo,https://lol.fandom.com/wiki/Special:Redirect/page/332048,https://lol.fandom.com/wiki/Special:Redirect/file/Deliverance_Esportslogo_square.png
lp_team_332353,Kiwoom DRX,Kiwoom DRX,leaguepedia_cargo,https://lol.fandom.com/wiki/Special:Redirect/page/332353,https://lol.fandom.com/wiki/Special:Redirect/file/Kiwoom_DRXlogo_profile.png
lp_team_332561,Diablo Chairs,Diablo Chairs,leaguepedia_cargo,https://lol.fandom.com/wiki/Special:Redirect/page/332561,https://lol.fandom.com/wiki/Special:Redirect/file/Diablo_Chairslogo_profile.png
lp_team_332713,Granit Gaming,Granit Gaming,leaguepedia_cargo,https://lol.fandom.com/wiki/Special:Redirect/page/332713,https://lol.fandom.com/wiki/Special:Redirect/file/Granit_Gaminglogo_square.png
lp_team_332736,Vipers Inc,Vipers Inc,leaguepedia_cargo,https://lol.fandom.com/wiki/Special:Redirect/page/332736,https://lol.fandom.com/wiki/Special:Redirect/file/Vipers_Inclogo_square.png
lp_team_333402,Flayn eSports Swiss Edition,Flayn eSports Swiss Edition,leaguepedia_cargo,https://lol.fandom.com/wiki/Special:Redirect/page/333402,https://lol.fandom.com/wiki/Special:Redirect/file/Flayn_eSports_Swiss_Editionlogo_square.png
lp_team_333415,Immortals Academy,Immortals Academy,leaguepedia_cargo,https://lol.fandom.com/wiki/Special:Redirect/page/333415,https://lol.fandom.com/wiki/Special:Redirect/file/Immortalslogo_profile.png
lp_team_333465,Zephyr Esport,Zephyr Esport,leaguepedia_cargo,https://lol.fandom.com/wiki/Special:Redirect/page/333465,https://lol.fandom.com/wiki/Special:Redirect/file/Zephyr_Esportlogo_profile.png
lp_team_333495,Vikingekrig Academy,Vikingekrig Academy,leaguepedia_cargo,https://lol.fandom.com/wiki/Special:Redirect/page/333495,https://lol.fandom.com/wiki/Special:Redirect/file/Vikingekrig_Academylogo_square.png
lp_team_340139,KR Reykjavík Esports,KR Reykjavík Esports,leaguepedia_cargo,https://lol.fandom.com/wiki/Special:Redirect/page/340139,https://lol.fandom.com/wiki/Special:Redirect/file/KR_Reykjav%C3%ADk_Esportslogo_square.png
lp_team_340446,ToxicFalcons Oldschool,ToxicFalcons Oldschool,leaguepedia_cargo,https://lol.fandom.com/wiki/Special:Redirect/page/340446,https://lol.fandom.com/wiki/Special:Redirect/file/ToxicFalcons_Oldschoollogo_square.png
lp_team_340447,Aethra Esports Academy,Aethra Esports Academy,leaguepedia_cargo,https://lol.fandom.com/wiki/Special:Redirect/page/340447,https://lol.fandom.com/wiki/Special:Redirect/file/Aethra_Esports_Academylogo_square.png
lp_team_340465,Fram Reykjavík Esports,Fram Reykjavík Esports,leaguepedia_cargo,https://lol.fandom.com/wiki/Special:Redirect/page/340465,https://lol.fandom.com/wiki/Special:Redirect/file/Fram_Reykjav%C3%ADk_Esportslogo_square.png
lp_team_340570,Team Innova,Team Innova,leaguepedia_cargo,https://lol.fandom.com/wiki/Special:Redirect/page/340570,https://lol.fandom.com/wiki/Special:Redirect/file/Team_Innovalogo_square.png
lp_team_340767,Adriatic Wolves,Adriatic Wolves,leaguepedia_cargo,https://lol.fandom.com/wiki/Special:Redirect/page/340767,https://lol.fandom.com/wiki/Special:Redirect/file/Adriatic_Wolveslogo_square.png
lp_team_340811,Aris Esports,Aris Esports,leaguepedia_cargo,https://lol.fandom.com/wiki/Special:Redirect/page/340811,https://lol.fandom.com/wiki/Special:Redirect/file/Aris_Esportslogo_square.png
lp_team_340851,Godlike Goats,Godlike Goats,leaguepedia_cargo,https://lol.fandom.com/wiki/Special:Redirect/page/340851,https://lol.fandom.com/wiki/Special:Redirect/file/Godlike_Goatslogo_square.png
lp_team_340948,ESUG Ultimate Five Feeder,ESUG Ultimate Five Feeder,leaguepedia_cargo,https://lol.fandom.com/wiki/Special:Redirect/page/340948,https://lol.fandom.com/wiki/Special:Redirect/file/ESUG_Ultimate_Five_Feederlogo_square.png
lp_team_341059,Exilium Gaming,Exilium Gaming,leaguepedia_cargo,https://lol.fandom.com/wiki/Special:Redirect/page/341059,https://lol.fandom.com/wiki/Special:Redirect/file/Exilium_Gaminglogo_square.png
lp_team_341207,KIT SC White,KIT SC White,leaguepedia_cargo,https://lol.fandom.com/wiki/Special:Redirect/page/341207,https://lol.fandom.com/wiki/Special:Redirect/file/KIT_SC_Whitelogo_square.png
lp_team_341436,UCAM Penguins Academy,UCAM Penguins Academy,leaguepedia_cargo,https://lol.fandom.com/wiki/Special:Redirect/page/341436,https://lol.fandom.com/wiki/Special:Redirect/file/UCAM_Penguins_Academylogo_square.png
lp_team_341481,YDN Esports,YDN Esports,leaguepedia_cargo,https://lol.fandom.com/wiki/Special:Redirect/page/341481,https://lol.fandom.com/wiki/Special:Redirect/file/YDN_Esportslogo_square.png
lp_team_341745,Dignitas Academy,Dignitas Academy,leaguepedia_cargo,https://lol.fandom.com/wiki/Special:Redirect/page/341745,https://lol.fandom.com/wiki/Special:Redirect/file/Dignitaslogo_profile.png
lp_team_341763,Fervent Esports,Fervent Esports,leaguepedia_cargo,https://lol.fandom.com/wiki/Special:Redirect/page/341763,https://lol.fandom.com/wiki/Special:Redirect/file/Fervent_Esportslogo_square.png
lp_team_342377,University of Louisiana at Lafayette,University of Louisiana at Lafayette,leaguepedia_cargo,https://lol.fandom.com/wiki/Special:Redirect/page/342377,https://lol.fandom.com/wiki/Special:Redirect/file/University_of_Louisiana_at_Lafayettelogo_profile.png
lp_team_342471,Evil Geniuses Academy,Evil Geniuses Academy,leaguepedia_cargo,https://lol.fandom.com/wiki/Special:Redirect/page/342471,https://lol.fandom.com/wiki/Special:Redirect/file/Evil_Geniuses.NAlogo_profile.png
lp_team_342717,Timeout Esports,Timeout Esports,leaguepedia_cargo,https://lol.fandom.com/wiki/Special:Redirect/page/342717,https://lol.fandom.com/wiki/Special:Redirect/file/Timeout_Esportslogo_square.png
lp_team_342800,Intergalaxy Tigers Gaming,Intergalaxy Tigers Gaming,leaguepedia_cargo,https://lol.fandom.com/wiki/Special:Redirect/page/342800,https://lol.fandom.com/wiki/Special:Redirect/file/Intergalaxy_Tigers_Gaminglogo_square.png
lp_team_342871,Mystic Gaming,Mystic Gaming,leaguepedia_cargo,https://lol.fandom.com/wiki/Special:Redirect/page/342871,https://lol.fandom.com/wiki/Special:Redirect/file/Mystic_Gaming_%28Emirati_Team%29logo_square.png
lp_team_343029,Humanoids5,Humanoids5,leaguepedia_cargo,https://lol.fandom.com/wiki/Special:Redirect/page/343029,https://lol.fandom.com/wiki/Special:Redirect/file/Humanoids5logo_square.png
lp_team_343157,Master of Chicken Gaming,Master of Chicken Gaming,leaguepedia_cargo,https://lol.fandom.com/wiki/Special:Redirect/page/343157,https://lol.fandom.com/wiki/Special:Redirect/file/Master_of_Chicken_Gaminglogo_square.png
lp_team_343462,Azules Esports Academy,Azules Esports Academy,leaguepedia_cargo,https://lol.fandom.com/wiki/Special:Redirect/page/343462,https://lol.fandom.com/wiki/Special:Redirect/file/Azules_Esports_Academylogo_square.png
lp_team_343477,Malvinas Gaming,Malvinas Gaming,leaguepedia_cargo,https://lol.fandom.com/wiki/Special:Redirect/page/343477,https://lol.fandom.com/wiki/Special:Redirect/file/Malvinas_Gaminglogo_square.png
lp_team_346330,Manguste AT,Manguste AT,leaguepedia_cargo,https://lol.fandom.com/wiki/Special:Redirect/page/346330,https://lol.fandom.com/wiki/Special:Redirect/file/Manguste_ATlogo_square.png
lp_team_346638,Missouri Valley College,Missouri Valley College,leaguepedia_cargo,https://lol.fandom.com/wiki/Special:Redirect/page/346638,https://lol.fandom.com/wiki/Special:Redirect/file/Missouri_Valley_Collegelogo_square.png
lp_team_346669,EGZ Esports,EGZ Esports,leaguepedia_cargo,https://lol.fandom.com/wiki/Special:Redirect/page/346669,https://lol.fandom.com/wiki/Special:Redirect/file/EGZ_Esportslogo_square.png
lp_team_347236,QLASH MENA,QLASH MENA,leaguepedia_cargo,https://lol.fandom.com/wiki/Special:Redirect/page/347236,https://lol.fandom.com/wiki/Special:Redirect/file/QLASH_MENAlogo_square.png
lp_team_347240,Divine Vendetta,Divine Vendetta,leaguepedia_cargo,https://lol.fandom.com/wiki/Special:Redirect/page/347240,https://lol.fandom.com/wiki/Special:Redirect/file/Divine_Vendettalogo_profile.png
lp_team_347420,Lycos eSports,Lycos eSports,leaguepedia_cargo,https://lol.fandom.com/wiki/Special:Redirect/page/347420,https://lol.fandom.com/wiki/Special:Redirect/file/Lycos_Esportslogo_square.png
lp_team_347546,5 Ronin,5 Ronin,leaguepedia_cargo,https://lol.fandom.com/wiki/Special:Redirect/page/347546,https://lol.fandom.com/wiki/Special:Redirect/file/5_Roninlogo_square.png
lp_team_347631,Unfazed Esport,Unfazed Esport,leaguepedia_cargo,https://lol.fandom.com/wiki/Special:Redirect/page/347631,https://lol.fandom.com/wiki/Special:Redirect/file/Unfazed_Esportlogo_square.png
lp_team_347634,FC Nantes Esports,FC Nantes Esports,leaguepedia_cargo,https://lol.fandom.com/wiki/Special:Redirect/page/347634,https://lol.fandom.com/wiki/Special:Redirect/file/FC_Nantes_Esportslogo_square.png
lp_team_347665,Tony Parker Adéquat Academy,Tony Parker Adéquat Academy,leaguepedia_cargo,https://lol.fandom.com/wiki/Special:Redirect/page/347665,https://lol.fandom.com/wiki/Special:Redirect/file/Tony_Parker_Ad%C3%A9quat_Academylogo_profile.png
lp_team_347823,TrainHard eSport,TrainHard eSport,leaguepedia_cargo,https://lol.fandom.com/wiki/Special:Redirect/page/347823,https://lol.fandom.com/wiki/Special:Redirect/file/TrainHard_eSportlogo_square.png
lp_team_347950,Shot 2 Kill,Shot 2 Kill,leaguepedia_cargo,https://lol.fandom.com/wiki/Special:Redirect/page/347950,https://lol.fandom.com/wiki/Special:Redirect/file/Shot_2_Killlogo_square.png
lp_team_347978,GamersOrigin Academy,GamersOrigin Academy,leaguepedia_cargo,https://lol.fandom.com/wiki/Special:Redirect/page/347978,https://lol.fandom.com/wiki/Special:Redirect/file/GamersOriginlogo_profile.png
lp_team_347997,Team MCES Academy,Team MCES Academy,leaguepedia_cargo,https://lol.fandom.com/wiki/Special:Redirect/page/347997,https://lol.fandom.com/wiki/Special:Redirect/file/Team_MCES_Academylogo_profile.png
lp_team_348338,Merciless Academy,Merciless Academy,leaguepedia_cargo,https://lol.fandom.com/wiki/Special:Redirect/page/348338,https://lol.fandom.com/wiki/Special:Redirect/file/Merciless_Gaminglogo_square.png
lp_team_348483,XYZ,XYZ,leaguepedia_cargo,https://lol.fandom.com/wiki/Special:Redirect/page/348483,https://lol.fandom.com/wiki/Special:Redirect/file/Unknown_Infobox_Image_-_Team.png
lp_team_349101,Deliverance Esports Peru,Deliverance Esports Peru,leaguepedia_cargo,https://lol.fandom.com/wiki/Special:Redirect/page/349101,https://lol.fandom.com/wiki/Special:Redirect/file/Deliverance_Esports_Perulogo_square.png
lp_team_349300,PCHunter,PCHunter,leaguepedia_cargo,https://lol.fandom.com/wiki/Special:Redirect/page/349300,https://lol.fandom.com/wiki/Special:Redirect/file/PCHunterlogo_square.png
lp_team_349456,SILENTGAMING,SILENTGAMING,leaguepedia_cargo,https://lol.fandom.com/wiki/Special:Redirect/page/349456,https://lol.fandom.com/wiki/Special:Redirect/file/SILENTGAMINGlogo_square.png
lp_team_349469,RunAway,RunAway,leaguepedia_cargo,https://lol.fandom.com/wiki/Special:Redirect/page/349469,https://lol.fandom.com/wiki/Special:Redirect/file/RunAwaylogo_square.png
lp_team_349575,MAD Lions KOI,MAD Lions KOI,leaguepedia_cargo,https://lol.fandom.com/wiki/Special:Redirect/page/349575,https://lol.fandom.com/wiki/Special:Redirect/file/MAD_Lionslogo_profile.png
lp_team_349589,Prodigy Esports,Prodigy Esports,leaguepedia_cargo,https://lol.fandom.com/wiki/Special:Redirect/page/349589,https://lol.fandom.com/wiki/Special:Redirect/file/Prodigy_Esportslogo_square.png
lp_team_349631,Novus Tempus,Novus Tempus,leaguepedia_cargo,https://lol.fandom.com/wiki/Special:Redirect/page/349631,https://lol.fandom.com/wiki/Special:Redirect/file/Novus_Tempuslogo_square.png
lp_team_349898,Pentanet.GG,Pentanet.GG,leaguepedia_cargo,https://lol.fandom.com/wiki/Special:Redirect/page/349898,https://lol.fandom.com/wiki/Special:Redirect/file/Pentanet.GGlogo_profile.png
lp_team_349990,Seorabeol Gaming,Seorabeol Gaming,leaguepedia_cargo,https://lol.fandom.com/wiki/Special:Redirect/page/349990,https://lol.fandom.com/wiki/Special:Redirect/file/Seorabeol_Gaminglogo_square.png
lp_team_350070,Chivas Esports,Chivas Esports,leaguepedia_cargo,https://lol.fandom.com/wiki/Special:Redirect/page/350070,https://lol.fandom.com/wiki/Special:Redirect/file/Chivas_Esportslogo_square.png
lp_team_350161,Maze,Maze,leaguepedia_cargo,https://lol.fandom.com/wiki/Special:Redirect/page/350161,https://lol.fandom.com/wiki/Special:Redirect/file/Maze_%28Brazilian_Team%29logo_square.png
lp_team_350742,ŠAIM SE SuppUp,ŠAIM SE SuppUp,leaguepedia_cargo,https://lol.fandom.com/wiki/Special:Redirect/page/350742,https://lol.fandom.com/wiki/Special:Redirect/file/SAIM_SE_SuppUplogo_square.png
lp_team_350955,1. Berliner Esport-Club e.V.,1. Berliner Esport-Club e.V.,leaguepedia_cargo,https://lol.fandom.com/wiki/Special:Redirect/page/350955,https://lol.fandom.com/wiki/Special:Redirect/file/1._Berliner_Esport-Club_e.V.logo_square.png
lp_team_351029,FURIA,FURIA,leaguepedia_cargo,https://lol.fandom.com/wiki/Special:Redirect/page/351029,https://lol.fandom.com/wiki/Special:Redirect/file/FURIAlogo_profile.png
lp_team_351063,CrowCrowd,CrowCrowd,leaguepedia_cargo,https://lol.fandom.com/wiki/Special:Redirect/page/351063,https://lol.fandom.com/wiki/Special:Redirect/file/CrowCrowdlogo_square.png
lp_team_351089,KV Mechelen Esports,KV Mechelen Esports,leaguepedia_cargo,https://lol.fandom.com/wiki/Special:Redirect/page/351089,https://lol.fandom.com/wiki/Special:Redirect/file/KV_Mechelen_Esportslogo_square.png
lp_team_351090,PSV Esports,PSV Esports,leaguepedia_cargo,https://lol.fandom.com/wiki/Special:Redirect/page/351090,https://lol.fandom.com/wiki/Special:Redirect/file/PSV_Esportslogo_square.png
lp_team_351101,RSC Anderlecht Esports,RSC Anderlecht Esports,leaguepedia_cargo,https://lol.fandom.com/wiki/Special:Redirect/page/351101,https://lol.fandom.com/wiki/Special:Redirect/file/RSC_Anderlecht_Esportslogo_square.png
lp_team_351105,Team THRLL,Team THRLL,leaguepedia_cargo,https://lol.fandom.com/wiki/Special:Redirect/page/351105,https://lol.fandom.com/wiki/Special:Redirect/file/Team_THRLLlogo_square.png
lp_team_351188,eStar,eStar,leaguepedia_cargo,https://lol.fandom.com/wiki/Special:Redirect/page/351188,https://lol.fandom.com/wiki/Special:Redirect/file/EStar_%28Chinese_Team%29logo_square.png
lp_team_351507,Furious Gaming Chile,Furious Gaming Chile,leaguepedia_cargo,https://lol.fandom.com/wiki/Special:Redirect/page/351507,https://lol.fandom.com/wiki/Special:Redirect/file/FG_logo.png
lp_team_351576,Public Enemy,Public Enemy,leaguepedia_cargo,https://lol.fandom.com/wiki/Special:Redirect/page/351576,https://lol.fandom.com/wiki/Special:Redirect/file/Public_Enemylogo_square.png
lp_team_352154,Spandauer Inferno,Spandauer Inferno,leaguepedia_cargo,https://lol.fandom.com/wiki/Special:Redirect/page/352154,https://lol.fandom.com/wiki/Special:Redirect/file/Spandauer_Infernologo_square.png
lp_team_352785,GC Busan Ascension,GC Busan Ascension,leaguepedia_cargo,https://lol.fandom.com/wiki/Special:Redirect/page/352785,https://lol.fandom.com/wiki/Special:Redirect/file/GC_Busan_Ascensionlogo_square.png
lp_team_353002,Team 7AM,Team 7AM,leaguepedia_cargo,https://lol.fandom.com/wiki/Special:Redirect/page/353002,https://lol.fandom.com/wiki/Special:Redirect/file/Team_7AMlogo_square.png
lp_team_353027,Nova Esports,Nova Esports,leaguepedia_cargo,https://lol.fandom.com/wiki/Special:Redirect/page/353027,https://lol.fandom.com/wiki/Special:Redirect/file/Nova_Esports_%28Thai_Team%29logo_profile.png
lp_team_353031,PSG Talon,PSG Talon,leaguepedia_cargo,https://lol.fandom.com/wiki/Special:Redirect/page/353031,https://lol.fandom.com/wiki/Special:Redirect/file/PSG_Talonlogo_profile.png
lp_team_353379,EGN Esports Academy,EGN Esports Academy,leaguepedia_cargo,https://lol.fandom.com/wiki/Special:Redirect/page/353379,https://lol.fandom.com/wiki/Special:Redirect/file/EGN_Esports_Academylogo_square.png
lp_team_353391,Zwan Gaming Mexico,Zwan Gaming Mexico,leaguepedia_cargo,https://lol.fandom.com/wiki/Special:Redirect/page/353391,https://lol.fandom.com/wiki/Special:Redirect/file/Zwan_Gaming_Mexicologo_square.png
lp_team_353551,Fukuoka SoftBank HAWKS gaming,Fukuoka SoftBank HAWKS gaming,leaguepedia_cargo,https://lol.fandom.com/wiki/Special:Redirect/page/353551,https://lol.fandom.com/wiki/Special:Redirect/file/Fukuoka_SoftBank_HAWKS_gaminglogo_profile.png
lp_team_353601,ESports Connected,ESports Connected,leaguepedia_cargo,https://lol.fandom.com/wiki/Special:Redirect/page/353601,https://lol.fandom.com/wiki/Special:Redirect/file/ESports_Connectedlogo_square.png
lp_team_353639,River Plate Gaming,River Plate Gaming,leaguepedia_cargo,https://lol.fandom.com/wiki/Special:Redirect/page/353639,https://lol.fandom.com/wiki/Special:Redirect/file/River_Plate_Gaminglogo_square.png
lp_team_353757,AGO ROGUE,AGO ROGUE,leaguepedia_cargo,https://lol.fandom.com/wiki/Special:Redirect/page/353757,https://lol.fandom.com/wiki/Special:Redirect/file/AGO_ROGUElogo_square.png
lp_team_354277,Onoda Esports,Onoda Esports,leaguepedia_cargo,https://lol.fandom.com/wiki/Special:Redirect/page/354277,https://lol.fandom.com/wiki/Special:Redirect/file/Onoda_Esportslogo_square.png
lp_team_354316,Ethernum Esports,Ethernum Esports,leaguepedia_cargo,https://lol.fandom.com/wiki/Special:Redirect/page/354316,https://lol.fandom.com/wiki/Special:Redirect/file/Ethernum_Esportslogo_square.png
lp_team_354321,Exilium Hunters,Exilium Hunters,leaguepedia_cargo,https://lol.fandom.com/wiki/Special:Redirect/page/354321,https://lol.fandom.com/wiki/Special:Redirect/file/Exilium_Hunterslogo_square.png
lp_team_354324,RusherX Gaming,RusherX Gaming,leaguepedia_cargo,https://lol.fandom.com/wiki/Special:Redirect/page/354324,https://lol.fandom.com/wiki/Special:Redirect/file/RusherX_Gaminglogo_square.png
lp_team_354333,Zeu5 Bogota,Zeu5 Bogota,leaguepedia_cargo,https://lol.fandom.com/wiki/Special:Redirect/page/354333,https://lol.fandom.com/wiki/Special:Redirect/file/Zeu5_Bogotalogo_square.png
lp_team_354338,Intel New Indians,Intel New Indians,leaguepedia_cargo,https://lol.fandom.com/wiki/Special:Redirect/page/354338,https://lol.fandom.com/wiki/Special:Redirect/file/Intel_New_Indianslogo_square.png
lp_team_354829,5 Ronin Academy,5 Ronin Academy,leaguepedia_cargo,https://lol.fandom.com/wiki/Special:Redirect/page/354829,https://lol.fandom.com/wiki/Special:Redirect/file/5_Ronin_Academylogo_square.png
lp_team_355429,Dynasty,Dynasty,leaguepedia_cargo,https://lol.fandom.com/wiki/Special:Redirect/page/355429,https://lol.fandom.com/wiki/Special:Redirect/file/Dynastylogo_profile.png
lp_team_355435,Sinisters,Sinisters,leaguepedia_cargo,https://lol.fandom.com/wiki/Special:Redirect/page/355435,https://lol.fandom.com/wiki/Special:Redirect/file/Sinisterslogo_square.png
lp_team_355657,University of Colorado Boulder,University of Colorado Boulder,leaguepedia_cargo,https://lol.fandom.com/wiki/Special:Redirect/page/355657,https://lol.fandom.com/wiki/Special:Redirect/file/University_of_Colorado_Boulderlogo_square.png
lp_team_355712,G2 Arctic,G2 Arctic,leaguepedia_cargo,https://lol.fandom.com/wiki/Special:Redirect/page/355712,https://lol.fandom.com/wiki/Special:Redirect/file/G2_Arcticlogo_profile.png
lp_team_355729,UCAM Esports,UCAM Esports,leaguepedia_cargo,https://lol.fandom.com/wiki/Special:Redirect/page/355729,https://lol.fandom.com/wiki/Special:Redirect/file/UCAM_Esportslogo_square.png
lp_team_356056,Atlando Esports,Atlando Esports,leaguepedia_cargo,https://lol.fandom.com/wiki/Special:Redirect/page/356056,https://lol.fandom.com/wiki/Special:Redirect/file/Atlando_Esportslogo_square.png
lp_team_356075,Hillerød eSport,Hillerød eSport,leaguepedia_cargo,https://lol.fandom.com/wiki/Special:Redirect/page/356075,https://lol.fandom.com/wiki/Special:Redirect/file/Hiller%C3%B8d_eSportlogo_square.png
lp_team_356080,MAD Lions Madrid,MAD Lions Madrid,leaguepedia_cargo,https://lol.fandom.com/wiki/Special:Redirect/page/356080,https://lol.fandom.com/wiki/Special:Redirect/file/MAD_Lions_Madridlogo_profile.png
lp_team_356485,LGD Gaming Young Team,LGD Gaming Young Team,leaguepedia_cargo,https://lol.fandom.com/wiki/Special:Redirect/page/356485,https://lol.fandom.com/wiki/Special:Redirect/file/LGD_Gaming_Young_Teamlogo_square.png
lp_team_356562,eStar Young,eStar Young,leaguepedia_cargo,https://lol.fandom.com/wiki/Special:Redirect/page/356562,https://lol.fandom.com/wiki/Special:Redirect/file/EStar_Younglogo_square.png
lp_team_356656,Abyssal Esport Club,Abyssal Esport Club,leaguepedia_cargo,https://lol.fandom.com/wiki/Special:Redirect/page/356656,https://lol.fandom.com/wiki/Special:Redirect/file/Abyssal_Esport_Clublogo_square.png
lp_team_356925,White Bears eSports,White Bears eSports,leaguepedia_cargo,https://lol.fandom.com/wiki/Special:Redirect/page/356925,https://lol.fandom.com/wiki/Special:Redirect/file/White_Bears_eSportslogo_square.png
lp_team_356943,Colorado State University,Colorado State University,leaguepedia_cargo,https://lol.fandom.com/wiki/Special:Redirect/page/356943,https://lol.fandom.com/wiki/Special:Redirect/file/Colorado_State_Universitylogo_square.png
lp_team_358209,Element Mystic,Element Mystic,leaguepedia_cargo,https://lol.fandom.com/wiki/Special:Redirect/page/358209,https://lol.fandom.com/wiki/Special:Redirect/file/Element_Mysticlogo_square.png
lp_team_358439,BCN Squad,BCN Squad,leaguepedia_cargo,https://lol.fandom.com/wiki/Special:Redirect/page/358439,https://lol.fandom.com/wiki/Special:Redirect/file/BCN_Squadlogo_profile.png
lp_team_358543,Infinity Esports Academy,Infinity Esports Academy,leaguepedia_cargo,https://lol.fandom.com/wiki/Special:Redirect/page/358543,https://lol.fandom.com/wiki/Special:Redirect/file/Infinity_Esports_Academylogo_square.png
lp_team_358593,OZ Gaming,OZ Gaming,leaguepedia_cargo,https://lol.fandom.com/wiki/Special:Redirect/page/358593,https://lol.fandom.com/wiki/Special:Redirect/file/OZ_Gaminglogo_square.png
lp_team_358898,Cidade Curiosa Esports,Cidade Curiosa Esports,leaguepedia_cargo,https://lol.fandom.com/wiki/Special:Redirect/page/358898,https://lol.fandom.com/wiki/Special:Redirect/file/Cidade_Curiosa_Esportslogo_square.png
lp_team_358963,Laughing Coffins,Laughing Coffins,leaguepedia_cargo,https://lol.fandom.com/wiki/Special:Redirect/page/358963,https://lol.fandom.com/wiki/Special:Redirect/file/Laughing_Coffinslogo_square.png
lp_team_359353,Berjaya Dragons,Berjaya Dragons,leaguepedia_cargo,https://lol.fandom.com/wiki/Special:Redirect/page/359353,https://lol.fandom.com/wiki/Special:Redirect/file/Berjaya_Dragonslogo_square.png
lp_team_359892,Elementaries Esport Club,Elementaries Esport Club,leaguepedia_cargo,https://lol.fandom.com/wiki/Special:Redirect/page/359892,https://lol.fandom.com/wiki/Special:Redirect/file/Elementaries_Esport_Clublogo_square.png
lp_team_359900,Team Flux,Team Flux,leaguepedia_cargo,https://lol.fandom.com/wiki/Special:Redirect/page/359900,https://lol.fandom.com/wiki/Special:Redirect/file/Team_Fluxlogo_square.png
lp_team_359910,ŠAIM SE,ŠAIM SE,leaguepedia_cargo,https://lol.fandom.com/wiki/Special:Redirect/page/359910,https://lol.fandom.com/wiki/Special:Redirect/file/SAIM_SElogo_square.png
lp_team_359944,Furious Gaming Argentina,Furious Gaming Argentina,leaguepedia_cargo,https://lol.fandom.com/wiki/Special:Redirect/page/359944,https://lol.fandom.com/wiki/Special:Redirect/file/FG_logo.png
lp_team_359970,Anzu Esports Club,Anzu Esports Club,leaguepedia_cargo,https://lol.fandom.com/wiki/Special:Redirect/page/359970,https://lol.fandom.com/wiki/Special:Redirect/file/Anzu_Esports_Clublogo_square.png
lp_team_360204,QLASH,QLASH,leaguepedia_cargo,https://lol.fandom.com/wiki/Special:Redirect/page/360204,https://lol.fandom.com/wiki/Special:Redirect/file/QLASHlogo_profile.png
lp_team_360352,Core Dynamic,Core Dynamic,leaguepedia_cargo,https://lol.fandom.com/wiki/Special:Redirect/page/360352,https://lol.fandom.com/wiki/Special:Redirect/file/Core_Dynamiclogo_square.png
lp_team_360422,ANEW Academy,ANEW Academy,leaguepedia_cargo,https://lol.fandom.com/wiki/Special:Redirect/page/360422,https://lol.fandom.com/wiki/Special:Redirect/file/ANEW_Academylogo_square.png
lp_team_360431,Full Spectrum,Full Spectrum,leaguepedia_cargo,https://lol.fandom.com/wiki/Special:Redirect/page/360431,https://lol.fandom.com/wiki/Special:Redirect/file/Full_Spectrumlogo_square.png
lp_team_360443,Aqualix Esports,Aqualix Esports,leaguepedia_cargo,https://lol.fandom.com/wiki/Special:Redirect/page/360443,https://lol.fandom.com/wiki/Special:Redirect/file/Aqualix_Esports.NAlogo_square.png
lp_team_361028,First Blood Crusade,First Blood Crusade,leaguepedia_cargo,https://lol.fandom.com/wiki/Special:Redirect/page/361028,https://lol.fandom.com/wiki/Special:Redirect/file/First_Blood_Crusadelogo_square.png
lp_team_361090,G-Pride,G-Pride,leaguepedia_cargo,https://lol.fandom.com/wiki/Special:Redirect/page/361090,https://lol.fandom.com/wiki/Special:Redirect/file/G-Pridelogo_square.png
lp_team_361092,Holy Knights,Holy Knights,leaguepedia_cargo,https://lol.fandom.com/wiki/Special:Redirect/page/361092,https://lol.fandom.com/wiki/Special:Redirect/file/Holy_Knightslogo_square.png
lp_team_361316,Glorious Gaming,Glorious Gaming,leaguepedia_cargo,https://lol.fandom.com/wiki/Special:Redirect/page/361316,https://lol.fandom.com/wiki/Special:Redirect/file/Glorious_Gaminglogo_square.png
lp_team_361325,Glorious Gaming Belgium,Glorious Gaming Belgium,leaguepedia_cargo,https://lol.fandom.com/wiki/Special:Redirect/page/361325,https://lol.fandom.com/wiki/Special:Redirect/file/Glorious_Gaming_Belgiumlogo_square.png
lp_team_361740,Cyber Gaming,Cyber Gaming,leaguepedia_cargo,https://lol.fandom.com/wiki/Special:Redirect/page/361740,https://lol.fandom.com/wiki/Special:Redirect/file/Cyber_Gaminglogo_square.png
lp_team_361863,RAMS,RAMS,leaguepedia_cargo,https://lol.fandom.com/wiki/Special:Redirect/page/361863,https://lol.fandom.com/wiki/Special:Redirect/file/RAMSlogo_square.png
lp_team_361889,Flayn eSports CZSK Edition,Flayn eSports CZSK Edition,leaguepedia_cargo,https://lol.fandom.com/wiki/Special:Redirect/page/361889,https://lol.fandom.com/wiki/Special:Redirect/file/Flayn_eSports_CZSK_Editionlogo_square.png
lp_team_361950,eSports Nord e.V.,eSports Nord e.V.,leaguepedia_cargo,https://lol.fandom.com/wiki/Special:Redirect/page/361950,https://lol.fandom.com/wiki/Special:Redirect/file/ESports_Nord_e.V.logo_square.png
lp_team_362415,Team Sampi,Team Sampi,leaguepedia_cargo,https://lol.fandom.com/wiki/Special:Redirect/page/362415,https://lol.fandom.com/wiki/Special:Redirect/file/Team_Sampilogo_profile.png
lp_team_362536,Dejice,Dejice,leaguepedia_cargo,https://lol.fandom.com/wiki/Special:Redirect/page/362536,https://lol.fandom.com/wiki/Special:Redirect/file/Dejicelogo_square.png
lp_team_363201,MTW Gaming,MTW Gaming,leaguepedia_cargo,https://lol.fandom.com/wiki/Special:Redirect/page/363201,https://lol.fandom.com/wiki/Special:Redirect/file/MTW_Gaminglogo_square.png
lp_team_363306,100 Thieves Next,100 Thieves Next,leaguepedia_cargo,https://lol.fandom.com/wiki/Special:Redirect/page/363306,https://lol.fandom.com/wiki/Special:Redirect/file/100_Thieves_Nextlogo_square.png
lp_team_363763,Vegas Inferno,Vegas Inferno,leaguepedia_cargo,https://lol.fandom.com/wiki/Special:Redirect/page/363763,https://lol.fandom.com/wiki/Special:Redirect/file/Vegas_Infernologo_square.png
lp_team_364092,Rockhead Players,Rockhead Players,leaguepedia_cargo,https://lol.fandom.com/wiki/Special:Redirect/page/364092,https://lol.fandom.com/wiki/Special:Redirect/file/Rockheadlogo_square.png
lp_team_364103,PIGSPORTS,PIGSPORTS,leaguepedia_cargo,https://lol.fandom.com/wiki/Special:Redirect/page/364103,https://lol.fandom.com/wiki/Special:Redirect/file/PIGSPORTSlogo_square.png
lp_team_364220,Team Infamous,Team Infamous,leaguepedia_cargo,https://lol.fandom.com/wiki/Special:Redirect/page/364220,https://lol.fandom.com/wiki/Special:Redirect/file/Team_Infamouslogo_square.png
lp_team_364932,Team Fish Taco,Team Fish Taco,leaguepedia_cargo,https://lol.fandom.com/wiki/Special:Redirect/page/364932,https://lol.fandom.com/wiki/Special:Redirect/file/Team_Fish_Tacologo_square.png
lp_team_364953,Lucky Esports,Lucky Esports,leaguepedia_cargo,https://lol.fandom.com/wiki/Special:Redirect/page/364953,https://lol.fandom.com/wiki/Special:Redirect/file/Lucky_Esportslogo_square.png
lp_team_366431,Leviathans,Leviathans,leaguepedia_cargo,https://lol.fandom.com/wiki/Special:Redirect/page/366431,https://lol.fandom.com/wiki/Special:Redirect/file/Leviathanslogo_square.png
lp_team_366444,Five Kings,Five Kings,leaguepedia_cargo,https://lol.fandom.com/wiki/Special:Redirect/page/366444,https://lol.fandom.com/wiki/Special:Redirect/file/Five_Kingslogo_square.png
lp_team_366567,Team Genji,Team Genji,leaguepedia_cargo,https://lol.fandom.com/wiki/Special:Redirect/page/366567,https://lol.fandom.com/wiki/Special:Redirect/file/Team_Genjilogo_square.png
lp_team_366599,GOEXANIMO,GOEXANIMO,leaguepedia_cargo,https://lol.fandom.com/wiki/Special:Redirect/page/366599,https://lol.fandom.com/wiki/Special:Redirect/file/GOEXANIMOlogo_profile.png
lp_team_366903,AVIXD,AVIXD,leaguepedia_cargo,https://lol.fandom.com/wiki/Special:Redirect/page/366903,https://lol.fandom.com/wiki/Special:Redirect/file/AVIXDlogo_square.png
lp_team_366913,Frost Aura,Frost Aura,leaguepedia_cargo,https://lol.fandom.com/wiki/Special:Redirect/page/366913,https://lol.fandom.com/wiki/Special:Redirect/file/Frost_Auralogo_square.png
lp_team_366917,Kings of Uganda,Kings of Uganda,leaguepedia_cargo,https://lol.fandom.com/wiki/Special:Redirect/page/366917,https://lol.fandom.com/wiki/Special:Redirect/file/Kings_of_Ugandalogo_square.png
lp_team_367091,Team E Turner,Team E Turner,leaguepedia_cargo,https://lol.fandom.com/wiki/Special:Redirect/page/367091,https://lol.fandom.com/wiki/Special:Redirect/file/Team_E_Turnerlogo_square.png
lp_team_367483,Bifrost,Bifrost,leaguepedia_cargo,https://lol.fandom.com/wiki/Special:Redirect/page/367483,https://lol.fandom.com/wiki/Special:Redirect/file/Bifrostlogo_square.png
lp_team_367961,Zero Six PowerSpike,Zero Six PowerSpike,leaguepedia_cargo,https://lol.fandom.com/wiki/Special:Redirect/page/367961,https://lol.fandom.com/wiki/Special:Redirect/file/Zero_Six_PowerSpikelogo_square.png
lp_team_367972,LionsCreed Baltics,LionsCreed Baltics,leaguepedia_cargo,https://lol.fandom.com/wiki/Special:Redirect/page/367972,https://lol.fandom.com/wiki/Special:Redirect/file/LionsCreed_Balticslogo_square.png
lp_team_369235,Team Secret,Team Secret,leaguepedia_cargo,https://lol.fandom.com/wiki/Special:Redirect/page/369235,https://lol.fandom.com/wiki/Special:Redirect/file/Team_Secret_%28Vietnamese_Team%29logo_profile.png
lp_team_369267,Grand View University,Grand View University,leaguepedia_cargo,https://lol.fandom.com/wiki/Special:Redirect/page/369267,https://lol.fandom.com/wiki/Special:Redirect/file/Grand_View_Universitylogo_square.png
lp_team_369459,UCAM Esports Academy,UCAM Esports Academy,leaguepedia_cargo,https://lol.fandom.com/wiki/Special:Redirect/page/369459,https://lol.fandom.com/wiki/Special:Redirect/file/UCAM_Esports_Academylogo_square.png
lp_team_369499,Team THRLL Academy,Team THRLL Academy,leaguepedia_cargo,https://lol.fandom.com/wiki/Special:Redirect/page/369499,https://lol.fandom.com/wiki/Special:Redirect/file/Team_THRLL_Academylogo_square.png
lp_team_369519,Grow uP Girls EU,Grow uP Girls EU,leaguepedia_cargo,https://lol.fandom.com/wiki/Special:Redirect/page/369519,https://lol.fandom.com/wiki/Special:Redirect/file/Grow_uP_Girls_EUlogo_square.png
lp_team_369593,Future Perfect UA,Future Perfect UA,leaguepedia_cargo,https://lol.fandom.com/wiki/Special:Redirect/page/369593,https://lol.fandom.com/wiki/Special:Redirect/file/Future_Perfect_UAlogo_square.png
lp_team_369597,Future Perfect Azure,Future Perfect Azure,leaguepedia_cargo,https://lol.fandom.com/wiki/Special:Redirect/page/369597,https://lol.fandom.com/wiki/Special:Redirect/file/Future_Perfect_Azurelogo_square.png
lp_team_370005,Quantum Vortex,Quantum Vortex,leaguepedia_cargo,https://lol.fandom.com/wiki/Special:Redirect/page/370005,https://lol.fandom.com/wiki/Special:Redirect/file/Quantum_Vortexlogo_square.png
lp_team_370096,Team Charon,Team Charon,leaguepedia_cargo,https://lol.fandom.com/wiki/Special:Redirect/page/370096,https://lol.fandom.com/wiki/Special:Redirect/file/Team_Charonlogo_square.png
lp_team_370298,eEriness,eEriness,leaguepedia_cargo,https://lol.fandom.com/wiki/Special:Redirect/page/370298,https://lol.fandom.com/wiki/Special:Redirect/file/EErinesslogo_square.png
lp_team_370819,KmK eSports,KmK eSports,leaguepedia_cargo,https://lol.fandom.com/wiki/Special:Redirect/page/370819,https://lol.fandom.com/wiki/Special:Redirect/file/KmK_eSportslogo_square.png
lp_team_370954,Issue is Critical,Issue is Critical,leaguepedia_cargo,https://lol.fandom.com/wiki/Special:Redirect/page/370954,https://lol.fandom.com/wiki/Special:Redirect/file/Issue_is_Criticallogo_square.png
lp_team_371095,Vanir,Vanir,leaguepedia_cargo,https://lol.fandom.com/wiki/Special:Redirect/page/371095,https://lol.fandom.com/wiki/Special:Redirect/file/Vanirlogo_profile.png
lp_team_371123,Royal Gamers,Royal Gamers,leaguepedia_cargo,https://lol.fandom.com/wiki/Special:Redirect/page/371123,https://lol.fandom.com/wiki/Special:Redirect/file/Royal_Gamerslogo_square.png
lp_team_371182,Simon Fraser Univeristy,Simon Fraser Univeristy,leaguepedia_cargo,https://lol.fandom.com/wiki/Special:Redirect/page/371182,https://lol.fandom.com/wiki/Special:Redirect/file/Simon_Fraser_Universitylogo_square.png
lp_team_371356,Astralis SB,Astralis SB,leaguepedia_cargo,https://lol.fandom.com/wiki/Special:Redirect/page/371356,https://lol.fandom.com/wiki/Special:Redirect/file/Astralislogo_profile.png
lp_team_371367,Tindastóll,Tindastóll,leaguepedia_cargo,https://lol.fandom.com/wiki/Special:Redirect/page/371367,https://lol.fandom.com/wiki/Special:Redirect/file/Tindast%C3%B3lllogo_square.png
lp_team_371390,Afterglow,Afterglow,leaguepedia_cargo,https://lol.fandom.com/wiki/Special:Redirect/page/371390,https://lol.fandom.com/wiki/Special:Redirect/file/Afterglow_Esportslogo_square.png
lp_team_371406,Snowman Slammers,Snowman Slammers,leaguepedia_cargo,https://lol.fandom.com/wiki/Special:Redirect/page/371406,https://lol.fandom.com/wiki/Special:Redirect/file/Snowman_Slammerslogo_square.png
lp_team_371446,Team Horizon Reapers,Team Horizon Reapers,leaguepedia_cargo,https://lol.fandom.com/wiki/Special:Redirect/page/371446,https://lol.fandom.com/wiki/Special:Redirect/file/Team_Horizon_Reaperslogo_square.png
lp_team_372007,Spirit Esports,Spirit Esports,leaguepedia_cargo,https://lol.fandom.com/wiki/Special:Redirect/page/372007,https://lol.fandom.com/wiki/Special:Redirect/file/Spirit_Esportslogo_square.png
lp_team_372110,Team Legion,Team Legion,leaguepedia_cargo,https://lol.fandom.com/wiki/Special:Redirect/page/372110,https://lol.fandom.com/wiki/Special:Redirect/file/Team_Legion_%28Benelux_Team%29logo_square.png
lp_team_372183,Cerberus eSports,Cerberus eSports,leaguepedia_cargo,https://lol.fandom.com/wiki/Special:Redirect/page/372183,https://lol.fandom.com/wiki/Special:Redirect/file/Cerberus_eSports_%28North_American_Team%29logo_square.png
lp_team_372355,Fylkir Esports,Fylkir Esports,leaguepedia_cargo,https://lol.fandom.com/wiki/Special:Redirect/page/372355,https://lol.fandom.com/wiki/Special:Redirect/file/Fylkir_Esportslogo_square.png
lp_team_372638,Killabeez,Killabeez,leaguepedia_cargo,https://lol.fandom.com/wiki/Special:Redirect/page/372638,https://lol.fandom.com/wiki/Special:Redirect/file/Killabeezlogo_square.png
lp_team_372733,Sparx Esports,Sparx Esports,leaguepedia_cargo,https://lol.fandom.com/wiki/Special:Redirect/page/372733,https://lol.fandom.com/wiki/Special:Redirect/file/Sparx_Esportslogo_profile.png
lp_team_372896,Tundra Gaming,Tundra Gaming,leaguepedia_cargo,https://lol.fandom.com/wiki/Special:Redirect/page/372896,https://lol.fandom.com/wiki/Special:Redirect/file/Tundra_Gaminglogo_square.png
lp_team_373330,QLASH Spain,QLASH Spain,leaguepedia_cargo,https://lol.fandom.com/wiki/Special:Redirect/page/373330,https://lol.fandom.com/wiki/Special:Redirect/file/QLASH_Spainlogo_square.png
lp_team_373676,Orgless,Orgless,leaguepedia_cargo,https://lol.fandom.com/wiki/Special:Redirect/page/373676,https://lol.fandom.com/wiki/Special:Redirect/file/Unknown_Infobox_Image_-_Team.png
lp_team_373781,University of Toronto,University of Toronto,leaguepedia_cargo,https://lol.fandom.com/wiki/Special:Redirect/page/373781,https://lol.fandom.com/wiki/Special:Redirect/file/University_of_Torontologo_profile.png
lp_team_373798,Louisiana State University,Louisiana State University,leaguepedia_cargo,https://lol.fandom.com/wiki/Special:Redirect/page/373798,https://lol.fandom.com/wiki/Special:Redirect/file/Louisiana_State_Universitylogo_square.png
lp_team_373848,York University,York University,leaguepedia_cargo,https://lol.fandom.com/wiki/Special:Redirect/page/373848,https://lol.fandom.com/wiki/Special:Redirect/file/York_Universitylogo_square.png
lp_team_374488,Europe Saviors Anonymous,Europe Saviors Anonymous,leaguepedia_cargo,https://lol.fandom.com/wiki/Special:Redirect/page/374488,https://lol.fandom.com/wiki/Special:Redirect/file/Europe_Saviors_Anonymouslogo_square.png
lp_team_374631,ODIN Gaming,ODIN Gaming,leaguepedia_cargo,https://lol.fandom.com/wiki/Special:Redirect/page/374631,https://lol.fandom.com/wiki/Special:Redirect/file/ODIN_Gaminglogo_square.png
lp_team_375004,NOCTA,NOCTA,leaguepedia_cargo,https://lol.fandom.com/wiki/Special:Redirect/page/375004,https://lol.fandom.com/wiki/Special:Redirect/file/NOCTAlogo_square.png
lp_team_375487,Beast Esports,Beast Esports,leaguepedia_cargo,https://lol.fandom.com/wiki/Special:Redirect/page/375487,https://lol.fandom.com/wiki/Special:Redirect/file/Beast_Esportslogo_square.png
lp_team_375625,Psykodelic Esports,Psykodelic Esports,leaguepedia_cargo,https://lol.fandom.com/wiki/Special:Redirect/page/375625,https://lol.fandom.com/wiki/Special:Redirect/file/Psykodelic_Esportslogo_square.png
lp_team_375626,Mad Revolution Gaming,Mad Revolution Gaming,leaguepedia_cargo,https://lol.fandom.com/wiki/Special:Redirect/page/375626,https://lol.fandom.com/wiki/Special:Redirect/file/Mad_Revolution_Gaminglogo_square.png
lp_team_375715,Dynasty Academy,Dynasty Academy,leaguepedia_cargo,https://lol.fandom.com/wiki/Special:Redirect/page/375715,https://lol.fandom.com/wiki/Special:Redirect/file/Dynasty_Academylogo_square.png
lp_team_375741,Goat Esports,Goat Esports,leaguepedia_cargo,https://lol.fandom.com/wiki/Special:Redirect/page/375741,https://lol.fandom.com/wiki/Special:Redirect/file/Goat_Esportslogo_square.png
lp_team_382156,Maximal,Maximal,leaguepedia_cargo,https://lol.fandom.com/wiki/Special:Redirect/page/382156,https://lol.fandom.com/wiki/Special:Redirect/file/Maximallogo_square.png
lp_team_382235,All Combo,All Combo,leaguepedia_cargo,https://lol.fandom.com/wiki/Special:Redirect/page/382235,https://lol.fandom.com/wiki/Special:Redirect/file/All_Combologo_square.png
lp_team_382272,Kameto Corp,Kameto Corp,leaguepedia_cargo,https://lol.fandom.com/wiki/Special:Redirect/page/382272,https://lol.fandom.com/wiki/Special:Redirect/file/Kameto_Corplogo_square.png
lp_team_382292,WanZhen Esports Club,WanZhen Esports Club,leaguepedia_cargo,https://lol.fandom.com/wiki/Special:Redirect/page/382292,https://lol.fandom.com/wiki/Special:Redirect/file/WanZhen_Esports_Clublogo_square.png
lp_team_382560,Absolved,Absolved,leaguepedia_cargo,https://lol.fandom.com/wiki/Special:Redirect/page/382560,https://lol.fandom.com/wiki/Special:Redirect/file/Absolvedlogo_square.png
lp_team_382911,Team Riverside,Team Riverside,leaguepedia_cargo,https://lol.fandom.com/wiki/Special:Redirect/page/382911,https://lol.fandom.com/wiki/Special:Redirect/file/Team_Riversidelogo_square.png
lp_team_382932,Flayn eSports,Flayn eSports,leaguepedia_cargo,https://lol.fandom.com/wiki/Special:Redirect/page/382932,https://lol.fandom.com/wiki/Special:Redirect/file/Flayn_eSportslogo_square.png
lp_team_383267,Relic Esports,Relic Esports,leaguepedia_cargo,https://lol.fandom.com/wiki/Special:Redirect/page/383267,https://lol.fandom.com/wiki/Special:Redirect/file/Relic_Esportslogo_square.png
lp_team_383707,Zwan Gaming Colombia,Zwan Gaming Colombia,leaguepedia_cargo,https://lol.fandom.com/wiki/Special:Redirect/page/383707,https://lol.fandom.com/wiki/Special:Redirect/file/Zwan_Gaming_Colombialogo_square.png
lp_team_383754,ad hoc gaming Gentlemen's Club,ad hoc gaming Gentlemen's Club,leaguepedia_cargo,https://lol.fandom.com/wiki/Special:Redirect/page/383754,https://lol.fandom.com/wiki/Special:Redirect/file/Ad_hoc_gaming_Gentlemen%27s_Clublogo_square.png
lp_team_384523,Absolute Legends Netherlands,Absolute Legends Netherlands,leaguepedia_cargo,https://lol.fandom.com/wiki/Special:Redirect/page/384523,https://lol.fandom.com/wiki/Special:Redirect/file/Absolute_Legendslogo_profile.png
lp_team_384997,Auxesis Green,Auxesis Green,leaguepedia_cargo,https://lol.fandom.com/wiki/Special:Redirect/page/384997,https://lol.fandom.com/wiki/Special:Redirect/file/Auxesis_Greenlogo_square.png
lp_team_384999,Auxesis Red,Auxesis Red,leaguepedia_cargo,https://lol.fandom.com/wiki/Special:Redirect/page/384999,https://lol.fandom.com/wiki/Special:Redirect/file/Auxesis_Redlogo_square.png
lp_team_385086,CBS Esports,CBS Esports,leaguepedia_cargo,https://lol.fandom.com/wiki/Special:Redirect/page/385086,https://lol.fandom.com/wiki/Special:Redirect/file/CBS_Esportslogo_square.png
lp_team_385106,Munster Rugby Gaming,Munster Rugby Gaming,leaguepedia_cargo,https://lol.fandom.com/wiki/Special:Redirect/page/385106,https://lol.fandom.com/wiki/Special:Redirect/file/Munster_Rugby_Gaminglogo_square.png
lp_team_385112,ENCE,ENCE,leaguepedia_cargo,https://lol.fandom.com/wiki/Special:Redirect/page/385112,https://lol.fandom.com/wiki/Special:Redirect/file/ENCElogo_square.png
lp_team_386683,Galaxy Racer Esports EU Female,Galaxy Racer Esports EU Female,leaguepedia_cargo,https://lol.fandom.com/wiki/Special:Redirect/page/386683,https://lol.fandom.com/wiki/Special:Redirect/file/Galaxy_Racer_Esports_EU_Femalelogo_square.png
lp_team_386943,OverPower Esports,OverPower Esports,leaguepedia_cargo,https://lol.fandom.com/wiki/Special:Redirect/page/386943,https://lol.fandom.com/wiki/Special:Redirect/file/OverPower_Esportslogo_square.png
lp_team_386969,Pushing Gaming,Pushing Gaming,leaguepedia_cargo,https://lol.fandom.com/wiki/Special:Redirect/page/386969,https://lol.fandom.com/wiki/Special:Redirect/file/Pushing_Gaminglogo_square.png
lp_team_394881,Havan Liberty Academy,Havan Liberty Academy,leaguepedia_cargo,https://lol.fandom.com/wiki/Special:Redirect/page/394881,https://lol.fandom.com/wiki/Special:Redirect/file/Havan_Liberty_Gaminglogo_square.png
lp_team_395035,Dark Matter,Dark Matter,leaguepedia_cargo,https://lol.fandom.com/wiki/Special:Redirect/page/395035,https://lol.fandom.com/wiki/Special:Redirect/file/Dark_Matterlogo_square.png
lp_team_395104,Percent Esports,Percent Esports,leaguepedia_cargo,https://lol.fandom.com/wiki/Special:Redirect/page/395104,https://lol.fandom.com/wiki/Special:Redirect/file/Percent_Esportslogo_square.png
lp_team_395159,Conviction,Conviction,leaguepedia_cargo,https://lol.fandom.com/wiki/Special:Redirect/page/395159,https://lol.fandom.com/wiki/Special:Redirect/file/Convictionlogo_square.png
lp_team_395555,neXtPlease! Gaming,neXtPlease! Gaming,leaguepedia_cargo,https://lol.fandom.com/wiki/Special:Redirect/page/395555,https://lol.fandom.com/wiki/Special:Redirect/file/NeXtPlease%21_Gaminglogo_square.png
lp_team_395590,Galaxy Racer Esports MENA Female,Galaxy Racer Esports MENA Female,leaguepedia_cargo,https://lol.fandom.com/wiki/Special:Redirect/page/395590,https://lol.fandom.com/wiki/Special:Redirect/file/Galaxy_Racer_Esports_MENA_Femalelogo_square.png
lp_team_395988,Pentanet.GG Rise,Pentanet.GG Rise,leaguepedia_cargo,https://lol.fandom.com/wiki/Special:Redirect/page/395988,https://lol.fandom.com/wiki/Special:Redirect/file/Pentanet.GGlogo_profile.png
lp_team_395996,RMIT Redbacks,RMIT Redbacks,leaguepedia_cargo,https://lol.fandom.com/wiki/Special:Redirect/page/395996,https://lol.fandom.com/wiki/Special:Redirect/file/RMIT_Redbackslogo_square.png
lp_team_396327,Life Support,Life Support,leaguepedia_cargo,https://lol.fandom.com/wiki/Special:Redirect/page/396327,https://lol.fandom.com/wiki/Special:Redirect/file/Life_Supportlogo_square.png
lp_team_396391,Empyreans,Empyreans,leaguepedia_cargo,https://lol.fandom.com/wiki/Special:Redirect/page/396391,https://lol.fandom.com/wiki/Special:Redirect/file/Empyreanslogo_square.png
lp_team_396556,Wildcard Gaming,Wildcard Gaming,leaguepedia_cargo,https://lol.fandom.com/wiki/Special:Redirect/page/396556,https://lol.fandom.com/wiki/Special:Redirect/file/Wildcard_Gaminglogo_profile.png
lp_team_396662,Charlotte Phoenix,Charlotte Phoenix,leaguepedia_cargo,https://lol.fandom.com/wiki/Special:Redirect/page/396662,https://lol.fandom.com/wiki/Special:Redirect/file/Charlotte_Phoenixlogo_profile.png
lp_team_396746,Bawk Bawk,Bawk Bawk,leaguepedia_cargo,https://lol.fandom.com/wiki/Special:Redirect/page/396746,https://lol.fandom.com/wiki/Special:Redirect/file/Bawk_Bawklogo_square.png
lp_team_396747,Lost Draft,Lost Draft,leaguepedia_cargo,https://lol.fandom.com/wiki/Special:Redirect/page/396747,https://lol.fandom.com/wiki/Special:Redirect/file/Unknown_Infobox_Image_-_Team.png
lp_team_396759,Edelweiss Europe,Edelweiss Europe,leaguepedia_cargo,https://lol.fandom.com/wiki/Special:Redirect/page/396759,https://lol.fandom.com/wiki/Special:Redirect/file/Edelweiss_Europelogo_square.png
lp_team_396827,Hanover Hounds,Hanover Hounds,leaguepedia_cargo,https://lol.fandom.com/wiki/Special:Redirect/page/396827,https://lol.fandom.com/wiki/Special:Redirect/file/Hanover_Houndslogo_square.png
lp_team_396856,Team BDS,Team BDS,leaguepedia_cargo,https://lol.fandom.com/wiki/Special:Redirect/page/396856,https://lol.fandom.com/wiki/Special:Redirect/file/Team_BDSlogo_profile.png
lp_team_396924,Santiago Wanderers eSports,Santiago Wanderers eSports,leaguepedia_cargo,https://lol.fandom.com/wiki/Special:Redirect/page/396924,https://lol.fandom.com/wiki/Special:Redirect/file/Santiago_Wanderers_eSportslogo_square.png
lp_team_397005,KOVA Esports,KOVA Esports,leaguepedia_cargo,https://lol.fandom.com/wiki/Special:Redirect/page/397005,https://lol.fandom.com/wiki/Special:Redirect/file/KOVA_Esportslogo_square.png
lp_team_397081,UniQ Esports Club,UniQ Esports Club,leaguepedia_cargo,https://lol.fandom.com/wiki/Special:Redirect/page/397081,https://lol.fandom.com/wiki/Special:Redirect/file/UniQ_Esports_Clublogo_square.png
lp_team_397131,Barrage Academy,Barrage Academy,leaguepedia_cargo,https://lol.fandom.com/wiki/Special:Redirect/page/397131,https://lol.fandom.com/wiki/Special:Redirect/file/Barrage_Academylogo_square.png
lp_team_397166,LDM Esports,LDM Esports,leaguepedia_cargo,https://lol.fandom.com/wiki/Special:Redirect/page/397166,https://lol.fandom.com/wiki/Special:Redirect/file/LDM_Esportslogo_profile.png
lp_team_397722,GTZ Esports,GTZ Esports,leaguepedia_cargo,https://lol.fandom.com/wiki/Special:Redirect/page/397722,https://lol.fandom.com/wiki/Special:Redirect/file/GTZ_Esportslogo_profile.png
lp_team_397910,Mkers,Mkers,leaguepedia_cargo,https://lol.fandom.com/wiki/Special:Redirect/page/397910,https://lol.fandom.com/wiki/Special:Redirect/file/Mkerslogo_square.png
lp_team_397911,Anorthosis Famagusta Esports,Anorthosis Famagusta Esports,leaguepedia_cargo,https://lol.fandom.com/wiki/Special:Redirect/page/397911,https://lol.fandom.com/wiki/Special:Redirect/file/Anorthosis_Famagusta_Esportslogo_square.png
lp_team_397964,Solary Legends,Solary Legends,leaguepedia_cargo,https://lol.fandom.com/wiki/Special:Redirect/page/397964,https://lol.fandom.com/wiki/Special:Redirect/file/Solary_Legendslogo_square.png
lp_team_398217,Obnoxious Gaming,Obnoxious Gaming,leaguepedia_cargo,https://lol.fandom.com/wiki/Special:Redirect/page/398217,https://lol.fandom.com/wiki/Special:Redirect/file/Obnoxious_Gaminglogo_square.png
lp_team_398309,UTM Esports,UTM Esports,leaguepedia_cargo,https://lol.fandom.com/wiki/Special:Redirect/page/398309,https://lol.fandom.com/wiki/Special:Redirect/file/UTM_Esportslogo_square.png
lp_team_398351,DayDreamers,DayDreamers,leaguepedia_cargo,https://lol.fandom.com/wiki/Special:Redirect/page/398351,https://lol.fandom.com/wiki/Special:Redirect/file/DayDreamerslogo_square.png
lp_team_398585,Game Changers,Game Changers,leaguepedia_cargo,https://lol.fandom.com/wiki/Special:Redirect/page/398585,https://lol.fandom.com/wiki/Special:Redirect/file/Game_Changers_%28Greek_Team%29logo_square.png
lp_team_398598,WhereAreyouFrom,WhereAreyouFrom,leaguepedia_cargo,https://lol.fandom.com/wiki/Special:Redirect/page/398598,https://lol.fandom.com/wiki/Special:Redirect/file/WhereAreyouFromlogo_square.png
lp_team_398772,Rejects Gaming,Rejects Gaming,leaguepedia_cargo,https://lol.fandom.com/wiki/Special:Redirect/page/398772,https://lol.fandom.com/wiki/Special:Redirect/file/Rejects_Gaminglogo_profile.png
lp_team_398812,Zero Tenacity,Zero Tenacity,leaguepedia_cargo,https://lol.fandom.com/wiki/Special:Redirect/page/398812,https://lol.fandom.com/wiki/Special:Redirect/file/Zero_Tenacitylogo_square.png
lp_team_398896,Team 7AM Academy,Team 7AM Academy,leaguepedia_cargo,https://lol.fandom.com/wiki/Special:Redirect/page/398896,https://lol.fandom.com/wiki/Special:Redirect/file/Team_7AM_Academylogo_square.png
lp_team_399108,LEC Kings,LEC Kings,leaguepedia_cargo,https://lol.fandom.com/wiki/Special:Redirect/page/399108,https://lol.fandom.com/wiki/Special:Redirect/file/LEC_Kingslogo_square.png
lp_team_399641,Komputronik H34T,Komputronik H34T,leaguepedia_cargo,https://lol.fandom.com/wiki/Special:Redirect/page/399641,https://lol.fandom.com/wiki/Special:Redirect/file/Komputronik_H34Tlogo_square.png
lp_team_399656,LowLandLions.Black,LowLandLions.Black,leaguepedia_cargo,https://lol.fandom.com/wiki/Special:Redirect/page/399656,https://lol.fandom.com/wiki/Special:Redirect/file/LowLandLions2011logo_square.png
lp_team_399669,The French Zoo,The French Zoo,leaguepedia_cargo,https://lol.fandom.com/wiki/Special:Redirect/page/399669,https://lol.fandom.com/wiki/Special:Redirect/file/The_French_Zoologo_square.png
lp_team_399671,German Pingus,German Pingus,leaguepedia_cargo,https://lol.fandom.com/wiki/Special:Redirect/page/399671,https://lol.fandom.com/wiki/Special:Redirect/file/German_Pinguslogo_square.png
lp_team_399672,ALTOKEKW Españita,ALTOKEKW Españita,leaguepedia_cargo,https://lol.fandom.com/wiki/Special:Redirect/page/399672,https://lol.fandom.com/wiki/Special:Redirect/file/ALTOKEKW_Espa%C3%B1italogo_square.png
lp_team_399681,Double Crunch Team Italy,Double Crunch Team Italy,leaguepedia_cargo,https://lol.fandom.com/wiki/Special:Redirect/page/399681,https://lol.fandom.com/wiki/Special:Redirect/file/Double_Crunch_Team_Italylogo_square.png
lp_team_399682,Polska Gurom,Polska Gurom,leaguepedia_cargo,https://lol.fandom.com/wiki/Special:Redirect/page/399682,https://lol.fandom.com/wiki/Special:Redirect/file/Polska_Gurom_%28EU_Face-Off%29logo_square.png
lp_team_399823,Repre Gold,Repre Gold,leaguepedia_cargo,https://lol.fandom.com/wiki/Special:Redirect/page/399823,https://lol.fandom.com/wiki/Special:Redirect/file/Repre_Goldlogo_square.png
lp_team_399971,Resolve,Resolve,leaguepedia_cargo,https://lol.fandom.com/wiki/Special:Redirect/page/399971,https://lol.fandom.com/wiki/Special:Redirect/file/Resolvelogo_profile.png
lp_team_400052,Cienciano Esports,Cienciano Esports,leaguepedia_cargo,https://lol.fandom.com/wiki/Special:Redirect/page/400052,https://lol.fandom.com/wiki/Special:Redirect/file/Cienciano_Esportslogo_square.png
lp_team_400056,Polaris Gaming,Polaris Gaming,leaguepedia_cargo,https://lol.fandom.com/wiki/Special:Redirect/page/400056,https://lol.fandom.com/wiki/Special:Redirect/file/Polaris_Gaminglogo_square.png
lp_team_400161,Lundqvist Lightside,Lundqvist Lightside,leaguepedia_cargo,https://lol.fandom.com/wiki/Special:Redirect/page/400161,https://lol.fandom.com/wiki/Special:Redirect/file/Lundqvist_Lightsidelogo_square.png
lp_team_400271,XT Esports,XT Esports,leaguepedia_cargo,https://lol.fandom.com/wiki/Special:Redirect/page/400271,https://lol.fandom.com/wiki/Special:Redirect/file/XT_Esportslogo_square.png
lp_team_400392,Brussels Guardians Academy,Brussels Guardians Academy,leaguepedia_cargo,https://lol.fandom.com/wiki/Special:Redirect/page/400392,https://lol.fandom.com/wiki/Special:Redirect/file/Brussels_Guardians_Academylogo_square.png
lp_team_400407,OFFSET Esports,OFFSET Esports,leaguepedia_cargo,https://lol.fandom.com/wiki/Special:Redirect/page/400407,https://lol.fandom.com/wiki/Special:Redirect/file/OFFSET_Esportslogo_profile.png
lp_team_400431,Masonic,Masonic,leaguepedia_cargo,https://lol.fandom.com/wiki/Special:Redirect/page/400431,https://lol.fandom.com/wiki/Special:Redirect/file/Masoniclogo_square.png
lp_team_400633,Viking Esports,Viking Esports,leaguepedia_cargo,https://lol.fandom.com/wiki/Special:Redirect/page/400633,https://lol.fandom.com/wiki/Special:Redirect/file/Viking_Esports_%28Norwegian_Team%29logo_square.png
lp_team_400825,Gentlemen's Gaming,Gentlemen's Gaming,leaguepedia_cargo,https://lol.fandom.com/wiki/Special:Redirect/page/400825,https://lol.fandom.com/wiki/Special:Redirect/file/Gentlemen%27s_Gaminglogo_square.png
lp_team_401102,Arctic Academy,Arctic Academy,leaguepedia_cargo,https://lol.fandom.com/wiki/Special:Redirect/page/401102,https://lol.fandom.com/wiki/Special:Redirect/file/Arctic_Academylogo_square.png
lp_team_401114,Howling eSports,Howling eSports,leaguepedia_cargo,https://lol.fandom.com/wiki/Special:Redirect/page/401114,https://lol.fandom.com/wiki/Special:Redirect/file/Howling_eSportslogo_square.png
lp_team_401133,Cream Real Betis,Cream Real Betis,leaguepedia_cargo,https://lol.fandom.com/wiki/Special:Redirect/page/401133,https://lol.fandom.com/wiki/Special:Redirect/file/Cream_Real_Betis.EUlogo_square.png
lp_team_401212,World Class Empyreans,World Class Empyreans,leaguepedia_cargo,https://lol.fandom.com/wiki/Special:Redirect/page/401212,https://lol.fandom.com/wiki/Special:Redirect/file/World_Class_Empyreanslogo_square.png
lp_team_401575,Fox Gaming,Fox Gaming,leaguepedia_cargo,https://lol.fandom.com/wiki/Special:Redirect/page/401575,https://lol.fandom.com/wiki/Special:Redirect/file/Fox_Gaminglogo_square.png
lp_team_401693,Dark Allegiance,Dark Allegiance,leaguepedia_cargo,https://lol.fandom.com/wiki/Special:Redirect/page/401693,https://lol.fandom.com/wiki/Special:Redirect/file/Dark_Allegiancelogo_square.png
lp_team_401699,Newstar,Newstar,leaguepedia_cargo,https://lol.fandom.com/wiki/Special:Redirect/page/401699,https://lol.fandom.com/wiki/Special:Redirect/file/Newstarlogo_square.png
lp_team_401972,One Breath Gaming,One Breath Gaming,leaguepedia_cargo,https://lol.fandom.com/wiki/Special:Redirect/page/401972,https://lol.fandom.com/wiki/Special:Redirect/file/One_Breath_Gaminglogo_square.png
lp_team_402258,Munster Rugby Gaming Academy,Munster Rugby Gaming Academy,leaguepedia_cargo,https://lol.fandom.com/wiki/Special:Redirect/page/402258,https://lol.fandom.com/wiki/Special:Redirect/file/Munster_Rugby_Gaming_Academylogo_square.png
lp_team_402264,nerdRage,nerdRage,leaguepedia_cargo,https://lol.fandom.com/wiki/Special:Redirect/page/402264,https://lol.fandom.com/wiki/Special:Redirect/file/NerdRagelogo_square.png
lp_team_402305,CR4ZY,CR4ZY,leaguepedia_cargo,https://lol.fandom.com/wiki/Special:Redirect/page/402305,https://lol.fandom.com/wiki/Special:Redirect/file/CR4ZYlogo_square.png
lp_team_402481,Wygers Colombia,Wygers Colombia,leaguepedia_cargo,https://lol.fandom.com/wiki/Special:Redirect/page/402481,https://lol.fandom.com/wiki/Special:Redirect/file/Wygers_Colombialogo_square.png
lp_team_402524,London Esports,London Esports,leaguepedia_cargo,https://lol.fandom.com/wiki/Special:Redirect/page/402524,https://lol.fandom.com/wiki/Special:Redirect/file/London_Esportslogo_square.png
lp_team_402548,piratesports Academy,piratesports Academy,leaguepedia_cargo,https://lol.fandom.com/wiki/Special:Redirect/page/402548,https://lol.fandom.com/wiki/Special:Redirect/file/Piratesports_Academylogo_square.png
lp_team_402630,Karma Clan Esports,Karma Clan Esports,leaguepedia_cargo,https://lol.fandom.com/wiki/Special:Redirect/page/402630,https://lol.fandom.com/wiki/Special:Redirect/file/Karma_Clan_Esportslogo_profile.png
lp_team_402681,MnM Gaming Academy,MnM Gaming Academy,leaguepedia_cargo,https://lol.fandom.com/wiki/Special:Redirect/page/402681,https://lol.fandom.com/wiki/Special:Redirect/file/MnM_Gaminglogo_profile.png
lp_team_402797,Team Aze,Team Aze,leaguepedia_cargo,https://lol.fandom.com/wiki/Special:Redirect/page/402797,https://lol.fandom.com/wiki/Special:Redirect/file/Team_Azelogo_square.png
lp_team_402803,optical spectrum E-sports,optical spectrum E-sports,leaguepedia_cargo,https://lol.fandom.com/wiki/Special:Redirect/page/402803,https://lol.fandom.com/wiki/Special:Redirect/file/Optical_spectrum_E-sportlogo_square.png
lp_team_402809,JingNetGame,JingNetGame,leaguepedia_cargo,https://lol.fandom.com/wiki/Special:Redirect/page/402809,https://lol.fandom.com/wiki/Special:Redirect/file/JingNetGamelogo_profile.png
lp_team_403012,7more7 Pompa Team Academy,7more7 Pompa Team Academy,leaguepedia_cargo,https://lol.fandom.com/wiki/Special:Redirect/page/403012,https://lol.fandom.com/wiki/Special:Redirect/file/7more7_Pompa_Team_Academylogo_square.png
lp_team_403458,Warthox,Warthox,leaguepedia_cargo,https://lol.fandom.com/wiki/Special:Redirect/page/403458,https://lol.fandom.com/wiki/Special:Redirect/file/Warthox_Esportlogo_square.png
lp_team_403704,Team ESCA Gaming,Team ESCA Gaming,leaguepedia_cargo,https://lol.fandom.com/wiki/Special:Redirect/page/403704,https://lol.fandom.com/wiki/Special:Redirect/file/Team_ESCA_Gaminglogo_profile.png
lp_team_403723,PRIDE Academy,PRIDE Academy,leaguepedia_cargo,https://lol.fandom.com/wiki/Special:Redirect/page/403723,https://lol.fandom.com/wiki/Special:Redirect/file/PRIDE_Academylogo_square.png
lp_team_404152,Viperio,Viperio,leaguepedia_cargo,https://lol.fandom.com/wiki/Special:Redirect/page/404152,https://lol.fandom.com/wiki/Special:Redirect/file/Viperiologo_profile.png
lp_team_404756,E-corp Gentle,E-corp Gentle,leaguepedia_cargo,https://lol.fandom.com/wiki/Special:Redirect/page/404756,https://lol.fandom.com/wiki/Special:Redirect/file/E-corp_Gentlelogo_square.png
lp_team_405335,Gunrunners,Gunrunners,leaguepedia_cargo,https://lol.fandom.com/wiki/Special:Redirect/page/405335,https://lol.fandom.com/wiki/Special:Redirect/file/Gunrunnerslogo_square.png
lp_team_406006,Gentlemen's Academy,Gentlemen's Academy,leaguepedia_cargo,https://lol.fandom.com/wiki/Special:Redirect/page/406006,https://lol.fandom.com/wiki/Special:Redirect/file/Gentlemen%27s_Academylogo_square.png
lp_team_406187,Tồ Gaming,Tồ Gaming,leaguepedia_cargo,https://lol.fandom.com/wiki/Special:Redirect/page/406187,https://lol.fandom.com/wiki/Special:Redirect/file/T%E1%BB%93_Gaminglogo_square.png
lp_team_406471,Awesome Spear,Awesome Spear,leaguepedia_cargo,https://lol.fandom.com/wiki/Special:Redirect/page/406471,https://lol.fandom.com/wiki/Special:Redirect/file/Awesome_Spearlogo_square.png
lp_team_406483,Slaughter House,Slaughter House,leaguepedia_cargo,https://lol.fandom.com/wiki/Special:Redirect/page/406483,https://lol.fandom.com/wiki/Special:Redirect/file/Slaughter_Houselogo_square.png
lp_team_406567,SINNERS Esports,SINNERS Esports,leaguepedia_cargo,https://lol.fandom.com/wiki/Special:Redirect/page/406567,https://lol.fandom.com/wiki/Special:Redirect/file/SINNERS_Esportslogo_profile.png
lp_team_406660,XTGN,XTGN,leaguepedia_cargo,https://lol.fandom.com/wiki/Special:Redirect/page/406660,https://lol.fandom.com/wiki/Special:Redirect/file/XTGNlogo_square.png
lp_team_406786,ESC Shane,ESC Shane,leaguepedia_cargo,https://lol.fandom.com/wiki/Special:Redirect/page/406786,https://lol.fandom.com/wiki/Special:Redirect/file/ESC_Shanelogo_square.png
lp_team_406910,Vector Gaming,Vector Gaming,leaguepedia_cargo,https://lol.fandom.com/wiki/Special:Redirect/page/406910,https://lol.fandom.com/wiki/Special:Redirect/file/Vector_Gaminglogo_square.png
lp_team_407110,Simplicity Esports,Simplicity Esports,leaguepedia_cargo,https://lol.fandom.com/wiki/Special:Redirect/page/407110,https://lol.fandom.com/wiki/Special:Redirect/file/Simplicity_Esportslogo_square.png
lp_team_407427,ZentaX Esports,ZentaX Esports,leaguepedia_cargo,https://lol.fandom.com/wiki/Special:Redirect/page/407427,https://lol.fandom.com/wiki/Special:Redirect/file/ZentaX_Esportslogo_square.png
lp_team_407469,Dawn Esports,Dawn Esports,leaguepedia_cargo,https://lol.fandom.com/wiki/Special:Redirect/page/407469,https://lol.fandom.com/wiki/Special:Redirect/file/Dawn_Esportslogo_square.png
lp_team_407929,Dylema Gaming,Dylema Gaming,leaguepedia_cargo,https://lol.fandom.com/wiki/Special:Redirect/page/407929,https://lol.fandom.com/wiki/Special:Redirect/file/Dylema_Gaminglogo_square.png
lp_team_408111,Team Black,Team Black,leaguepedia_cargo,https://lol.fandom.com/wiki/Special:Redirect/page/408111,https://lol.fandom.com/wiki/Special:Redirect/file/Team_Black_%28Dutch_Team%29logo_square.png
lp_team_408194,LBS Esports,LBS Esports,leaguepedia_cargo,https://lol.fandom.com/wiki/Special:Redirect/page/408194,https://lol.fandom.com/wiki/Special:Redirect/file/LBS_Esportslogo_square.png
lp_team_408626,OKGG White,OKGG White,leaguepedia_cargo,https://lol.fandom.com/wiki/Special:Redirect/page/408626,https://lol.fandom.com/wiki/Special:Redirect/file/OKGG_Whitelogo_square.png
lp_team_408887,Wicked Gaming,Wicked Gaming,leaguepedia_cargo,https://lol.fandom.com/wiki/Special:Redirect/page/408887,https://lol.fandom.com/wiki/Special:Redirect/file/Wicked_Gaminglogo_square.png
lp_team_408888,Plejehjemmet Kalder,Plejehjemmet Kalder,leaguepedia_cargo,https://lol.fandom.com/wiki/Special:Redirect/page/408888,https://lol.fandom.com/wiki/Special:Redirect/file/Plejehjemmet_Kalderlogo_square.png
lp_team_408889,Havoc,Havoc,leaguepedia_cargo,https://lol.fandom.com/wiki/Special:Redirect/page/408889,https://lol.fandom.com/wiki/Special:Redirect/file/Havoc_%28Danish_Team%29logo_square.png
lp_team_409118,Dead Rabbits Club,Dead Rabbits Club,leaguepedia_cargo,https://lol.fandom.com/wiki/Special:Redirect/page/409118,https://lol.fandom.com/wiki/Special:Redirect/file/Dead_Rabbits_Clublogo_square.png
lp_team_409935,Eesti Rästikud,Eesti Rästikud,leaguepedia_cargo,https://lol.fandom.com/wiki/Special:Redirect/page/409935,https://lol.fandom.com/wiki/Special:Redirect/file/Eesti_R%C3%A4stikudlogo_square.png
lp_team_410152,GLORE,GLORE,leaguepedia_cargo,https://lol.fandom.com/wiki/Special:Redirect/page/410152,https://lol.fandom.com/wiki/Special:Redirect/file/GLORElogo_square.png
lp_team_410194,justforfun,justforfun,leaguepedia_cargo,https://lol.fandom.com/wiki/Special:Redirect/page/410194,https://lol.fandom.com/wiki/Special:Redirect/file/Justforfunlogo_square.png
lp_team_410436,Resolve Blue,Resolve Blue,leaguepedia_cargo,https://lol.fandom.com/wiki/Special:Redirect/page/410436,https://lol.fandom.com/wiki/Special:Redirect/file/Resolvelogo_profile.png
lp_team_410771,Team ESCA Gaming Female,Team ESCA Gaming Female,leaguepedia_cargo,https://lol.fandom.com/wiki/Special:Redirect/page/410771,https://lol.fandom.com/wiki/Special:Redirect/file/Team_ESCA_Gaming_Femalelogo_square.png
lp_team_410776,Feel our Skill Female,Feel our Skill Female,leaguepedia_cargo,https://lol.fandom.com/wiki/Special:Redirect/page/410776,https://lol.fandom.com/wiki/Special:Redirect/file/Feel_our_Skill_Femalelogo_square.png
lp_team_410793,Espectro eSports,Espectro eSports,leaguepedia_cargo,https://lol.fandom.com/wiki/Special:Redirect/page/410793,https://lol.fandom.com/wiki/Special:Redirect/file/Espectro_Esportslogo_square.png
lp_team_410871,Simplicity Elite,Simplicity Elite,leaguepedia_cargo,https://lol.fandom.com/wiki/Special:Redirect/page/410871,https://lol.fandom.com/wiki/Special:Redirect/file/Simplicity_Gaming_Elitelogo_square.png
lp_team_411177,Bastards Esports,Bastards Esports,leaguepedia_cargo,https://lol.fandom.com/wiki/Special:Redirect/page/411177,https://lol.fandom.com/wiki/Special:Redirect/file/Bastards_Esportslogo_square.png
lp_team_411206,LOUD,LOUD,leaguepedia_cargo,https://lol.fandom.com/wiki/Special:Redirect/page/411206,https://lol.fandom.com/wiki/Special:Redirect/file/LOUDlogo_profile.png
lp_team_411404,Val 2.0 Valkyrie,Val 2.0 Valkyrie,leaguepedia_cargo,https://lol.fandom.com/wiki/Special:Redirect/page/411404,https://lol.fandom.com/wiki/Special:Redirect/file/Val_2.0_Valkyrielogo_square.png
lp_team_411462,V Gaming,V Gaming,leaguepedia_cargo,https://lol.fandom.com/wiki/Special:Redirect/page/411462,https://lol.fandom.com/wiki/Special:Redirect/file/V_Gaminglogo_profile.png
lp_team_411743,Galaxy Racer Esports MENA Male,Galaxy Racer Esports MENA Male,leaguepedia_cargo,https://lol.fandom.com/wiki/Special:Redirect/page/411743,https://lol.fandom.com/wiki/Special:Redirect/file/Galaxy_Racer_Esports_MENA_Malelogo_square.png
lp_team_411959,KIA.eSuba Academy,KIA.eSuba Academy,leaguepedia_cargo,https://lol.fandom.com/wiki/Special:Redirect/page/411959,https://lol.fandom.com/wiki/Special:Redirect/file/KIA.eSuba_Academylogo_profile.png
lp_team_412292,Athletico Esports,Athletico Esports,leaguepedia_cargo,https://lol.fandom.com/wiki/Special:Redirect/page/412292,https://lol.fandom.com/wiki/Special:Redirect/file/Athletico_Esportslogo_square.png
lp_team_412676,Cyber Gaming Academy,Cyber Gaming Academy,leaguepedia_cargo,https://lol.fandom.com/wiki/Special:Redirect/page/412676,https://lol.fandom.com/wiki/Special:Redirect/file/Cyber_Gaming_Academylogo_square.png
lp_team_412850,Gaming Team Kravaře,Gaming Team Kravaře,leaguepedia_cargo,https://lol.fandom.com/wiki/Special:Redirect/page/412850,https://lol.fandom.com/wiki/Special:Redirect/file/Gaming_Team_Krava%C5%99elogo_square.png
lp_team_413599,Resolve Academy,Resolve Academy,leaguepedia_cargo,https://lol.fandom.com/wiki/Special:Redirect/page/413599,https://lol.fandom.com/wiki/Special:Redirect/file/Resolvelogo_profile.png
lp_team_413638,Spirituals,Spirituals,leaguepedia_cargo,https://lol.fandom.com/wiki/Special:Redirect/page/413638,https://lol.fandom.com/wiki/Special:Redirect/file/Spiritualslogo_profile.png
lp_team_413715,BuzzKill,BuzzKill,leaguepedia_cargo,https://lol.fandom.com/wiki/Special:Redirect/page/413715,https://lol.fandom.com/wiki/Special:Redirect/file/BuzzKilllogo_square.png
lp_team_413896,Puppies Esports,Puppies Esports,leaguepedia_cargo,https://lol.fandom.com/wiki/Special:Redirect/page/413896,https://lol.fandom.com/wiki/Special:Redirect/file/Puppies_Esportslogo_square.png
lp_team_413898,Young Buffalo,Young Buffalo,leaguepedia_cargo,https://lol.fandom.com/wiki/Special:Redirect/page/413898,https://lol.fandom.com/wiki/Special:Redirect/file/Young_Buffalologo_square.png
lp_team_414172,XY Esports,XY Esports,leaguepedia_cargo,https://lol.fandom.com/wiki/Special:Redirect/page/414172,https://lol.fandom.com/wiki/Special:Redirect/file/XY_Esportslogo_square.png
lp_team_414688,MGN Blue Esports,MGN Blue Esports,leaguepedia_cargo,https://lol.fandom.com/wiki/Special:Redirect/page/414688,https://lol.fandom.com/wiki/Special:Redirect/file/MGN_Blue_Esportslogo_profile.png
lp_team_414705,FURIA Youth,FURIA Youth,leaguepedia_cargo,https://lol.fandom.com/wiki/Special:Redirect/page/414705,https://lol.fandom.com/wiki/Special:Redirect/file/FURIA_Esportslogo_profile.png
lp_team_415188,LDN UTD,LDN UTD,leaguepedia_cargo,https://lol.fandom.com/wiki/Special:Redirect/page/415188,https://lol.fandom.com/wiki/Special:Redirect/file/LDN_UTDlogo_square.png
lp_team_416449,Nordavind Talent,Nordavind Talent,leaguepedia_cargo,https://lol.fandom.com/wiki/Special:Redirect/page/416449,https://lol.fandom.com/wiki/Special:Redirect/file/Nordavind_Talentlogo_square.png
lp_team_416500,Guarp Gaming,Guarp Gaming,leaguepedia_cargo,https://lol.fandom.com/wiki/Special:Redirect/page/416500,https://lol.fandom.com/wiki/Special:Redirect/file/Guarp_Gaminglogo_square.png
lp_team_416541,O'Gaming TV,O'Gaming TV,leaguepedia_cargo,https://lol.fandom.com/wiki/Special:Redirect/page/416541,https://lol.fandom.com/wiki/Special:Redirect/file/O%27Gaming_TVlogo_square.png
lp_team_417817,Infernal Void,Infernal Void,leaguepedia_cargo,https://lol.fandom.com/wiki/Special:Redirect/page/417817,https://lol.fandom.com/wiki/Special:Redirect/file/Infernal_Voidlogo_profile.png
lp_team_418145,Eintracht Frankfurt,Eintracht Frankfurt,leaguepedia_cargo,https://lol.fandom.com/wiki/Special:Redirect/page/418145,https://lol.fandom.com/wiki/Special:Redirect/file/Eintracht_Frankfurtlogo_square.png
lp_team_418775,Dutch Community Team,Dutch Community Team,leaguepedia_cargo,https://lol.fandom.com/wiki/Special:Redirect/page/418775,https://lol.fandom.com/wiki/Special:Redirect/file/Dutch_Community_Teamlogo_square.png
lp_team_418794,mCon esports Academy,mCon esports Academy,leaguepedia_cargo,https://lol.fandom.com/wiki/Special:Redirect/page/418794,https://lol.fandom.com/wiki/Special:Redirect/file/MCon_esports_Academylogo_square.png
lp_team_419238,Absolved Female,Absolved Female,leaguepedia_cargo,https://lol.fandom.com/wiki/Special:Redirect/page/419238,https://lol.fandom.com/wiki/Special:Redirect/file/Absolved_Femalelogo_square.png
lp_team_419636,The Black Lotus,The Black Lotus,leaguepedia_cargo,https://lol.fandom.com/wiki/Special:Redirect/page/419636,https://lol.fandom.com/wiki/Special:Redirect/file/The_Black_Lotuslogo_square.png
lp_team_419706,TFK,TFK,leaguepedia_cargo,https://lol.fandom.com/wiki/Special:Redirect/page/419706,https://lol.fandom.com/wiki/Special:Redirect/file/TFKlogo_square.png
lp_team_419754,DMG Esports,DMG Esports,leaguepedia_cargo,https://lol.fandom.com/wiki/Special:Redirect/page/419754,https://lol.fandom.com/wiki/Special:Redirect/file/DMG_Esportslogo_profile.png
lp_team_420256,Aethra Esports Strijders,Aethra Esports Strijders,leaguepedia_cargo,https://lol.fandom.com/wiki/Special:Redirect/page/420256,https://lol.fandom.com/wiki/Special:Redirect/file/Aethra_Esports_Strijderslogo_square.png
lp_team_420584,GeekSide Esports,GeekSide Esports,leaguepedia_cargo,https://lol.fandom.com/wiki/Special:Redirect/page/420584,https://lol.fandom.com/wiki/Special:Redirect/file/GeekSide_Esportslogo_square.png
lp_team_420610,Wygers Argentina,Wygers Argentina,leaguepedia_cargo,https://lol.fandom.com/wiki/Special:Redirect/page/420610,https://lol.fandom.com/wiki/Special:Redirect/file/Wygers_Argentinalogo_square.png
lp_team_421075,Burst The Sky Esports,Burst The Sky Esports,leaguepedia_cargo,https://lol.fandom.com/wiki/Special:Redirect/page/421075,https://lol.fandom.com/wiki/Special:Redirect/file/Burst_The_Sky_Esportslogo_square.png
lp_team_421223,Impunity,Impunity,leaguepedia_cargo,https://lol.fandom.com/wiki/Special:Redirect/page/421223,https://lol.fandom.com/wiki/Special:Redirect/file/Impunitylogo_square.png
lp_team_421345,Tricksters,Tricksters,leaguepedia_cargo,https://lol.fandom.com/wiki/Special:Redirect/page/421345,https://lol.fandom.com/wiki/Special:Redirect/file/Tricksterslogo_square.png
lp_team_421526,Neronity,Neronity,leaguepedia_cargo,https://lol.fandom.com/wiki/Special:Redirect/page/421526,https://lol.fandom.com/wiki/Special:Redirect/file/Neronitylogo_square.png
lp_team_421732,cowana Gaming,cowana Gaming,leaguepedia_cargo,https://lol.fandom.com/wiki/Special:Redirect/page/421732,https://lol.fandom.com/wiki/Special:Redirect/file/Cowana_Gaminglogo_square.png
lp_team_421828,Nash Ξquilibrium,Nash Ξquilibrium,leaguepedia_cargo,https://lol.fandom.com/wiki/Special:Redirect/page/421828,https://lol.fandom.com/wiki/Special:Redirect/file/Nash_%CE%9Equilibriumlogo_square.png
lp_team_422411,Awesome Spear Academy,Awesome Spear Academy,leaguepedia_cargo,https://lol.fandom.com/wiki/Special:Redirect/page/422411,https://lol.fandom.com/wiki/Special:Redirect/file/Awesome_Spear_Academylogo_square.png
lp_team_422416,T1 Esports Academy Rookies,T1 Esports Academy Rookies,leaguepedia_cargo,https://lol.fandom.com/wiki/Special:Redirect/page/422416,https://lol.fandom.com/wiki/Special:Redirect/file/T1logo_profile.png
lp_team_422434,DRX Academy,DRX Academy,leaguepedia_cargo,https://lol.fandom.com/wiki/Special:Redirect/page/422434,https://lol.fandom.com/wiki/Special:Redirect/file/DRX_Academylogo_profile.png
lp_team_422468,Liiv SANDBOX Academy,Liiv SANDBOX Academy,leaguepedia_cargo,https://lol.fandom.com/wiki/Special:Redirect/page/422468,https://lol.fandom.com/wiki/Special:Redirect/file/Liiv_SANDBOXlogo_profile.png
lp_team_422488,Team Dynamics Academy,Team Dynamics Academy,leaguepedia_cargo,https://lol.fandom.com/wiki/Special:Redirect/page/422488,https://lol.fandom.com/wiki/Special:Redirect/file/Team_Dynamics_Academylogo_square.png
lp_team_422492,KT Rolster Academy,KT Rolster Academy,leaguepedia_cargo,https://lol.fandom.com/wiki/Special:Redirect/page/422492,https://lol.fandom.com/wiki/Special:Redirect/file/KT_Rolsterlogo_profile.png
lp_team_422513,DN SOOPers Academy,DN SOOPers Academy,leaguepedia_cargo,https://lol.fandom.com/wiki/Special:Redirect/page/422513,https://lol.fandom.com/wiki/Special:Redirect/file/DN_SOOPerslogo_profile.png
lp_team_422529,Gen.G Scholars,Gen.G Scholars,leaguepedia_cargo,https://lol.fandom.com/wiki/Special:Redirect/page/422529,https://lol.fandom.com/wiki/Special:Redirect/file/Gen.G_Global_Academylogo_profile.png
lp_team_422546,Dplus Kia Academy,Dplus Kia Academy,leaguepedia_cargo,https://lol.fandom.com/wiki/Special:Redirect/page/422546,https://lol.fandom.com/wiki/Special:Redirect/file/Dplus_Kialogo_profile.png
lp_team_422889,Team Phantasma,Team Phantasma,leaguepedia_cargo,https://lol.fandom.com/wiki/Special:Redirect/page/422889,https://lol.fandom.com/wiki/Special:Redirect/file/Team_Phantasmalogo_profile.png
lp_team_422990,KnockOut Esports,KnockOut Esports,leaguepedia_cargo,https://lol.fandom.com/wiki/Special:Redirect/page/422990,https://lol.fandom.com/wiki/Special:Redirect/file/KnockOut_Esportslogo_square.png
lp_team_423264,Hyper,Hyper,leaguepedia_cargo,https://lol.fandom.com/wiki/Special:Redirect/page/423264,https://lol.fandom.com/wiki/Special:Redirect/file/Hyper_%28Korean_Team%29logo_square.png
lp_team_423354,Team NomNom,Team NomNom,leaguepedia_cargo,https://lol.fandom.com/wiki/Special:Redirect/page/423354,https://lol.fandom.com/wiki/Special:Redirect/file/Unknown_Infobox_Image_-_Team.png
lp_team_424058,Noble Esports,Noble Esports,leaguepedia_cargo,https://lol.fandom.com/wiki/Special:Redirect/page/424058,https://lol.fandom.com/wiki/Special:Redirect/file/Noble_Esportslogo_square.png
lp_team_424342,Illinois State University,Illinois State University,leaguepedia_cargo,https://lol.fandom.com/wiki/Special:Redirect/page/424342,https://lol.fandom.com/wiki/Special:Redirect/file/Illinois_State_Universitylogo_square.png
lp_team_424780,Hive Athens EC,Hive Athens EC,leaguepedia_cargo,https://lol.fandom.com/wiki/Special:Redirect/page/424780,https://lol.fandom.com/wiki/Special:Redirect/file/Hive_Athens_EClogo_square.png
lp_team_424947,CowBoySquad Imperials Esports,CowBoySquad Imperials Esports,leaguepedia_cargo,https://lol.fandom.com/wiki/Special:Redirect/page/424947,https://lol.fandom.com/wiki/Special:Redirect/file/CowBoySquad_Imperials_Esportslogo_square.png
lp_team_425994,Cruzeiro eSports,Cruzeiro eSports,leaguepedia_cargo,https://lol.fandom.com/wiki/Special:Redirect/page/425994,https://lol.fandom.com/wiki/Special:Redirect/file/Cruzeiro_eSportslogo_square.png
lp_team_426004,Vorax Liberty,Vorax Liberty,leaguepedia_cargo,https://lol.fandom.com/wiki/Special:Redirect/page/426004,https://lol.fandom.com/wiki/Special:Redirect/file/Vorax_Libertylogo_profile.png
lp_team_426426,The Black Magic,The Black Magic,leaguepedia_cargo,https://lol.fandom.com/wiki/Special:Redirect/page/426426,https://lol.fandom.com/wiki/Special:Redirect/file/The_Black_Magiclogo_square.png
lp_team_426901,MYIDOL Esports,MYIDOL Esports,leaguepedia_cargo,https://lol.fandom.com/wiki/Special:Redirect/page/426901,https://lol.fandom.com/wiki/Special:Redirect/file/MYIDOL_Esportslogo_square.png
lp_team_426937,ANEW Dawn,ANEW Dawn,leaguepedia_cargo,https://lol.fandom.com/wiki/Special:Redirect/page/426937,https://lol.fandom.com/wiki/Special:Redirect/file/ANEW_Dawnlogo_square.png
lp_team_427269,OverMinds,OverMinds,leaguepedia_cargo,https://lol.fandom.com/wiki/Special:Redirect/page/427269,https://lol.fandom.com/wiki/Special:Redirect/file/OverMindslogo_square.png
lp_team_427400,Zerolag Esports,Zerolag Esports,leaguepedia_cargo,https://lol.fandom.com/wiki/Special:Redirect/page/427400,https://lol.fandom.com/wiki/Special:Redirect/file/Zerolag_Esportslogo_profile.png
lp_team_427901,TBA,TBA,leaguepedia_cargo,https://lol.fandom.com/wiki/Special:Redirect/page/427901,https://lol.fandom.com/wiki/Special:Redirect/file/TBA_%28North_American_Team%29logo_square.png
lp_team_428101,7more7 White,7more7 White,leaguepedia_cargo,https://lol.fandom.com/wiki/Special:Redirect/page/428101,https://lol.fandom.com/wiki/Special:Redirect/file/7more7_Whitelogo_square.png
lp_team_428102,7more7 Black,7more7 Black,leaguepedia_cargo,https://lol.fandom.com/wiki/Special:Redirect/page/428102,https://lol.fandom.com/wiki/Special:Redirect/file/7more7_Blacklogo_square.png
lp_team_428191,Dynamo Eclot,Dynamo Eclot,leaguepedia_cargo,https://lol.fandom.com/wiki/Special:Redirect/page/428191,https://lol.fandom.com/wiki/Special:Redirect/file/Dynamo_Eclotlogo_square.png
lp_team_428394,Absolute Legends CZSK,Absolute Legends CZSK,leaguepedia_cargo,https://lol.fandom.com/wiki/Special:Redirect/page/428394,https://lol.fandom.com/wiki/Special:Redirect/file/Absolute_Legendslogo_profile.png
lp_team_428571,Over Power Gaming Center,Over Power Gaming Center,leaguepedia_cargo,https://lol.fandom.com/wiki/Special:Redirect/page/428571,https://lol.fandom.com/wiki/Special:Redirect/file/Over_Power_Gaming_Centerlogo_square.png
lp_team_428636,Just Randoms,Just Randoms,leaguepedia_cargo,https://lol.fandom.com/wiki/Special:Redirect/page/428636,https://lol.fandom.com/wiki/Special:Redirect/file/Just_Randomslogo_square.png
lp_team_428800,NALCS Players Association,NALCS Players Association,leaguepedia_cargo,https://lol.fandom.com/wiki/Special:Redirect/page/428800,https://lol.fandom.com/wiki/Special:Redirect/file/NALCS_Players_Associationlogo_square.png
lp_team_429049,Handless,Handless,leaguepedia_cargo,https://lol.fandom.com/wiki/Special:Redirect/page/429049,https://lol.fandom.com/wiki/Special:Redirect/file/Handlesslogo_square.png
lp_team_429188,Titans Gaming Center,Titans Gaming Center,leaguepedia_cargo,https://lol.fandom.com/wiki/Special:Redirect/page/429188,https://lol.fandom.com/wiki/Special:Redirect/file/Titans_Gaming_Centerlogo_square.png
lp_team_429214,Team Solo Mebdi,Team Solo Mebdi,leaguepedia_cargo,https://lol.fandom.com/wiki/Special:Redirect/page/429214,https://lol.fandom.com/wiki/Special:Redirect/file/Team_Solo_Mebdilogo_square.png
lp_team_429346,Simplicity Gaming,Simplicity Gaming,leaguepedia_cargo,https://lol.fandom.com/wiki/Special:Redirect/page/429346,https://lol.fandom.com/wiki/Special:Redirect/file/Simplicity_Gaminglogo_square.png
lp_team_429462,Team WK,Team WK,leaguepedia_cargo,https://lol.fandom.com/wiki/Special:Redirect/page/429462,https://lol.fandom.com/wiki/Special:Redirect/file/Team_WKlogo_square.png
lp_team_429552,404 Multigaming e.V.,404 Multigaming e.V.,leaguepedia_cargo,https://lol.fandom.com/wiki/Special:Redirect/page/429552,https://lol.fandom.com/wiki/Special:Redirect/file/404_Multigaming_e.V.logo_profile.png
lp_team_429903,Nordavind White,Nordavind White,leaguepedia_cargo,https://lol.fandom.com/wiki/Special:Redirect/page/429903,https://lol.fandom.com/wiki/Special:Redirect/file/Nordavind_Whitelogo_square.png
lp_team_429904,Nordavind Black,Nordavind Black,leaguepedia_cargo,https://lol.fandom.com/wiki/Special:Redirect/page/429904,https://lol.fandom.com/wiki/Special:Redirect/file/Nordavind_Blacklogo_square.png
lp_team_430017,Hannibal Knights,Hannibal Knights,leaguepedia_cargo,https://lol.fandom.com/wiki/Special:Redirect/page/430017,https://lol.fandom.com/wiki/Special:Redirect/file/Hannibal_Knightslogo_square.png
lp_team_430383,LDM Mexico,LDM Mexico,leaguepedia_cargo,https://lol.fandom.com/wiki/Special:Redirect/page/430383,https://lol.fandom.com/wiki/Special:Redirect/file/LDM_Mexicologo_square.png
lp_team_431027,Bethany Lutheran College,Bethany Lutheran College,leaguepedia_cargo,https://lol.fandom.com/wiki/Special:Redirect/page/431027,https://lol.fandom.com/wiki/Special:Redirect/file/Bethany_Lutheran_Collegelogo_square.png
lp_team_431253,SLO REJECTS,SLO REJECTS,leaguepedia_cargo,https://lol.fandom.com/wiki/Special:Redirect/page/431253,https://lol.fandom.com/wiki/Special:Redirect/file/SLO_REJECTSlogo_square.png
lp_team_431311,Zephyr E-Sport White,Zephyr E-Sport White,leaguepedia_cargo,https://lol.fandom.com/wiki/Special:Redirect/page/431311,https://lol.fandom.com/wiki/Special:Redirect/file/Zephyr_E-Sport_Whitelogo_square.png
lp_team_431312,Zephyr Esport Academy,Zephyr Esport Academy,leaguepedia_cargo,https://lol.fandom.com/wiki/Special:Redirect/page/431312,https://lol.fandom.com/wiki/Special:Redirect/file/Zephyr_Esport_Academylogo_square.png
lp_team_431314,YDN Legion,YDN Legion,leaguepedia_cargo,https://lol.fandom.com/wiki/Special:Redirect/page/431314,https://lol.fandom.com/wiki/Special:Redirect/file/YDN_Legionlogo_square.png
lp_team_431336,WiLD Academy,WiLD Academy,leaguepedia_cargo,https://lol.fandom.com/wiki/Special:Redirect/page/431336,https://lol.fandom.com/wiki/Special:Redirect/file/WiLD_Academylogo_square.png
lp_team_431347,Vici Gaming 2,Vici Gaming 2,leaguepedia_cargo,https://lol.fandom.com/wiki/Special:Redirect/page/431347,https://lol.fandom.com/wiki/Special:Redirect/file/Vici_Gaming_2logo_square.png
lp_team_431348,Vici Gaming Academy,Vici Gaming Academy,leaguepedia_cargo,https://lol.fandom.com/wiki/Special:Redirect/page/431348,https://lol.fandom.com/wiki/Special:Redirect/file/Vici_Gaming_Academylogo_square.png
lp_team_431350,Vaevictis Syndicate,Vaevictis Syndicate,leaguepedia_cargo,https://lol.fandom.com/wiki/Special:Redirect/page/431350,https://lol.fandom.com/wiki/Special:Redirect/file/Vaevictis_Syndicatelogo_square.png
lp_team_431395,Team W3,Team W3,leaguepedia_cargo,https://lol.fandom.com/wiki/Special:Redirect/page/431395,https://lol.fandom.com/wiki/Special:Redirect/file/Team_W3logo_square.png
lp_team_431396,Team WE Dreams,Team WE Dreams,leaguepedia_cargo,https://lol.fandom.com/wiki/Special:Redirect/page/431396,https://lol.fandom.com/wiki/Special:Redirect/file/Team_WE_Dreamslogo_square.png
lp_team_431398,Goskilla,Goskilla,leaguepedia_cargo,https://lol.fandom.com/wiki/Special:Redirect/page/431398,https://lol.fandom.com/wiki/Special:Redirect/file/Goskillalogo_profile.png
lp_team_431399,GG&Beer,GG&Beer,leaguepedia_cargo,https://lol.fandom.com/wiki/Special:Redirect/page/431399,https://lol.fandom.com/wiki/Special:Redirect/file/GG%26Beerlogo_square.png
lp_team_431418,Estadio Quesito,Estadio Quesito,leaguepedia_cargo,https://lol.fandom.com/wiki/Special:Redirect/page/431418,https://lol.fandom.com/wiki/Special:Redirect/file/Estadio_Quesitologo_square.png
lp_team_431431,Team Forge Ichnos,Team Forge Ichnos,leaguepedia_cargo,https://lol.fandom.com/wiki/Special:Redirect/page/431431,https://lol.fandom.com/wiki/Special:Redirect/file/Team_Forge_Ichnoslogo_square.png
lp_team_431442,Tainted Minds Blue,Tainted Minds Blue,leaguepedia_cargo,https://lol.fandom.com/wiki/Special:Redirect/page/431442,https://lol.fandom.com/wiki/Special:Redirect/file/Tainted_Minds_Bluelogo_square.png
lp_team_431471,WNKR,WNKR,leaguepedia_cargo,https://lol.fandom.com/wiki/Special:Redirect/page/431471,https://lol.fandom.com/wiki/Special:Redirect/file/WNKRlogo_square.png
lp_team_431481,Super Nova Academy,Super Nova Academy,leaguepedia_cargo,https://lol.fandom.com/wiki/Special:Redirect/page/431481,https://lol.fandom.com/wiki/Special:Redirect/file/Super_Nova_Academylogo_square.png
lp_team_431681,CUT Esports,CUT Esports,leaguepedia_cargo,https://lol.fandom.com/wiki/Special:Redirect/page/431681,https://lol.fandom.com/wiki/Special:Redirect/file/CUT_Esportslogo_square.png
lp_team_432003,Astralis Talent,Astralis Talent,leaguepedia_cargo,https://lol.fandom.com/wiki/Special:Redirect/page/432003,https://lol.fandom.com/wiki/Special:Redirect/file/Astralis_Talentlogo_profile.png
lp_team_432087,SBTC Esports,SBTC Esports,leaguepedia_cargo,https://lol.fandom.com/wiki/Special:Redirect/page/432087,https://lol.fandom.com/wiki/Special:Redirect/file/SBTC_Esportslogo_profile.png
lp_team_432368,Leviatan,Leviatan,leaguepedia_cargo,https://lol.fandom.com/wiki/Special:Redirect/page/432368,https://lol.fandom.com/wiki/Special:Redirect/file/Leviatanlogo_profile.png
lp_team_432449,Karmine Corp,Karmine Corp,leaguepedia_cargo,https://lol.fandom.com/wiki/Special:Redirect/page/432449,https://lol.fandom.com/wiki/Special:Redirect/file/Karmine_Corplogo_profile.png
lp_team_432681,ThunderTalk Gaming,ThunderTalk Gaming,leaguepedia_cargo,https://lol.fandom.com/wiki/Special:Redirect/page/432681,https://lol.fandom.com/wiki/Special:Redirect/file/ThunderTalk_Gaminglogo_profile.png
lp_team_433160,Team Orion,Team Orion,leaguepedia_cargo,https://lol.fandom.com/wiki/Special:Redirect/page/433160,https://lol.fandom.com/wiki/Special:Redirect/file/Team_Orionlogo_square.png
lp_team_434030,Peak Performance,Peak Performance,leaguepedia_cargo,https://lol.fandom.com/wiki/Special:Redirect/page/434030,https://lol.fandom.com/wiki/Special:Redirect/file/Peak_Performancelogo_square.png
lp_team_435302,Team EYA,Team EYA,leaguepedia_cargo,https://lol.fandom.com/wiki/Special:Redirect/page/435302,https://lol.fandom.com/wiki/Special:Redirect/file/Team_EYAlogo_square.png
lp_team_435678,NAT,NAT,leaguepedia_cargo,https://lol.fandom.com/wiki/Special:Redirect/page/435678,https://lol.fandom.com/wiki/Special:Redirect/file/NATlogo_square.png
lp_team_435705,4Elements Esports,4Elements Esports,leaguepedia_cargo,https://lol.fandom.com/wiki/Special:Redirect/page/435705,https://lol.fandom.com/wiki/Special:Redirect/file/4Elements_Esportslogo_square.png
lp_team_435706,Ion Squad,Ion Squad,leaguepedia_cargo,https://lol.fandom.com/wiki/Special:Redirect/page/435706,https://lol.fandom.com/wiki/Special:Redirect/file/Ion_Squadlogo_square.png
lp_team_435707,KRC Genk Esports,KRC Genk Esports,leaguepedia_cargo,https://lol.fandom.com/wiki/Special:Redirect/page/435707,https://lol.fandom.com/wiki/Special:Redirect/file/KRC_Genk_Esportslogo_square.png
lp_team_435730,Macko Esports,Macko Esports,leaguepedia_cargo,https://lol.fandom.com/wiki/Special:Redirect/page/435730,https://lol.fandom.com/wiki/Special:Redirect/file/Macko_Esportslogo_square.png
lp_team_435756,We Talent,We Talent,leaguepedia_cargo,https://lol.fandom.com/wiki/Special:Redirect/page/435756,https://lol.fandom.com/wiki/Special:Redirect/file/We_Talentlogo_square.png
lp_team_435834,RCSC E-sport,RCSC E-sport,leaguepedia_cargo,https://lol.fandom.com/wiki/Special:Redirect/page/435834,https://lol.fandom.com/wiki/Special:Redirect/file/RCSC_E-sportlogo_square.png
lp_team_435894,Atletec,Atletec,leaguepedia_cargo,https://lol.fandom.com/wiki/Special:Redirect/page/435894,https://lol.fandom.com/wiki/Special:Redirect/file/Atleteclogo_profile.png
lp_team_435973,Noot Noot eSports,Noot Noot eSports,leaguepedia_cargo,https://lol.fandom.com/wiki/Special:Redirect/page/435973,https://lol.fandom.com/wiki/Special:Redirect/file/Noot_Noot_eSportslogo_square.png
lp_team_436166,Zeta Team,Zeta Team,leaguepedia_cargo,https://lol.fandom.com/wiki/Special:Redirect/page/436166,https://lol.fandom.com/wiki/Special:Redirect/file/Zeta_Teamlogo_square.png
lp_team_436208,Cloud9 Amateur,Cloud9 Amateur,leaguepedia_cargo,https://lol.fandom.com/wiki/Special:Redirect/page/436208,https://lol.fandom.com/wiki/Special:Redirect/file/Cloud9logo_profile.png
lp_team_436372,OffLimits,OffLimits,leaguepedia_cargo,https://lol.fandom.com/wiki/Special:Redirect/page/436372,https://lol.fandom.com/wiki/Special:Redirect/file/OffLimitslogo_square.png
lp_team_436416,Respawn Esports,Respawn Esports,leaguepedia_cargo,https://lol.fandom.com/wiki/Special:Redirect/page/436416,https://lol.fandom.com/wiki/Special:Redirect/file/Respawn_Esportslogo_square.png
lp_team_436482,EFIVE Esports,EFIVE Esports,leaguepedia_cargo,https://lol.fandom.com/wiki/Special:Redirect/page/436482,https://lol.fandom.com/wiki/Special:Redirect/file/EFIVE_Esportslogo_profile.png
lp_team_436961,Vorax Liberty Academy,Vorax Liberty Academy,leaguepedia_cargo,https://lol.fandom.com/wiki/Special:Redirect/page/436961,https://lol.fandom.com/wiki/Special:Redirect/file/Vorax_Libertylogo_profile.png
lp_team_437617,Solary Academy,Solary Academy,leaguepedia_cargo,https://lol.fandom.com/wiki/Special:Redirect/page/437617,https://lol.fandom.com/wiki/Special:Redirect/file/Solary_Academylogo_square.png
lp_team_437782,Evil Geniuses Prodigies,Evil Geniuses Prodigies,leaguepedia_cargo,https://lol.fandom.com/wiki/Special:Redirect/page/437782,https://lol.fandom.com/wiki/Special:Redirect/file/Evil_Geniuses.NAlogo_profile.png
lp_team_437933,Flamengo Academy,Flamengo Academy,leaguepedia_cargo,https://lol.fandom.com/wiki/Special:Redirect/page/437933,https://lol.fandom.com/wiki/Special:Redirect/file/Flamengo_Academylogo_square.png
lp_team_437950,Atomic México,Atomic México,leaguepedia_cargo,https://lol.fandom.com/wiki/Special:Redirect/page/437950,https://lol.fandom.com/wiki/Special:Redirect/file/Atomic_M%C3%A9xicologo_square.png
lp_team_437958,Timeout Esports Academy,Timeout Esports Academy,leaguepedia_cargo,https://lol.fandom.com/wiki/Special:Redirect/page/437958,https://lol.fandom.com/wiki/Special:Redirect/file/Timeout_Esports_Academylogo_square.png
lp_team_437981,Bay State College,Bay State College,leaguepedia_cargo,https://lol.fandom.com/wiki/Special:Redirect/page/437981,https://lol.fandom.com/wiki/Special:Redirect/file/Bay_State_Collegelogo_profile.png
lp_team_438075,Diamond Doves,Diamond Doves,leaguepedia_cargo,https://lol.fandom.com/wiki/Special:Redirect/page/438075,https://lol.fandom.com/wiki/Special:Redirect/file/Diamond_Doveslogo_square.png
lp_team_438154,Rising On Gaming,Rising On Gaming,leaguepedia_cargo,https://lol.fandom.com/wiki/Special:Redirect/page/438154,https://lol.fandom.com/wiki/Special:Redirect/file/Rising_On_Gaminglogo_profile.png
lp_team_438297,Dai Dai Gaming,Dai Dai Gaming,leaguepedia_cargo,https://lol.fandom.com/wiki/Special:Redirect/page/438297,https://lol.fandom.com/wiki/Special:Redirect/file/Dai_Dai_Gaminglogo_square.png
lp_team_438309,Cruzeiro Academy,Cruzeiro Academy,leaguepedia_cargo,https://lol.fandom.com/wiki/Special:Redirect/page/438309,https://lol.fandom.com/wiki/Special:Redirect/file/Cruzeiro_Academylogo_square.png
lp_team_438397,Globant Emerald,Globant Emerald,leaguepedia_cargo,https://lol.fandom.com/wiki/Special:Redirect/page/438397,https://lol.fandom.com/wiki/Special:Redirect/file/Globant_Emeraldlogo_profile.png
lp_team_438471,E WIE EINFACH E-SPORTS,E WIE EINFACH E-SPORTS,leaguepedia_cargo,https://lol.fandom.com/wiki/Special:Redirect/page/438471,https://lol.fandom.com/wiki/Special:Redirect/file/E_WIE_EINFACH_E-SPORTSlogo_profile.png
lp_team_438507,Falkol Academy,Falkol Academy,leaguepedia_cargo,https://lol.fandom.com/wiki/Special:Redirect/page/438507,https://lol.fandom.com/wiki/Special:Redirect/file/Falkol_Academylogo_square.png
lp_team_438564,KaBuM! Academy,KaBuM! Academy,leaguepedia_cargo,https://lol.fandom.com/wiki/Special:Redirect/page/438564,https://lol.fandom.com/wiki/Special:Redirect/file/KaBuM%21_Esportslogo_profile.png
lp_team_438590,Macko Academy,Macko Academy,leaguepedia_cargo,https://lol.fandom.com/wiki/Special:Redirect/page/438590,https://lol.fandom.com/wiki/Special:Redirect/file/Macko_Academylogo_square.png
lp_team_438721,Nongshim RedForce,Nongshim RedForce,leaguepedia_cargo,https://lol.fandom.com/wiki/Special:Redirect/page/438721,https://lol.fandom.com/wiki/Special:Redirect/file/Nongshim_RedForcelogo_square.png
lp_team_438756,ThunderTalk Gaming Young,ThunderTalk Gaming Young,leaguepedia_cargo,https://lol.fandom.com/wiki/Special:Redirect/page/438756,https://lol.fandom.com/wiki/Special:Redirect/file/Thunder_Talk.Younglogo_profile.png
lp_team_438837,Romulea eSport,Romulea eSport,leaguepedia_cargo,https://lol.fandom.com/wiki/Special:Redirect/page/438837,https://lol.fandom.com/wiki/Special:Redirect/file/Romulea_eSportlogo_square.png
lp_team_438867,Savage,Savage,leaguepedia_cargo,https://lol.fandom.com/wiki/Special:Redirect/page/438867,https://lol.fandom.com/wiki/Special:Redirect/file/Savage_%28Latin_American_Team%29logo_profile.png
lp_team_439032,LOUD Academy,LOUD Academy,leaguepedia_cargo,https://lol.fandom.com/wiki/Special:Redirect/page/439032,https://lol.fandom.com/wiki/Special:Redirect/file/LOUDlogo_profile.png
lp_team_439070,EBRO,EBRO,leaguepedia_cargo,https://lol.fandom.com/wiki/Special:Redirect/page/439070,https://lol.fandom.com/wiki/Special:Redirect/file/EBROlogo_square.png
lp_team_439082,The Kings,The Kings,leaguepedia_cargo,https://lol.fandom.com/wiki/Special:Redirect/page/439082,https://lol.fandom.com/wiki/Special:Redirect/file/The_Kingslogo_profile.png
lp_team_439219,Sector One Fox,Sector One Fox,leaguepedia_cargo,https://lol.fandom.com/wiki/Special:Redirect/page/439219,https://lol.fandom.com/wiki/Special:Redirect/file/Sector_One_Foxlogo_square.png
lp_team_439321,Nongshim RedForce Academy,Nongshim RedForce Academy,leaguepedia_cargo,https://lol.fandom.com/wiki/Special:Redirect/page/439321,https://lol.fandom.com/wiki/Special:Redirect/file/Nongshim_RedForce_Academylogo_square.png
lp_team_439476,GameWard Academy,GameWard Academy,leaguepedia_cargo,https://lol.fandom.com/wiki/Special:Redirect/page/439476,https://lol.fandom.com/wiki/Special:Redirect/file/GameWard_Academylogo_square.png
lp_team_439494,Australs,Australs,leaguepedia_cargo,https://lol.fandom.com/wiki/Special:Redirect/page/439494,https://lol.fandom.com/wiki/Special:Redirect/file/Australslogo_profile.png
lp_team_439847,Low Pressur3 Gaming,Low Pressur3 Gaming,leaguepedia_cargo,https://lol.fandom.com/wiki/Special:Redirect/page/439847,https://lol.fandom.com/wiki/Special:Redirect/file/Low_Pressur3_Gaminglogo_square.png
lp_team_439929,Luxury Esports,Luxury Esports,leaguepedia_cargo,https://lol.fandom.com/wiki/Special:Redirect/page/439929,https://lol.fandom.com/wiki/Special:Redirect/file/Luxury_Esportslogo_square.png
lp_team_439968,Maycam Evolve,Maycam Evolve,leaguepedia_cargo,https://lol.fandom.com/wiki/Special:Redirect/page/439968,https://lol.fandom.com/wiki/Special:Redirect/file/Maycam_Evolvelogo_square.png
lp_team_439970,Incubus,Incubus,leaguepedia_cargo,https://lol.fandom.com/wiki/Special:Redirect/page/439970,https://lol.fandom.com/wiki/Special:Redirect/file/Incubuslogo_profile.png
lp_team_440057,Axolotl,Axolotl,leaguepedia_cargo,https://lol.fandom.com/wiki/Special:Redirect/page/440057,https://lol.fandom.com/wiki/Special:Redirect/file/Axolotllogo_profile.png
lp_team_440107,Kaos Latin Gamers Academy,Kaos Latin Gamers Academy,leaguepedia_cargo,https://lol.fandom.com/wiki/Special:Redirect/page/440107,https://lol.fandom.com/wiki/Special:Redirect/file/Kaos_Latin_Gamerslogo_profile.png
lp_team_440155,Convict of Shadows,Convict of Shadows,leaguepedia_cargo,https://lol.fandom.com/wiki/Special:Redirect/page/440155,https://lol.fandom.com/wiki/Special:Redirect/file/Convict_of_Shadowslogo_square.png
lp_team_440176,Boca Juniors Gaming,Boca Juniors Gaming,leaguepedia_cargo,https://lol.fandom.com/wiki/Special:Redirect/page/440176,https://lol.fandom.com/wiki/Special:Redirect/file/Boca_Juniors_Gaminglogo_square.png
lp_team_440190,Stone Movistar,Stone Movistar,leaguepedia_cargo,https://lol.fandom.com/wiki/Special:Redirect/page/440190,https://lol.fandom.com/wiki/Special:Redirect/file/Stone_Movistarlogo_square.png
lp_team_440278,Dplus Kia Challengers,Dplus Kia Challengers,leaguepedia_cargo,https://lol.fandom.com/wiki/Special:Redirect/page/440278,https://lol.fandom.com/wiki/Special:Redirect/file/Dplus_Kialogo_profile.png
lp_team_440285,T1 Esports Academy,T1 Esports Academy,leaguepedia_cargo,https://lol.fandom.com/wiki/Special:Redirect/page/440285,https://lol.fandom.com/wiki/Special:Redirect/file/T1logo_profile.png
lp_team_440291,Liiv SANDBOX Youth,Liiv SANDBOX Youth,leaguepedia_cargo,https://lol.fandom.com/wiki/Special:Redirect/page/440291,https://lol.fandom.com/wiki/Special:Redirect/file/Liiv_SANDBOXlogo_profile.png
lp_team_440313,Hanwha Life Esports Challengers,Hanwha Life Esports Challengers,leaguepedia_cargo,https://lol.fandom.com/wiki/Special:Redirect/page/440313,https://lol.fandom.com/wiki/Special:Redirect/file/Hanwha_Life_Esportslogo_profile.png
lp_team_440318,Gen.G Global Academy,Gen.G Global Academy,leaguepedia_cargo,https://lol.fandom.com/wiki/Special:Redirect/page/440318,https://lol.fandom.com/wiki/Special:Redirect/file/Gen.G_Global_Academylogo_profile.png
lp_team_440367,Team MoonZone,Team MoonZone,leaguepedia_cargo,https://lol.fandom.com/wiki/Special:Redirect/page/440367,https://lol.fandom.com/wiki/Special:Redirect/file/Team_MoonZonelogo_square.png
lp_team_440480,AceS GaminG,AceS GaminG,leaguepedia_cargo,https://lol.fandom.com/wiki/Special:Redirect/page/440480,https://lol.fandom.com/wiki/Special:Redirect/file/AceS_GaminGlogo_square.png
lp_team_440535,AGD E-Sports,AGD E-Sports,leaguepedia_cargo,https://lol.fandom.com/wiki/Special:Redirect/page/440535,https://lol.fandom.com/wiki/Special:Redirect/file/AGD_E-Sportslogo_profile.png
lp_team_441734,RULE,RULE,leaguepedia_cargo,https://lol.fandom.com/wiki/Special:Redirect/page/441734,https://lol.fandom.com/wiki/Special:Redirect/file/RULElogo_square.png
lp_team_441807,ATR esports Denmark,ATR esports Denmark,leaguepedia_cargo,https://lol.fandom.com/wiki/Special:Redirect/page/441807,https://lol.fandom.com/wiki/Special:Redirect/file/ATR_esports_Denmarklogo_square.png
lp_team_441845,Dark Tigers,Dark Tigers,leaguepedia_cargo,https://lol.fandom.com/wiki/Special:Redirect/page/441845,https://lol.fandom.com/wiki/Special:Redirect/file/Dark_Tigerslogo_square.png
lp_team_441954,Movistar Optix,Movistar Optix,leaguepedia_cargo,https://lol.fandom.com/wiki/Special:Redirect/page/441954,https://lol.fandom.com/wiki/Special:Redirect/file/Movistar_Optixlogo_profile.png
lp_team_441959,Naguara Team,Naguara Team,leaguepedia_cargo,https://lol.fandom.com/wiki/Special:Redirect/page/441959,https://lol.fandom.com/wiki/Special:Redirect/file/Naguara_Teamlogo_square.png
lp_team_441974,Naguara Mexico,Naguara Mexico,leaguepedia_cargo,https://lol.fandom.com/wiki/Special:Redirect/page/441974,https://lol.fandom.com/wiki/Special:Redirect/file/Naguara_Mexicologo_square.png
lp_team_442091,Rare Atom,Rare Atom,leaguepedia_cargo,https://lol.fandom.com/wiki/Special:Redirect/page/442091,https://lol.fandom.com/wiki/Special:Redirect/file/Rare_Atomlogo_profile.png
lp_team_442151,CASLA Esports,CASLA Esports,leaguepedia_cargo,https://lol.fandom.com/wiki/Special:Redirect/page/442151,https://lol.fandom.com/wiki/Special:Redirect/file/CASLA_Esportslogo_square.png
lp_team_442265,ANEW Rising,ANEW Rising,leaguepedia_cargo,https://lol.fandom.com/wiki/Special:Redirect/page/442265,https://lol.fandom.com/wiki/Special:Redirect/file/ANEW_Risinglogo_square.png
lp_team_442283,ANEW Blaze,ANEW Blaze,leaguepedia_cargo,https://lol.fandom.com/wiki/Special:Redirect/page/442283,https://lol.fandom.com/wiki/Special:Redirect/file/ANEW_Blazelogo_square.png
lp_team_442356,Cattleya Gaming,Cattleya Gaming,leaguepedia_cargo,https://lol.fandom.com/wiki/Special:Redirect/page/442356,https://lol.fandom.com/wiki/Special:Redirect/file/Cattleya_Gaminglogo_profile.png
lp_team_442366,Skull Cracker,Skull Cracker,leaguepedia_cargo,https://lol.fandom.com/wiki/Special:Redirect/page/442366,https://lol.fandom.com/wiki/Special:Redirect/file/Skull_Crackerlogo_square.png
lp_team_442423,Peak Performance X,Peak Performance X,leaguepedia_cargo,https://lol.fandom.com/wiki/Special:Redirect/page/442423,https://lol.fandom.com/wiki/Special:Redirect/file/Peak_Performance_Xlogo_square.png
lp_team_442449,Nongshim Esports Academy,Nongshim Esports Academy,leaguepedia_cargo,https://lol.fandom.com/wiki/Special:Redirect/page/442449,https://lol.fandom.com/wiki/Special:Redirect/file/Nongshim_Esports_Academylogo_square.png
lp_team_442450,KT Rolster Challengers,KT Rolster Challengers,leaguepedia_cargo,https://lol.fandom.com/wiki/Special:Redirect/page/442450,https://lol.fandom.com/wiki/Special:Redirect/file/KT_Rolsterlogo_profile.png
lp_team_442452,Kiwoom DRX Challengers,Kiwoom DRX Challengers,leaguepedia_cargo,https://lol.fandom.com/wiki/Special:Redirect/page/442452,https://lol.fandom.com/wiki/Special:Redirect/file/DRX_Esports_Academy.png
lp_team_442455,DN SOOPers Challengers,DN SOOPers Challengers,leaguepedia_cargo,https://lol.fandom.com/wiki/Special:Redirect/page/442455,https://lol.fandom.com/wiki/Special:Redirect/file/DN_SOOPerslogo_profile.png
lp_team_442508,ASD Atlas,ASD Atlas,leaguepedia_cargo,https://lol.fandom.com/wiki/Special:Redirect/page/442508,https://lol.fandom.com/wiki/Special:Redirect/file/Atlas_%28Italian_Team%29logo_profile.png
lp_team_442589,Kings of the North,Kings of the North,leaguepedia_cargo,https://lol.fandom.com/wiki/Special:Redirect/page/442589,https://lol.fandom.com/wiki/Special:Redirect/file/Kings_of_the_Northlogo_square.png
lp_team_442672,God's Plan,God's Plan,leaguepedia_cargo,https://lol.fandom.com/wiki/Special:Redirect/page/442672,https://lol.fandom.com/wiki/Special:Redirect/file/God%27s_Planlogo_square.png
lp_team_442707,The Natives,The Natives,leaguepedia_cargo,https://lol.fandom.com/wiki/Special:Redirect/page/442707,https://lol.fandom.com/wiki/Special:Redirect/file/The_Nativeslogo_square.png
lp_team_442967,Crystal Cave Gaming Emerald,Crystal Cave Gaming Emerald,leaguepedia_cargo,https://lol.fandom.com/wiki/Special:Redirect/page/442967,https://lol.fandom.com/wiki/Special:Redirect/file/Crystal_Cave_Gaming_Emeraldlogo_square.png
lp_team_442990,Mirage Élite,Mirage Élite,leaguepedia_cargo,https://lol.fandom.com/wiki/Special:Redirect/page/442990,https://lol.fandom.com/wiki/Special:Redirect/file/Mirage_%C3%89litelogo_square.png
lp_team_442996,Not Academy Team,Not Academy Team,leaguepedia_cargo,https://lol.fandom.com/wiki/Special:Redirect/page/442996,https://lol.fandom.com/wiki/Special:Redirect/file/Not_Academy_Teamlogo_square.png
lp_team_443007,Sign Us Please,Sign Us Please,leaguepedia_cargo,https://lol.fandom.com/wiki/Special:Redirect/page/443007,https://lol.fandom.com/wiki/Special:Redirect/file/Sign_Us_Pleaselogo_square.png
lp_team_443044,Barrage.NA,Barrage.NA,leaguepedia_cargo,https://lol.fandom.com/wiki/Special:Redirect/page/443044,https://lol.fandom.com/wiki/Special:Redirect/file/Barrage.NAlogo_square.png
lp_team_443072,Super Sunshine Fruit Basket Warriors,Super Sunshine Fruit Basket Warriors,leaguepedia_cargo,https://lol.fandom.com/wiki/Special:Redirect/page/443072,https://lol.fandom.com/wiki/Special:Redirect/file/Super_Sunshine_Fruit_Basket_Warriorslogo_square.png
lp_team_443079,ReDefy Esports,ReDefy Esports,leaguepedia_cargo,https://lol.fandom.com/wiki/Special:Redirect/page/443079,https://lol.fandom.com/wiki/Special:Redirect/file/ReDefy_Esportslogo_profile.png
lp_team_443090,Wildcard Gaming Developmental,Wildcard Gaming Developmental,leaguepedia_cargo,https://lol.fandom.com/wiki/Special:Redirect/page/443090,https://lol.fandom.com/wiki/Special:Redirect/file/Wildcard_Gaminglogo_profile.png
lp_team_443271,GGEsports,GGEsports,leaguepedia_cargo,https://lol.fandom.com/wiki/Special:Redirect/page/443271,https://lol.fandom.com/wiki/Special:Redirect/file/GGEsportslogo_square.png
lp_team_443287,Team Pinnacle,Team Pinnacle,leaguepedia_cargo,https://lol.fandom.com/wiki/Special:Redirect/page/443287,https://lol.fandom.com/wiki/Special:Redirect/file/Team_Pinnaclelogo_square.png
lp_team_443295,Striking Vipers,Striking Vipers,leaguepedia_cargo,https://lol.fandom.com/wiki/Special:Redirect/page/443295,https://lol.fandom.com/wiki/Special:Redirect/file/Striking_Viperslogo_profile.png
lp_team_443349,Sheng Jie Gaming,Sheng Jie Gaming,leaguepedia_cargo,https://lol.fandom.com/wiki/Special:Redirect/page/443349,https://lol.fandom.com/wiki/Special:Redirect/file/Sheng_Jie_Gaminglogo_square.png
lp_team_443865,Rare Atom Period,Rare Atom Period,leaguepedia_cargo,https://lol.fandom.com/wiki/Special:Redirect/page/443865,https://lol.fandom.com/wiki/Special:Redirect/file/Rare_Atom_Periodlogo_square.png
lp_team_444036,NASR eSports Turkey,NASR eSports Turkey,leaguepedia_cargo,https://lol.fandom.com/wiki/Special:Redirect/page/444036,https://lol.fandom.com/wiki/Special:Redirect/file/NASR_ESPORTSlogo_profile.png
lp_team_444046,MAX,MAX,leaguepedia_cargo,https://lol.fandom.com/wiki/Special:Redirect/page/444046,https://lol.fandom.com/wiki/Special:Redirect/file/MAX_%28Chinese_Team%29logo_profile.png
lp_team_444103,TWELVE,TWELVE,leaguepedia_cargo,https://lol.fandom.com/wiki/Special:Redirect/page/444103,https://lol.fandom.com/wiki/Special:Redirect/file/TWELVElogo_square.png
lp_team_444125,NASR eSports Turkey Academy,NASR eSports Turkey Academy,leaguepedia_cargo,https://lol.fandom.com/wiki/Special:Redirect/page/444125,https://lol.fandom.com/wiki/Special:Redirect/file/NASR_eSports_Turkey_Academylogo_square.png
lp_team_444311,Descuydado Aucas Esports,Descuydado Aucas Esports,leaguepedia_cargo,https://lol.fandom.com/wiki/Special:Redirect/page/444311,https://lol.fandom.com/wiki/Special:Redirect/file/Descuydado_Aucas_Esportslogo_square.png
lp_team_444331,Revival,Revival,leaguepedia_cargo,https://lol.fandom.com/wiki/Special:Redirect/page/444331,https://lol.fandom.com/wiki/Special:Redirect/file/Revival_%28North_American_Team%29logo_square.png
lp_team_444470,Lotus Gaming,Lotus Gaming,leaguepedia_cargo,https://lol.fandom.com/wiki/Special:Redirect/page/444470,https://lol.fandom.com/wiki/Special:Redirect/file/Lotus_Gaming_%28European_Team%29logo_square.png
lp_team_444489,Galaxy Racer Esports EU Male,Galaxy Racer Esports EU Male,leaguepedia_cargo,https://lol.fandom.com/wiki/Special:Redirect/page/444489,https://lol.fandom.com/wiki/Special:Redirect/file/Galaxy_Racer_Esports_EU_Malelogo_square.png
lp_team_444598,Peak Performance Y,Peak Performance Y,leaguepedia_cargo,https://lol.fandom.com/wiki/Special:Redirect/page/444598,https://lol.fandom.com/wiki/Special:Redirect/file/Peak_Performance_Ylogo_square.png
lp_team_444872,Gameplay DNA,Gameplay DNA,leaguepedia_cargo,https://lol.fandom.com/wiki/Special:Redirect/page/444872,https://lol.fandom.com/wiki/Special:Redirect/file/Gameplay_DNAlogo_square.png
lp_team_444939,Once Caldas Esports,Once Caldas Esports,leaguepedia_cargo,https://lol.fandom.com/wiki/Special:Redirect/page/444939,https://lol.fandom.com/wiki/Special:Redirect/file/Once_Caldas_Esportslogo_square.png
lp_team_444944,Kaisa Gaming,Kaisa Gaming,leaguepedia_cargo,https://lol.fandom.com/wiki/Special:Redirect/page/444944,https://lol.fandom.com/wiki/Special:Redirect/file/Kaisa_Gaminglogo_square.png
lp_team_445071,Depor Cali Legends,Depor Cali Legends,leaguepedia_cargo,https://lol.fandom.com/wiki/Special:Redirect/page/445071,https://lol.fandom.com/wiki/Special:Redirect/file/Depor_Cali_Legendslogo_square.png
lp_team_445557,Rensga Academy,Rensga Academy,leaguepedia_cargo,https://lol.fandom.com/wiki/Special:Redirect/page/445557,https://lol.fandom.com/wiki/Special:Redirect/file/Rensga_Academylogo_square.png
lp_team_445848,BLACKLIST,BLACKLIST,leaguepedia_cargo,https://lol.fandom.com/wiki/Special:Redirect/page/445848,https://lol.fandom.com/wiki/Special:Redirect/file/BLACKLISTlogo_square.png
lp_team_445866,Janus Esports,Janus Esports,leaguepedia_cargo,https://lol.fandom.com/wiki/Special:Redirect/page/445866,https://lol.fandom.com/wiki/Special:Redirect/file/Janus_Esportslogo_profile.png
lp_team_445903,Pirate Dream,Pirate Dream,leaguepedia_cargo,https://lol.fandom.com/wiki/Special:Redirect/page/445903,https://lol.fandom.com/wiki/Special:Redirect/file/Pirate_Dreamlogo_square.png
lp_team_446079,AceZone e-Sports,AceZone e-Sports,leaguepedia_cargo,https://lol.fandom.com/wiki/Special:Redirect/page/446079,https://lol.fandom.com/wiki/Special:Redirect/file/AceZone_e-Sportslogo_square.png
lp_team_446471,Void Gaming Phenomenon,Void Gaming Phenomenon,leaguepedia_cargo,https://lol.fandom.com/wiki/Special:Redirect/page/446471,https://lol.fandom.com/wiki/Special:Redirect/file/Void_Gaming_Phenomenonlogo_square.png
lp_team_446611,SolaFide Esports,SolaFide Esports,leaguepedia_cargo,https://lol.fandom.com/wiki/Special:Redirect/page/446611,https://lol.fandom.com/wiki/Special:Redirect/file/SolaFide_Esportslogo_square.png
lp_team_446751,Medieval Riga,Medieval Riga,leaguepedia_cargo,https://lol.fandom.com/wiki/Special:Redirect/page/446751,https://lol.fandom.com/wiki/Special:Redirect/file/Medieval_Rigalogo_profile.png
lp_team_447000,Wichita Wolves,Wichita Wolves,leaguepedia_cargo,https://lol.fandom.com/wiki/Special:Redirect/page/447000,https://lol.fandom.com/wiki/Special:Redirect/file/Wichita_Wolveslogo_square.png
lp_team_447195,White Dragons,White Dragons,leaguepedia_cargo,https://lol.fandom.com/wiki/Special:Redirect/page/447195,https://lol.fandom.com/wiki/Special:Redirect/file/White_Dragonslogo_square.png
lp_team_447356,Chilly Mountain Wolves,Chilly Mountain Wolves,leaguepedia_cargo,https://lol.fandom.com/wiki/Special:Redirect/page/447356,https://lol.fandom.com/wiki/Special:Redirect/file/Chilly_Mountain_Wolveslogo_square.png
lp_team_447440,Komil&Friends,Komil&Friends,leaguepedia_cargo,https://lol.fandom.com/wiki/Special:Redirect/page/447440,https://lol.fandom.com/wiki/Special:Redirect/file/Komil_and_Friendslogo_square.png
lp_team_447719,Cruzados Esports,Cruzados Esports,leaguepedia_cargo,https://lol.fandom.com/wiki/Special:Redirect/page/447719,https://lol.fandom.com/wiki/Special:Redirect/file/Cruzados_Esportslogo_profile.png
lp_team_449897,Method2Madness,Method2Madness,leaguepedia_cargo,https://lol.fandom.com/wiki/Special:Redirect/page/449897,https://lol.fandom.com/wiki/Special:Redirect/file/Method2Madnesslogo_square.png
lp_team_450446,Inside Games Challengers,Inside Games Challengers,leaguepedia_cargo,https://lol.fandom.com/wiki/Special:Redirect/page/450446,https://lol.fandom.com/wiki/Special:Redirect/file/Inside_Games_Challengerslogo_square.png
lp_team_450560,Fatal Ambition,Fatal Ambition,leaguepedia_cargo,https://lol.fandom.com/wiki/Special:Redirect/page/450560,https://lol.fandom.com/wiki/Special:Redirect/file/Fatal_Ambitionlogo_profile.png
lp_team_450959,KV Mechelen Esports Academy,KV Mechelen Esports Academy,leaguepedia_cargo,https://lol.fandom.com/wiki/Special:Redirect/page/450959,https://lol.fandom.com/wiki/Special:Redirect/file/KV_Mechelen_Esports_Academylogo_square.png
lp_team_451164,Team Phantasma Community,Team Phantasma Community,leaguepedia_cargo,https://lol.fandom.com/wiki/Special:Redirect/page/451164,https://lol.fandom.com/wiki/Special:Redirect/file/Team_Phantasma_Communitylogo_square.png
lp_team_451171,PSV Esports Academy,PSV Esports Academy,leaguepedia_cargo,https://lol.fandom.com/wiki/Special:Redirect/page/451171,https://lol.fandom.com/wiki/Special:Redirect/file/PSV_Esports_Academylogo_square.png
lp_team_451238,Da Dancing Demons,Da Dancing Demons,leaguepedia_cargo,https://lol.fandom.com/wiki/Special:Redirect/page/451238,https://lol.fandom.com/wiki/Special:Redirect/file/Da_Dancing_Demonslogo_square.png
lp_team_451380,Windstorm Gaming,Windstorm Gaming,leaguepedia_cargo,https://lol.fandom.com/wiki/Special:Redirect/page/451380,https://lol.fandom.com/wiki/Special:Redirect/file/Windstorm_Gaminglogo_square.png
lp_team_451536,Zerolag Esports Academy,Zerolag Esports Academy,leaguepedia_cargo,https://lol.fandom.com/wiki/Special:Redirect/page/451536,https://lol.fandom.com/wiki/Special:Redirect/file/Zerolag_Esportslogo_profile.png
lp_team_451835,ANEW Genesis,ANEW Genesis,leaguepedia_cargo,https://lol.fandom.com/wiki/Special:Redirect/page/451835,https://lol.fandom.com/wiki/Special:Redirect/file/ANEW_Genesislogo_square.png
lp_team_451878,Luxor Gaming,Luxor Gaming,leaguepedia_cargo,https://lol.fandom.com/wiki/Special:Redirect/page/451878,https://lol.fandom.com/wiki/Special:Redirect/file/Luxor_Gaminglogo_profile.png
lp_team_451994,nDurance Gaming,nDurance Gaming,leaguepedia_cargo,https://lol.fandom.com/wiki/Special:Redirect/page/451994,https://lol.fandom.com/wiki/Special:Redirect/file/NDurance_Gaminglogo_square.png
lp_team_452360,Beyond Gaming,Beyond Gaming,leaguepedia_cargo,https://lol.fandom.com/wiki/Special:Redirect/page/452360,https://lol.fandom.com/wiki/Special:Redirect/file/Beyond_Gaminglogo_profile.png
lp_team_454006,Mythos Gaming,Mythos Gaming,leaguepedia_cargo,https://lol.fandom.com/wiki/Special:Redirect/page/454006,https://lol.fandom.com/wiki/Special:Redirect/file/Mythos_Gaminglogo_square.png
lp_team_454084,Bandits Gaming,Bandits Gaming,leaguepedia_cargo,https://lol.fandom.com/wiki/Special:Redirect/page/454084,https://lol.fandom.com/wiki/Special:Redirect/file/Bandits_Gaminglogo_square.png
lp_team_454412,Team Echo Zulu Tribe,Team Echo Zulu Tribe,leaguepedia_cargo,https://lol.fandom.com/wiki/Special:Redirect/page/454412,https://lol.fandom.com/wiki/Special:Redirect/file/Team_Echo_Zulu_Tribelogo_square.png
lp_team_454460,Revenge,Revenge,leaguepedia_cargo,https://lol.fandom.com/wiki/Special:Redirect/page/454460,https://lol.fandom.com/wiki/Special:Redirect/file/Revenge_%28British_Team%29logo_square.png
lp_team_454495,Team Universe,Team Universe,leaguepedia_cargo,https://lol.fandom.com/wiki/Special:Redirect/page/454495,https://lol.fandom.com/wiki/Special:Redirect/file/Team_Universelogo_square.png
lp_team_454510,Dark Tigers Academy,Dark Tigers Academy,leaguepedia_cargo,https://lol.fandom.com/wiki/Special:Redirect/page/454510,https://lol.fandom.com/wiki/Special:Redirect/file/Dark_Tigers_Academylogo_square.png
lp_team_454542,Dynamo Esports,Dynamo Esports,leaguepedia_cargo,https://lol.fandom.com/wiki/Special:Redirect/page/454542,https://lol.fandom.com/wiki/Special:Redirect/file/Dynamo_Esportslogo_square.png
lp_team_454895,Dynamo Eclot Talents,Dynamo Eclot Talents,leaguepedia_cargo,https://lol.fandom.com/wiki/Special:Redirect/page/454895,https://lol.fandom.com/wiki/Special:Redirect/file/Dynamo_Eclot_Talentslogo_square.png
lp_team_455120,BOOM Esports,BOOM Esports,leaguepedia_cargo,https://lol.fandom.com/wiki/Special:Redirect/page/455120,https://lol.fandom.com/wiki/Special:Redirect/file/BOOM_Esportslogo_square.png
lp_team_455132,STOPWATCH eSports,STOPWATCH eSports,leaguepedia_cargo,https://lol.fandom.com/wiki/Special:Redirect/page/455132,https://lol.fandom.com/wiki/Special:Redirect/file/STOPWATCH_eSports_%28Czech_Team%29logo_square.png
lp_team_455569,Starlan Gaming Club,Starlan Gaming Club,leaguepedia_cargo,https://lol.fandom.com/wiki/Special:Redirect/page/455569,https://lol.fandom.com/wiki/Special:Redirect/file/Starlan_Gaming_Clublogo_square.png
lp_team_455755,CTRL PLAY,CTRL PLAY,leaguepedia_cargo,https://lol.fandom.com/wiki/Special:Redirect/page/455755,https://lol.fandom.com/wiki/Special:Redirect/file/CTRL_PLAYlogo_square.png
lp_team_455922,Redemption Arc,Redemption Arc,leaguepedia_cargo,https://lol.fandom.com/wiki/Special:Redirect/page/455922,https://lol.fandom.com/wiki/Special:Redirect/file/Redemption_Arclogo_square.png
lp_team_455927,Zoos Gaming,Zoos Gaming,leaguepedia_cargo,https://lol.fandom.com/wiki/Special:Redirect/page/455927,https://lol.fandom.com/wiki/Special:Redirect/file/Zoos_Gaminglogo_square.png
lp_team_455934,No Org,No Org,leaguepedia_cargo,https://lol.fandom.com/wiki/Special:Redirect/page/455934,https://lol.fandom.com/wiki/Special:Redirect/file/No_Orglogo_square.png
lp_team_457711,Team WeForge,Team WeForge,leaguepedia_cargo,https://lol.fandom.com/wiki/Special:Redirect/page/457711,https://lol.fandom.com/wiki/Special:Redirect/file/Team_WeForgelogo_square.png
lp_team_457794,PEACE,PEACE,leaguepedia_cargo,https://lol.fandom.com/wiki/Special:Redirect/page/457794,https://lol.fandom.com/wiki/Special:Redirect/file/PEACE_%28Oceanic_Team%29logo_profile.png
lp_team_457968,Murk Esports,Murk Esports,leaguepedia_cargo,https://lol.fandom.com/wiki/Special:Redirect/page/457968,https://lol.fandom.com/wiki/Special:Redirect/file/Murk_Esportslogo_square.png
lp_team_458350,4Elements Scuttle Squad,4Elements Scuttle Squad,leaguepedia_cargo,https://lol.fandom.com/wiki/Special:Redirect/page/458350,https://lol.fandom.com/wiki/Special:Redirect/file/4Elements_Scuttle_Squadlogo_square.png
lp_team_458443,Ion Squad Academy,Ion Squad Academy,leaguepedia_cargo,https://lol.fandom.com/wiki/Special:Redirect/page/458443,https://lol.fandom.com/wiki/Special:Redirect/file/Ion_Squad_Academylogo_square.png
lp_team_458477,Nerf Galeforce,Nerf Galeforce,leaguepedia_cargo,https://lol.fandom.com/wiki/Special:Redirect/page/458477,https://lol.fandom.com/wiki/Special:Redirect/file/Nerf_Galeforcelogo_square.png
lp_team_458499,Hyve Central,Hyve Central,leaguepedia_cargo,https://lol.fandom.com/wiki/Special:Redirect/page/458499,https://lol.fandom.com/wiki/Special:Redirect/file/Hyve_Centrallogo_square.png
lp_team_458668,NLD eSports,NLD eSports,leaguepedia_cargo,https://lol.fandom.com/wiki/Special:Redirect/page/458668,https://lol.fandom.com/wiki/Special:Redirect/file/NLD_eSportslogo_square.png
lp_team_461622,Team DeftFox,Team DeftFox,leaguepedia_cargo,https://lol.fandom.com/wiki/Special:Redirect/page/461622,https://lol.fandom.com/wiki/Special:Redirect/file/Team_DeftFoxlogo_square.png
lp_team_462378,Hive Athens Academy,Hive Athens Academy,leaguepedia_cargo,https://lol.fandom.com/wiki/Special:Redirect/page/462378,https://lol.fandom.com/wiki/Special:Redirect/file/Hive_Athens_Academylogo_square.png
lp_team_463447,Razor's Edge Gaming,Razor's Edge Gaming,leaguepedia_cargo,https://lol.fandom.com/wiki/Special:Redirect/page/463447,https://lol.fandom.com/wiki/Special:Redirect/file/Razor%27s_Edge_Gaminglogo_square.png
lp_team_463949,Dignitas Mirage,Dignitas Mirage,leaguepedia_cargo,https://lol.fandom.com/wiki/Special:Redirect/page/463949,https://lol.fandom.com/wiki/Special:Redirect/file/Dignitas_Miragelogo_square.png
lp_team_464723,Omerix,Omerix,leaguepedia_cargo,https://lol.fandom.com/wiki/Special:Redirect/page/464723,https://lol.fandom.com/wiki/Special:Redirect/file/Omerix_Esportlogo_square.png
lp_team_467145,Riddle Esports Academy,Riddle Esports Academy,leaguepedia_cargo,https://lol.fandom.com/wiki/Special:Redirect/page/467145,https://lol.fandom.com/wiki/Special:Redirect/file/Riddle_Esports_Academylogo_square.png
lp_team_467192,Lucent Esports,Lucent Esports,leaguepedia_cargo,https://lol.fandom.com/wiki/Special:Redirect/page/467192,https://lol.fandom.com/wiki/Special:Redirect/file/Lucent_Esportslogo_square.png
lp_team_469156,Pentakill.gr,Pentakill.gr,leaguepedia_cargo,https://lol.fandom.com/wiki/Special:Redirect/page/469156,https://lol.fandom.com/wiki/Special:Redirect/file/Pentakill.grlogo_square.png
lp_team_469379,Demise Academy,Demise Academy,leaguepedia_cargo,https://lol.fandom.com/wiki/Special:Redirect/page/469379,https://lol.fandom.com/wiki/Special:Redirect/file/Demise_Academylogo_square.png
lp_team_469403,Armoured Brothers,Armoured Brothers,leaguepedia_cargo,https://lol.fandom.com/wiki/Special:Redirect/page/469403,https://lol.fandom.com/wiki/Special:Redirect/file/Armoured_Brotherslogo_square.png
lp_team_469542,Axolotl Academy,Axolotl Academy,leaguepedia_cargo,https://lol.fandom.com/wiki/Special:Redirect/page/469542,https://lol.fandom.com/wiki/Special:Redirect/file/Axolotl_Academylogo_square.png
lp_team_469726,E9Sports,E9Sports,leaguepedia_cargo,https://lol.fandom.com/wiki/Special:Redirect/page/469726,https://lol.fandom.com/wiki/Special:Redirect/file/E9Sportslogo_square.png
lp_team_470179,Team Majesty,Team Majesty,leaguepedia_cargo,https://lol.fandom.com/wiki/Special:Redirect/page/470179,https://lol.fandom.com/wiki/Special:Redirect/file/Team_Majestylogo_square.png
lp_team_470274,Ultra Prime,Ultra Prime,leaguepedia_cargo,https://lol.fandom.com/wiki/Special:Redirect/page/470274,https://lol.fandom.com/wiki/Special:Redirect/file/Ultra_Primelogo_profile.png
lp_team_470363,RA'AD,RA'AD,leaguepedia_cargo,https://lol.fandom.com/wiki/Special:Redirect/page/470363,https://lol.fandom.com/wiki/Special:Redirect/file/RA%27ADlogo_square.png
lp_team_470394,Osh-Tekk Warriors,Osh-Tekk Warriors,leaguepedia_cargo,https://lol.fandom.com/wiki/Special:Redirect/page/470394,https://lol.fandom.com/wiki/Special:Redirect/file/Osh-Tekk_Warriorslogo_square.png
lp_team_470477,X7 Esports,X7 Esports,leaguepedia_cargo,https://lol.fandom.com/wiki/Special:Redirect/page/470477,https://lol.fandom.com/wiki/Special:Redirect/file/X7_Esportslogo_square.png
lp_team_470518,Summon Aery,Summon Aery,leaguepedia_cargo,https://lol.fandom.com/wiki/Special:Redirect/page/470518,https://lol.fandom.com/wiki/Special:Redirect/file/Summon_Aery_%28Lebanese_Team%29logo_square.png
lp_team_470583,CowBoySquad Imperials Esports Academy,CowBoySquad Imperials Esports Academy,leaguepedia_cargo,https://lol.fandom.com/wiki/Special:Redirect/page/470583,https://lol.fandom.com/wiki/Special:Redirect/file/CowBoySquad_Imperials_Esports_Academylogo_square.png
lp_team_470855,Team Hex,Team Hex,leaguepedia_cargo,https://lol.fandom.com/wiki/Special:Redirect/page/470855,https://lol.fandom.com/wiki/Special:Redirect/file/Team_Hexlogo_square.png
lp_team_470927,"University of California, Riverside","University of California, Riverside",leaguepedia_cargo,https://lol.fandom.com/wiki/Special:Redirect/page/470927,https://lol.fandom.com/wiki/Special:Redirect/file/University_of_California_Riversidelogo_square.png
lp_team_471386,Yumisu Invicta,Yumisu Invicta,leaguepedia_cargo,https://lol.fandom.com/wiki/Special:Redirect/page/471386,https://lol.fandom.com/wiki/Special:Redirect/file/Yumisu_Invictalogo_square.png
lp_team_471586,Sport Boys Association,Sport Boys Association,leaguepedia_cargo,https://lol.fandom.com/wiki/Special:Redirect/page/471586,https://lol.fandom.com/wiki/Special:Redirect/file/Sport_Boys_Associationlogo_square.png
lp_team_472482,Area of Effect Randoms,Area of Effect Randoms,leaguepedia_cargo,https://lol.fandom.com/wiki/Special:Redirect/page/472482,https://lol.fandom.com/wiki/Special:Redirect/file/Area_of_Effect_Randomslogo_square.png
lp_team_473615,TSM Amateur,TSM Amateur,leaguepedia_cargo,https://lol.fandom.com/wiki/Special:Redirect/page/473615,https://lol.fandom.com/wiki/Special:Redirect/file/TSMlogo_profile.png
lp_team_473785,Pulsia Esport,Pulsia Esport,leaguepedia_cargo,https://lol.fandom.com/wiki/Special:Redirect/page/473785,https://lol.fandom.com/wiki/Special:Redirect/file/Pulsia_Esportlogo_square.png
lp_team_473829,BloodyDevils,BloodyDevils,leaguepedia_cargo,https://lol.fandom.com/wiki/Special:Redirect/page/473829,https://lol.fandom.com/wiki/Special:Redirect/file/BloodyDevilslogo_square.png
lp_team_473959,Area of Effect Brady,Area of Effect Brady,leaguepedia_cargo,https://lol.fandom.com/wiki/Special:Redirect/page/473959,https://lol.fandom.com/wiki/Special:Redirect/file/Area_of_Effect_Bradylogo_square.png
lp_team_474041,Area of Effect Will's Kittens,Area of Effect Will's Kittens,leaguepedia_cargo,https://lol.fandom.com/wiki/Special:Redirect/page/474041,https://lol.fandom.com/wiki/Special:Redirect/file/Area_of_Effect_Will%27s_Kittenslogo_square.png
lp_team_474274,Anorthosis Famagusta Esports Academy,Anorthosis Famagusta Esports Academy,leaguepedia_cargo,https://lol.fandom.com/wiki/Special:Redirect/page/474274,https://lol.fandom.com/wiki/Special:Redirect/file/Anorthosis_Famagusta_Esports_Academylogo_square.png
lp_team_474483,Gaia Esports,Gaia Esports,leaguepedia_cargo,https://lol.fandom.com/wiki/Special:Redirect/page/474483,https://lol.fandom.com/wiki/Special:Redirect/file/Gaia_Esportslogo_square.png
lp_team_474687,Majestic Lions,Majestic Lions,leaguepedia_cargo,https://lol.fandom.com/wiki/Special:Redirect/page/474687,https://lol.fandom.com/wiki/Special:Redirect/file/Majestic_Lionslogo_square.png
lp_team_474692,Fraternitas,Fraternitas,leaguepedia_cargo,https://lol.fandom.com/wiki/Special:Redirect/page/474692,https://lol.fandom.com/wiki/Special:Redirect/file/Fraternitaslogo_square.png
lp_team_474879,SBTC Esports Academy,SBTC Esports Academy,leaguepedia_cargo,https://lol.fandom.com/wiki/Special:Redirect/page/474879,https://lol.fandom.com/wiki/Special:Redirect/file/SBTC_Esports_Academylogo_square.png
lp_team_475146,Area of Effect Esports,Area of Effect Esports,leaguepedia_cargo,https://lol.fandom.com/wiki/Special:Redirect/page/475146,https://lol.fandom.com/wiki/Special:Redirect/file/AOE_Esportslogo_profile.png
lp_team_475147,TeamOrangeGaming,TeamOrangeGaming,leaguepedia_cargo,https://lol.fandom.com/wiki/Special:Redirect/page/475147,https://lol.fandom.com/wiki/Special:Redirect/file/TeamOrangeGaminglogo_profile.png
lp_team_475205,WAP Esports,WAP Esports,leaguepedia_cargo,https://lol.fandom.com/wiki/Special:Redirect/page/475205,https://lol.fandom.com/wiki/Special:Redirect/file/WAP_Esportslogo_square.png
lp_team_475231,VietSun Esports,VietSun Esports,leaguepedia_cargo,https://lol.fandom.com/wiki/Special:Redirect/page/475231,https://lol.fandom.com/wiki/Special:Redirect/file/VietSun_Esportslogo_square.png
lp_team_475257,Wildcard Gaming Black,Wildcard Gaming Black,leaguepedia_cargo,https://lol.fandom.com/wiki/Special:Redirect/page/475257,https://lol.fandom.com/wiki/Special:Redirect/file/Wildcard_Gaminglogo_profile.png
lp_team_475332,Cal Esports,Cal Esports,leaguepedia_cargo,https://lol.fandom.com/wiki/Special:Redirect/page/475332,https://lol.fandom.com/wiki/Special:Redirect/file/University_of_California_Berkeleylogo_square.png
lp_team_475339,Wildcard Gaming Red,Wildcard Gaming Red,leaguepedia_cargo,https://lol.fandom.com/wiki/Special:Redirect/page/475339,https://lol.fandom.com/wiki/Special:Redirect/file/Wildcard_Gaminglogo_profile.png
lp_team_475542,Resolve NA,Resolve NA,leaguepedia_cargo,https://lol.fandom.com/wiki/Special:Redirect/page/475542,https://lol.fandom.com/wiki/Special:Redirect/file/Resolvelogo_profile.png
lp_team_475558,ConViction Sun,ConViction Sun,leaguepedia_cargo,https://lol.fandom.com/wiki/Special:Redirect/page/475558,https://lol.fandom.com/wiki/Special:Redirect/file/ConViction_Sunlogo_square.png
lp_team_475651,SLR,SLR,leaguepedia_cargo,https://lol.fandom.com/wiki/Special:Redirect/page/475651,https://lol.fandom.com/wiki/Special:Redirect/file/SLRlogo_square.png
lp_team_475895,Miners,Miners,leaguepedia_cargo,https://lol.fandom.com/wiki/Special:Redirect/page/475895,https://lol.fandom.com/wiki/Special:Redirect/file/Minerslogo_square.png
lp_team_476023,Cyber Gamer e-Sports,Cyber Gamer e-Sports,leaguepedia_cargo,https://lol.fandom.com/wiki/Special:Redirect/page/476023,https://lol.fandom.com/wiki/Special:Redirect/file/Cyber_Gamer_e-Sportslogo_square.png
lp_team_476210,Scouting4ProScene,Scouting4ProScene,leaguepedia_cargo,https://lol.fandom.com/wiki/Special:Redirect/page/476210,https://lol.fandom.com/wiki/Special:Redirect/file/Scouting4ProScenelogo_square.png
lp_team_476548,ConViction Moon,ConViction Moon,leaguepedia_cargo,https://lol.fandom.com/wiki/Special:Redirect/page/476548,https://lol.fandom.com/wiki/Special:Redirect/file/ConViction_Moonlogo_square.png
lp_team_477091,Umbra Divinus Gaming,Umbra Divinus Gaming,leaguepedia_cargo,https://lol.fandom.com/wiki/Special:Redirect/page/477091,https://lol.fandom.com/wiki/Special:Redirect/file/Umbra_Divinus_Gaminglogo_square.png
lp_team_477413,SuperMassive Blaze,SuperMassive Blaze,leaguepedia_cargo,https://lol.fandom.com/wiki/Special:Redirect/page/477413,https://lol.fandom.com/wiki/Special:Redirect/file/SuperMassive_Blazelogo_profile.png
lp_team_477537,Starlan Gaming Club Academy,Starlan Gaming Club Academy,leaguepedia_cargo,https://lol.fandom.com/wiki/Special:Redirect/page/477537,https://lol.fandom.com/wiki/Special:Redirect/file/Starlan_Gaming_Club_Academylogo_square.png
lp_team_477565,Team Anomaly Breaker,Team Anomaly Breaker,leaguepedia_cargo,https://lol.fandom.com/wiki/Special:Redirect/page/477565,https://lol.fandom.com/wiki/Special:Redirect/file/Team_Anomaly_Breakerlogo_profile.png
lp_team_477566,PDW,PDW,leaguepedia_cargo,https://lol.fandom.com/wiki/Special:Redirect/page/477566,https://lol.fandom.com/wiki/Special:Redirect/file/PDWlogo_square.png
lp_team_477701,Miners Academy,Miners Academy,leaguepedia_cargo,https://lol.fandom.com/wiki/Special:Redirect/page/477701,https://lol.fandom.com/wiki/Special:Redirect/file/Miners_Academylogo_square.png
lp_team_477709,Braves Rising,Braves Rising,leaguepedia_cargo,https://lol.fandom.com/wiki/Special:Redirect/page/477709,https://lol.fandom.com/wiki/Special:Redirect/file/Braves_Risinglogo_square.png
lp_team_477710,ELR Gaming,ELR Gaming,leaguepedia_cargo,https://lol.fandom.com/wiki/Special:Redirect/page/477710,https://lol.fandom.com/wiki/Special:Redirect/file/ELR_Gaminglogo_square.png
lp_team_478176,Wizard esports,Wizard esports,leaguepedia_cargo,https://lol.fandom.com/wiki/Special:Redirect/page/478176,https://lol.fandom.com/wiki/Special:Redirect/file/Wizard_esportslogo_square.png
lp_team_478190,WAVE Esports,WAVE Esports,leaguepedia_cargo,https://lol.fandom.com/wiki/Special:Redirect/page/478190,https://lol.fandom.com/wiki/Special:Redirect/file/WAVE_Esportslogo_profile.png
lp_team_478235,George Mason University,George Mason University,leaguepedia_cargo,https://lol.fandom.com/wiki/Special:Redirect/page/478235,https://lol.fandom.com/wiki/Special:Redirect/file/George_Mason_Universitylogo_square.png
lp_team_478706,Ultra Prime Academy,Ultra Prime Academy,leaguepedia_cargo,https://lol.fandom.com/wiki/Special:Redirect/page/478706,https://lol.fandom.com/wiki/Special:Redirect/file/Ultra_Prime_Academylogo_profile.png
lp_team_478851,Saint Louis University,Saint Louis University,leaguepedia_cargo,https://lol.fandom.com/wiki/Special:Redirect/page/478851,https://lol.fandom.com/wiki/Special:Redirect/file/Saint_Louis_Universitylogo_square.png
lp_team_478880,State University of New York at Buffalo,State University of New York at Buffalo,leaguepedia_cargo,https://lol.fandom.com/wiki/Special:Redirect/page/478880,https://lol.fandom.com/wiki/Special:Redirect/file/State_University_of_New_York_at_Buffalologo_square.png
lp_team_479010,GGEsports Academy,GGEsports Academy,leaguepedia_cargo,https://lol.fandom.com/wiki/Special:Redirect/page/479010,https://lol.fandom.com/wiki/Special:Redirect/file/GGEsports_Academylogo_square.png
lp_team_479265,STRAT Esport,STRAT Esport,leaguepedia_cargo,https://lol.fandom.com/wiki/Special:Redirect/page/479265,https://lol.fandom.com/wiki/Special:Redirect/file/STRAT_Esportlogo_square.png
lp_team_479751,Earth Revolution Gaming,Earth Revolution Gaming,leaguepedia_cargo,https://lol.fandom.com/wiki/Special:Redirect/page/479751,https://lol.fandom.com/wiki/Special:Redirect/file/Earth_Revolution_Gaminglogo_square.png
lp_team_480279,NK Osijek Esport,NK Osijek Esport,leaguepedia_cargo,https://lol.fandom.com/wiki/Special:Redirect/page/480279,https://lol.fandom.com/wiki/Special:Redirect/file/NK_Osijek_Esportlogo_square.png
lp_team_480513,Nativz,Nativz,leaguepedia_cargo,https://lol.fandom.com/wiki/Special:Redirect/page/480513,https://lol.fandom.com/wiki/Special:Redirect/file/Nativzlogo_square.png
lp_team_480598,GOAL,GOAL,leaguepedia_cargo,https://lol.fandom.com/wiki/Special:Redirect/page/480598,https://lol.fandom.com/wiki/Special:Redirect/file/GOALlogo_square.png
lp_team_480704,3BL Esports,3BL Esports,leaguepedia_cargo,https://lol.fandom.com/wiki/Special:Redirect/page/480704,https://lol.fandom.com/wiki/Special:Redirect/file/3BL_Esportslogo_square.png
lp_team_480755,MCES Italia Academy,MCES Italia Academy,leaguepedia_cargo,https://lol.fandom.com/wiki/Special:Redirect/page/480755,https://lol.fandom.com/wiki/Special:Redirect/file/MCES_Italia_Academylogo_profile.png
lp_team_480883,SuperMassive Blaze Academy,SuperMassive Blaze Academy,leaguepedia_cargo,https://lol.fandom.com/wiki/Special:Redirect/page/480883,https://lol.fandom.com/wiki/Special:Redirect/file/SuperMassive_Blazelogo_profile.png
lp_team_480901,Valiance,Valiance,leaguepedia_cargo,https://lol.fandom.com/wiki/Special:Redirect/page/480901,https://lol.fandom.com/wiki/Special:Redirect/file/Valiancelogo_square.png
lp_team_481152,Team Astral Poke,Team Astral Poke,leaguepedia_cargo,https://lol.fandom.com/wiki/Special:Redirect/page/481152,https://lol.fandom.com/wiki/Special:Redirect/file/Team_Astral_Pokelogo_square.png
lp_team_481177,Fidelis,Fidelis,leaguepedia_cargo,https://lol.fandom.com/wiki/Special:Redirect/page/481177,https://lol.fandom.com/wiki/Special:Redirect/file/Fidelislogo_square.png
lp_team_481320,PCS Taran,PCS Taran,leaguepedia_cargo,https://lol.fandom.com/wiki/Special:Redirect/page/481320,https://lol.fandom.com/wiki/Special:Redirect/file/PCS_Taranlogo_square.png
lp_team_481811,Esport Empire,Esport Empire,leaguepedia_cargo,https://lol.fandom.com/wiki/Special:Redirect/page/481811,https://lol.fandom.com/wiki/Special:Redirect/file/Esport_Empirelogo_square.png
lp_team_482591,MCES Italia,MCES Italia,leaguepedia_cargo,https://lol.fandom.com/wiki/Special:Redirect/page/482591,https://lol.fandom.com/wiki/Special:Redirect/file/MCES_Italialogo_profile.png
lp_team_482717,CTRL PLAY Academy,CTRL PLAY Academy,leaguepedia_cargo,https://lol.fandom.com/wiki/Special:Redirect/page/482717,https://lol.fandom.com/wiki/Special:Redirect/file/CTRL_PLAY_Academylogo_square.png
lp_team_483057,Black Star Gaming,Black Star Gaming,leaguepedia_cargo,https://lol.fandom.com/wiki/Special:Redirect/page/483057,https://lol.fandom.com/wiki/Special:Redirect/file/Black_Star_Gaminglogo_profile.png
lp_team_483832,Wortex Gaming,Wortex Gaming,leaguepedia_cargo,https://lol.fandom.com/wiki/Special:Redirect/page/483832,https://lol.fandom.com/wiki/Special:Redirect/file/Wortex_Gaminglogo_square.png
lp_team_483839,Team BDS Academy,Team BDS Academy,leaguepedia_cargo,https://lol.fandom.com/wiki/Special:Redirect/page/483839,https://lol.fandom.com/wiki/Special:Redirect/file/Team_BDSlogo_profile.png
lp_team_484183,BRUTE Academy,BRUTE Academy,leaguepedia_cargo,https://lol.fandom.com/wiki/Special:Redirect/page/484183,https://lol.fandom.com/wiki/Special:Redirect/file/BRUTE_Academylogo_square.png
lp_team_484698,Sahara Warriors,Sahara Warriors,leaguepedia_cargo,https://lol.fandom.com/wiki/Special:Redirect/page/484698,https://lol.fandom.com/wiki/Special:Redirect/file/Sahara_Warriorslogo_square.png
lp_team_484715,Cycle Esports,Cycle Esports,leaguepedia_cargo,https://lol.fandom.com/wiki/Special:Redirect/page/484715,https://lol.fandom.com/wiki/Special:Redirect/file/Cycle_Esportslogo_profile.png
lp_team_484735,Chilly Mountain Chipmunks,Chilly Mountain Chipmunks,leaguepedia_cargo,https://lol.fandom.com/wiki/Special:Redirect/page/484735,https://lol.fandom.com/wiki/Special:Redirect/file/Chilly_Mountain_Chipmunkslogo_square.png
lp_team_485019,Homyno Pulsia Esport,Homyno Pulsia Esport,leaguepedia_cargo,https://lol.fandom.com/wiki/Special:Redirect/page/485019,https://lol.fandom.com/wiki/Special:Redirect/file/Homyno_Pulsia_Esportlogo_square.png
lp_team_485093,Dare White,Dare White,leaguepedia_cargo,https://lol.fandom.com/wiki/Special:Redirect/page/485093,https://lol.fandom.com/wiki/Special:Redirect/file/Dare_Whitelogo_square.png
lp_team_485339,Glaive Esports Prime,Glaive Esports Prime,leaguepedia_cargo,https://lol.fandom.com/wiki/Special:Redirect/page/485339,https://lol.fandom.com/wiki/Special:Redirect/file/Glaive_Esports_Primelogo_square.png
lp_team_485365,Ping is the Problem,Ping is the Problem,leaguepedia_cargo,https://lol.fandom.com/wiki/Special:Redirect/page/485365,https://lol.fandom.com/wiki/Special:Redirect/file/Ping_is_the_Problemlogo_square.png
lp_team_485702,Esport Academy,Esport Academy,leaguepedia_cargo,https://lol.fandom.com/wiki/Special:Redirect/page/485702,https://lol.fandom.com/wiki/Special:Redirect/file/Esport_Academylogo_square.png
lp_team_486282,Falafel Gaming,Falafel Gaming,leaguepedia_cargo,https://lol.fandom.com/wiki/Special:Redirect/page/486282,https://lol.fandom.com/wiki/Special:Redirect/file/Falafel_Gaminglogo_square.png
lp_team_486287,Team TowerDiveTV,Team TowerDiveTV,leaguepedia_cargo,https://lol.fandom.com/wiki/Special:Redirect/page/486287,https://lol.fandom.com/wiki/Special:Redirect/file/Team_TowerDiveTVlogo_square.png
lp_team_486596,Striking Vipers Champions,Striking Vipers Champions,leaguepedia_cargo,https://lol.fandom.com/wiki/Special:Redirect/page/486596,https://lol.fandom.com/wiki/Special:Redirect/file/Striking_Viperslogo_profile.png
lp_team_486835,Burning Core Toyama Academy,Burning Core Toyama Academy,leaguepedia_cargo,https://lol.fandom.com/wiki/Special:Redirect/page/486835,https://lol.fandom.com/wiki/Special:Redirect/file/Burning_Core_Toyama_Academylogo_square.png
lp_team_486880,University of St. Thomas,University of St. Thomas,leaguepedia_cargo,https://lol.fandom.com/wiki/Special:Redirect/page/486880,https://lol.fandom.com/wiki/Special:Redirect/file/University_of_St._Thomaslogo_profile.png
lp_team_486912,NRAX Esports,NRAX Esports,leaguepedia_cargo,https://lol.fandom.com/wiki/Special:Redirect/page/486912,https://lol.fandom.com/wiki/Special:Redirect/file/NRAX_Esportslogo_square.png
lp_team_487014,Six Karma,Six Karma,leaguepedia_cargo,https://lol.fandom.com/wiki/Special:Redirect/page/487014,https://lol.fandom.com/wiki/Special:Redirect/file/Six_Karmalogo_square.png
lp_team_487134,Striking Vipers Maestros,Striking Vipers Maestros,leaguepedia_cargo,https://lol.fandom.com/wiki/Special:Redirect/page/487134,https://lol.fandom.com/wiki/Special:Redirect/file/Striking_Viperslogo_profile.png
lp_team_487189,Miami University,Miami University,leaguepedia_cargo,https://lol.fandom.com/wiki/Special:Redirect/page/487189,https://lol.fandom.com/wiki/Special:Redirect/file/Miami_Universitylogo_square.png
lp_team_487359,Saprissa Esports,Saprissa Esports,leaguepedia_cargo,https://lol.fandom.com/wiki/Special:Redirect/page/487359,https://lol.fandom.com/wiki/Special:Redirect/file/Saprissa_Esportslogo_square.png
lp_team_487414,Vandals Esports,Vandals Esports,leaguepedia_cargo,https://lol.fandom.com/wiki/Special:Redirect/page/487414,https://lol.fandom.com/wiki/Special:Redirect/file/Vandals_Esportslogo_square.png
lp_team_487517,LODIS,LODIS,leaguepedia_cargo,https://lol.fandom.com/wiki/Special:Redirect/page/487517,https://lol.fandom.com/wiki/Special:Redirect/file/LODIS_%28Polish_Team%29logo_square.png
lp_team_487540,FreePi,FreePi,leaguepedia_cargo,https://lol.fandom.com/wiki/Special:Redirect/page/487540,https://lol.fandom.com/wiki/Special:Redirect/file/FreePilogo_square.png
lp_team_487543,Pride ESCA Academy,Pride ESCA Academy,leaguepedia_cargo,https://lol.fandom.com/wiki/Special:Redirect/page/487543,https://lol.fandom.com/wiki/Special:Redirect/file/PRIDE_ESCA_Academylogo_square.png
lp_team_487544,Dom Spokojnej Starości,Dom Spokojnej Starości,leaguepedia_cargo,https://lol.fandom.com/wiki/Special:Redirect/page/487544,https://lol.fandom.com/wiki/Special:Redirect/file/Dom_Spokojnej_Staro%C5%9Bcilogo_square.png
lp_team_487619,Leviatan Esports Chile,Leviatan Esports Chile,leaguepedia_cargo,https://lol.fandom.com/wiki/Special:Redirect/page/487619,https://lol.fandom.com/wiki/Special:Redirect/file/Leviatan_Esportslogo_profile.png
lp_team_487811,Janus Vipers,Janus Vipers,leaguepedia_cargo,https://lol.fandom.com/wiki/Special:Redirect/page/487811,https://lol.fandom.com/wiki/Special:Redirect/file/Janus_Viperslogo_profile.png
lp_team_488020,Vexo eSports,Vexo eSports,leaguepedia_cargo,https://lol.fandom.com/wiki/Special:Redirect/page/488020,https://lol.fandom.com/wiki/Special:Redirect/file/Vexo_eSportslogo_square.png
lp_team_488040,RockTribeEsports,RockTribeEsports,leaguepedia_cargo,https://lol.fandom.com/wiki/Special:Redirect/page/488040,https://lol.fandom.com/wiki/Special:Redirect/file/RockTribeEsportslogo_square.png
lp_team_488085,Area of Effect Vice,Area of Effect Vice,leaguepedia_cargo,https://lol.fandom.com/wiki/Special:Redirect/page/488085,https://lol.fandom.com/wiki/Special:Redirect/file/Area_of_Effect_Vicelogo_square.png
lp_team_488171,Purdue University,Purdue University,leaguepedia_cargo,https://lol.fandom.com/wiki/Special:Redirect/page/488171,https://lol.fandom.com/wiki/Special:Redirect/file/Purdue_Universitylogo_square.png
lp_team_488373,Dare Black,Dare Black,leaguepedia_cargo,https://lol.fandom.com/wiki/Special:Redirect/page/488373,https://lol.fandom.com/wiki/Special:Redirect/file/Dare_Blacklogo_square.png
lp_team_488672,OQ,OQ,leaguepedia_cargo,https://lol.fandom.com/wiki/Special:Redirect/page/488672,https://lol.fandom.com/wiki/Special:Redirect/file/OQ_%28North_American_Team%29logo_square.png
lp_team_488746,ZennIT,ZennIT,leaguepedia_cargo,https://lol.fandom.com/wiki/Special:Redirect/page/488746,https://lol.fandom.com/wiki/Special:Redirect/file/ZennITlogo_square.png
lp_team_488754,KRC Genk Esports Talent Team,KRC Genk Esports Talent Team,leaguepedia_cargo,https://lol.fandom.com/wiki/Special:Redirect/page/488754,https://lol.fandom.com/wiki/Special:Redirect/file/KRC_Genk_Esports_Talent_Teamlogo_square.png
lp_team_488791,Labradoodle 9,Labradoodle 9,leaguepedia_cargo,https://lol.fandom.com/wiki/Special:Redirect/page/488791,https://lol.fandom.com/wiki/Special:Redirect/file/Labradoodle_9logo_square.png
lp_team_489045,Crest Gaming Act Academy,Crest Gaming Act Academy,leaguepedia_cargo,https://lol.fandom.com/wiki/Special:Redirect/page/489045,https://lol.fandom.com/wiki/Special:Redirect/file/Crest_Gaming_Actlogo_profile.png
lp_team_489076,TOOOLS esports,TOOOLS esports,leaguepedia_cargo,https://lol.fandom.com/wiki/Special:Redirect/page/489076,https://lol.fandom.com/wiki/Special:Redirect/file/TOOOLS_esportslogo_square.png
lp_team_489080,BlueWhites,BlueWhites,leaguepedia_cargo,https://lol.fandom.com/wiki/Special:Redirect/page/489080,https://lol.fandom.com/wiki/Special:Redirect/file/BlueWhiteslogo_square.png
lp_team_489094,LK Gaming,LK Gaming,leaguepedia_cargo,https://lol.fandom.com/wiki/Special:Redirect/page/489094,https://lol.fandom.com/wiki/Special:Redirect/file/LK_Gaminglogo_square.png
lp_team_489275,Synthetic Esports,Synthetic Esports,leaguepedia_cargo,https://lol.fandom.com/wiki/Special:Redirect/page/489275,https://lol.fandom.com/wiki/Special:Redirect/file/Synthetic_Esportslogo_square.png
lp_team_489281,Mercenaries,Mercenaries,leaguepedia_cargo,https://lol.fandom.com/wiki/Special:Redirect/page/489281,https://lol.fandom.com/wiki/Special:Redirect/file/Mercenarieslogo_square.png
lp_team_489288,Area of Effect Need Her,Area of Effect Need Her,leaguepedia_cargo,https://lol.fandom.com/wiki/Special:Redirect/page/489288,https://lol.fandom.com/wiki/Special:Redirect/file/Area_of_Effect_Need_Herlogo_square.png
lp_team_489454,Lanomania,Lanomania,leaguepedia_cargo,https://lol.fandom.com/wiki/Special:Redirect/page/489454,https://lol.fandom.com/wiki/Special:Redirect/file/Lanomanialogo_square.png
lp_team_489783,NOX Esports,NOX Esports,leaguepedia_cargo,https://lol.fandom.com/wiki/Special:Redirect/page/489783,https://lol.fandom.com/wiki/Special:Redirect/file/NOX_Esportslogo_square.png
lp_team_489896,Rich Gang,Rich Gang,leaguepedia_cargo,https://lol.fandom.com/wiki/Special:Redirect/page/489896,https://lol.fandom.com/wiki/Special:Redirect/file/Rich_Gang_%28Norwegian_Team%29logo_profile.png
lp_team_489921,Protecting Guardians,Protecting Guardians,leaguepedia_cargo,https://lol.fandom.com/wiki/Special:Redirect/page/489921,https://lol.fandom.com/wiki/Special:Redirect/file/Protecting_Guardianslogo_square.png
lp_team_489971,Converse University,Converse University,leaguepedia_cargo,https://lol.fandom.com/wiki/Special:Redirect/page/489971,https://lol.fandom.com/wiki/Special:Redirect/file/Converse_Universitylogo_profile.png
lp_team_490320,V3 Esports Youth,V3 Esports Youth,leaguepedia_cargo,https://lol.fandom.com/wiki/Special:Redirect/page/490320,https://lol.fandom.com/wiki/Special:Redirect/file/V3_Esportslogo_profile.png
lp_team_490416,Phlox Gaming,Phlox Gaming,leaguepedia_cargo,https://lol.fandom.com/wiki/Special:Redirect/page/490416,https://lol.fandom.com/wiki/Special:Redirect/file/Phlox_Gaminglogo_square.png
lp_team_490526,Purdue University Northwest,Purdue University Northwest,leaguepedia_cargo,https://lol.fandom.com/wiki/Special:Redirect/page/490526,https://lol.fandom.com/wiki/Special:Redirect/file/Purdue_University_Northwestlogo_square.png
lp_team_490882,Excess Success,Excess Success,leaguepedia_cargo,https://lol.fandom.com/wiki/Special:Redirect/page/490882,https://lol.fandom.com/wiki/Special:Redirect/file/Excess_Successlogo_square.png
lp_team_491149,APOLLO GAMING,APOLLO GAMING,leaguepedia_cargo,https://lol.fandom.com/wiki/Special:Redirect/page/491149,https://lol.fandom.com/wiki/Special:Redirect/file/APOLLO_GAMINGlogo_profile.png
lp_team_492575,Mortality eSports,Mortality eSports,leaguepedia_cargo,https://lol.fandom.com/wiki/Special:Redirect/page/492575,https://lol.fandom.com/wiki/Special:Redirect/file/Mortality_eSportslogo_square.png
lp_team_492580,Parabellum Esports,Parabellum Esports,leaguepedia_cargo,https://lol.fandom.com/wiki/Special:Redirect/page/492580,https://lol.fandom.com/wiki/Special:Redirect/file/Parabellum_Esportslogo_square.png
lp_team_492591,Fox B,Fox B,leaguepedia_cargo,https://lol.fandom.com/wiki/Special:Redirect/page/492591,https://lol.fandom.com/wiki/Special:Redirect/file/Fox_Blogo_square.png
lp_team_492606,ROX COOL,ROX COOL,leaguepedia_cargo,https://lol.fandom.com/wiki/Special:Redirect/page/492606,https://lol.fandom.com/wiki/Special:Redirect/file/ROX_COOLlogo_square.png
lp_team_492656,False Facade Gaming,False Facade Gaming,leaguepedia_cargo,https://lol.fandom.com/wiki/Special:Redirect/page/492656,https://lol.fandom.com/wiki/Special:Redirect/file/False_Facade_Gaminglogo_square.png
lp_team_492947,Ninjas in Pyjamas,Ninjas in Pyjamas,leaguepedia_cargo,https://lol.fandom.com/wiki/Special:Redirect/page/492947,https://lol.fandom.com/wiki/Special:Redirect/file/Ninjas_in_Pyjamas.CNlogo_profile.png
lp_team_493001,Genius Esports,Genius Esports,leaguepedia_cargo,https://lol.fandom.com/wiki/Special:Redirect/page/493001,https://lol.fandom.com/wiki/Special:Redirect/file/Genius_Esportslogo_profile.png
lp_team_493137,Team Curse Europe,Team Curse Europe,leaguepedia_cargo,https://lol.fandom.com/wiki/Special:Redirect/page/493137,https://lol.fandom.com/wiki/Special:Redirect/file/Team_Curse_Europelogo_square.png
lp_team_493788,Sengoku Gaming Academy,Sengoku Gaming Academy,leaguepedia_cargo,https://lol.fandom.com/wiki/Special:Redirect/page/493788,https://lol.fandom.com/wiki/Special:Redirect/file/Sengoku_Gaminglogo_profile.png
lp_team_493905,EAS Team ESCA Gaming,EAS Team ESCA Gaming,leaguepedia_cargo,https://lol.fandom.com/wiki/Special:Redirect/page/493905,https://lol.fandom.com/wiki/Special:Redirect/file/EAS_Team_ESCA_Gaminglogo_square.png
lp_team_494269,AXIZ Academy,AXIZ Academy,leaguepedia_cargo,https://lol.fandom.com/wiki/Special:Redirect/page/494269,https://lol.fandom.com/wiki/Special:Redirect/file/AXIZlogo_square.png
lp_team_494492,Supay Gaming,Supay Gaming,leaguepedia_cargo,https://lol.fandom.com/wiki/Special:Redirect/page/494492,https://lol.fandom.com/wiki/Special:Redirect/file/Supay_Gaminglogo_square.png
lp_team_494561,Aquinas College,Aquinas College,leaguepedia_cargo,https://lol.fandom.com/wiki/Special:Redirect/page/494561,https://lol.fandom.com/wiki/Special:Redirect/file/Aquinas_Collegelogo_square.png
lp_team_494674,V3 Esports Academy,V3 Esports Academy,leaguepedia_cargo,https://lol.fandom.com/wiki/Special:Redirect/page/494674,https://lol.fandom.com/wiki/Special:Redirect/file/V3_Esports_Academylogo_square.png
lp_team_494798,DetonatioN FocusMe Academy,DetonatioN FocusMe Academy,leaguepedia_cargo,https://lol.fandom.com/wiki/Special:Redirect/page/494798,https://lol.fandom.com/wiki/Special:Redirect/file/DetonatioN_FocusMelogo_profile.png
lp_team_494831,Shadow Corp,Shadow Corp,leaguepedia_cargo,https://lol.fandom.com/wiki/Special:Redirect/page/494831,https://lol.fandom.com/wiki/Special:Redirect/file/Shadow_Corplogo_square.png
lp_team_494858,Shadow Dreamer,Shadow Dreamer,leaguepedia_cargo,https://lol.fandom.com/wiki/Special:Redirect/page/494858,https://lol.fandom.com/wiki/Special:Redirect/file/Shadow_Corplogo_square.png
lp_team_494859,Shadow LNG,Shadow LNG,leaguepedia_cargo,https://lol.fandom.com/wiki/Special:Redirect/page/494859,https://lol.fandom.com/wiki/Special:Redirect/file/Shadow_Corplogo_square.png
lp_team_494863,Shadow ELG,Shadow ELG,leaguepedia_cargo,https://lol.fandom.com/wiki/Special:Redirect/page/494863,https://lol.fandom.com/wiki/Special:Redirect/file/Shadow_Corplogo_square.png
lp_team_494864,Shadow Battlica,Shadow Battlica,leaguepedia_cargo,https://lol.fandom.com/wiki/Special:Redirect/page/494864,https://lol.fandom.com/wiki/Special:Redirect/file/Shadow_Corplogo_square.png
lp_team_494865,Shadow Boxing,Shadow Boxing,leaguepedia_cargo,https://lol.fandom.com/wiki/Special:Redirect/page/494865,https://lol.fandom.com/wiki/Special:Redirect/file/Shadow_Corplogo_square.png
lp_team_494866,Shadow SF,Shadow SF,leaguepedia_cargo,https://lol.fandom.com/wiki/Special:Redirect/page/494866,https://lol.fandom.com/wiki/Special:Redirect/file/Shadow_Corplogo_square.png
lp_team_494867,Shadow Battlica Y,Shadow Battlica Y,leaguepedia_cargo,https://lol.fandom.com/wiki/Special:Redirect/page/494867,https://lol.fandom.com/wiki/Special:Redirect/file/Shadow_Corplogo_square.png
lp_team_494876,Lost Esports,Lost Esports,leaguepedia_cargo,https://lol.fandom.com/wiki/Special:Redirect/page/494876,https://lol.fandom.com/wiki/Special:Redirect/file/Lost_Esportslogo_profile.png
lp_team_494891,Rascal Jester Academy,Rascal Jester Academy,leaguepedia_cargo,https://lol.fandom.com/wiki/Special:Redirect/page/494891,https://lol.fandom.com/wiki/Special:Redirect/file/Rascal_Jesterlogo_profile.png
lp_team_494996,Lachende Gerdas,Lachende Gerdas,leaguepedia_cargo,https://lol.fandom.com/wiki/Special:Redirect/page/494996,https://lol.fandom.com/wiki/Special:Redirect/file/Unknown_Infobox_Image_-_Team.png
lp_team_495010,Fukuoka Softbank HAWKS gaming Academy,Fukuoka Softbank HAWKS gaming Academy,leaguepedia_cargo,https://lol.fandom.com/wiki/Special:Redirect/page/495010,https://lol.fandom.com/wiki/Special:Redirect/file/Fukuoka_SoftBank_HAWKS_gaming_Academylogo_square.png
lp_team_500256,No Need Orga,No Need Orga,leaguepedia_cargo,https://lol.fandom.com/wiki/Special:Redirect/page/500256,https://lol.fandom.com/wiki/Special:Redirect/file/No_Need_Orgalogo_square.png
lp_team_584357,Geekay Esports,Geekay Esports,leaguepedia_cargo,https://lol.fandom.com/wiki/Special:Redirect/page/584357,https://lol.fandom.com/wiki/Special:Redirect/file/Geekay_Esportslogo_square.png
lp_team_592143,One Trick Production,One Trick Production,leaguepedia_cargo,https://lol.fandom.com/wiki/Special:Redirect/page/592143,https://lol.fandom.com/wiki/Special:Redirect/file/One_Trick_Productionlogo_square.png
lp_team_592170,Zephyr Esport Red,Zephyr Esport Red,leaguepedia_cargo,https://lol.fandom.com/wiki/Special:Redirect/page/592170,https://lol.fandom.com/wiki/Special:Redirect/file/Zephyr_Esport_Redlogo_square.png
lp_team_602635,HUYATV,HUYATV,leaguepedia_cargo,https://lol.fandom.com/wiki/Special:Redirect/page/602635,https://lol.fandom.com/wiki/Special:Redirect/file/HuyaTVlogo_square.png
lp_team_602739,Sprout,Sprout,leaguepedia_cargo,https://lol.fandom.com/wiki/Special:Redirect/page/602739,https://lol.fandom.com/wiki/Special:Redirect/file/Sprout_%28German_Team%29logo_profile.png
lp_team_603077,Bifrost White,Bifrost White,leaguepedia_cargo,https://lol.fandom.com/wiki/Special:Redirect/page/603077,https://lol.fandom.com/wiki/Special:Redirect/file/Bifrost_Whitelogo_square.png
lp_team_603198,00 Nation,00 Nation,leaguepedia_cargo,https://lol.fandom.com/wiki/Special:Redirect/page/603198,https://lol.fandom.com/wiki/Special:Redirect/file/00_Nationlogo_square.png
lp_team_603233,Shadow EK,Shadow EK,leaguepedia_cargo,https://lol.fandom.com/wiki/Special:Redirect/page/603233,https://lol.fandom.com/wiki/Special:Redirect/file/Shadow_Corplogo_square.png
lp_team_603619,Project Guardians,Project Guardians,leaguepedia_cargo,https://lol.fandom.com/wiki/Special:Redirect/page/603619,https://lol.fandom.com/wiki/Special:Redirect/file/Project_Guardianslogo_square.png
lp_team_603629,Game Coach Academy,Game Coach Academy,leaguepedia_cargo,https://lol.fandom.com/wiki/Special:Redirect/page/603629,https://lol.fandom.com/wiki/Special:Redirect/file/Game_Coach_Academylogo_square.png
lp_team_603870,Dplus Esports Academy,Dplus Esports Academy,leaguepedia_cargo,https://lol.fandom.com/wiki/Special:Redirect/page/603870,https://lol.fandom.com/wiki/Special:Redirect/file/Dplus_Esports_Academylogo_square.png
lp_team_603877,ELaB x EXP,ELaB x EXP,leaguepedia_cargo,https://lol.fandom.com/wiki/Special:Redirect/page/603877,https://lol.fandom.com/wiki/Special:Redirect/file/ELaB_x_EXPlogo_square.png
lp_team_604001,Pampas,Pampas,leaguepedia_cargo,https://lol.fandom.com/wiki/Special:Redirect/page/604001,https://lol.fandom.com/wiki/Special:Redirect/file/Pampaslogo_square.png
lp_team_604038,Team Occupy,Team Occupy,leaguepedia_cargo,https://lol.fandom.com/wiki/Special:Redirect/page/604038,https://lol.fandom.com/wiki/Special:Redirect/file/Team_Occupylogo_square.png
lp_team_604400,Enix Esports,Enix Esports,leaguepedia_cargo,https://lol.fandom.com/wiki/Special:Redirect/page/604400,https://lol.fandom.com/wiki/Special:Redirect/file/Enix_Esportslogo_profile.png
lp_team_604464,Shadow New,Shadow New,leaguepedia_cargo,https://lol.fandom.com/wiki/Special:Redirect/page/604464,https://lol.fandom.com/wiki/Special:Redirect/file/Shadow_Corplogo_square.png
lp_team_604522,Twareg Esports,Twareg Esports,leaguepedia_cargo,https://lol.fandom.com/wiki/Special:Redirect/page/604522,https://lol.fandom.com/wiki/Special:Redirect/file/Twareg_Esportslogo_square.png
lp_team_605221,Area of Effect Not Zoos,Area of Effect Not Zoos,leaguepedia_cargo,https://lol.fandom.com/wiki/Special:Redirect/page/605221,https://lol.fandom.com/wiki/Special:Redirect/file/Area_of_Effect_Not_Zooslogo_square.png
lp_team_605227,Area of Effect Cope,Area of Effect Cope,leaguepedia_cargo,https://lol.fandom.com/wiki/Special:Redirect/page/605227,https://lol.fandom.com/wiki/Special:Redirect/file/Area_of_Effect_Copelogo_square.png
lp_team_605228,Area of Effect Dinka LFGF,Area of Effect Dinka LFGF,leaguepedia_cargo,https://lol.fandom.com/wiki/Special:Redirect/page/605228,https://lol.fandom.com/wiki/Special:Redirect/file/Area_of_Effect_Dinka_LFGFlogo_square.png
lp_team_605948,Team Ambition,Team Ambition,leaguepedia_cargo,https://lol.fandom.com/wiki/Special:Redirect/page/605948,https://lol.fandom.com/wiki/Special:Redirect/file/Team_Ambitionlogo_square.png
lp_team_606046,Cosmic Vipers,Cosmic Vipers,leaguepedia_cargo,https://lol.fandom.com/wiki/Special:Redirect/page/606046,https://lol.fandom.com/wiki/Special:Redirect/file/Cosmic_Viperslogo_profile.png
lp_team_607253,Atleta Esport,Atleta Esport,leaguepedia_cargo,https://lol.fandom.com/wiki/Special:Redirect/page/607253,https://lol.fandom.com/wiki/Special:Redirect/file/Atleta_Esportlogo_square.png
lp_team_607315,Anorthosis Famagusta Esports Revolution,Anorthosis Famagusta Esports Revolution,leaguepedia_cargo,https://lol.fandom.com/wiki/Special:Redirect/page/607315,https://lol.fandom.com/wiki/Special:Redirect/file/Anorthosis_Famagusta_Esports_Revolutionlogo_square.png
lp_team_607364,University of Michigan,University of Michigan,leaguepedia_cargo,https://lol.fandom.com/wiki/Special:Redirect/page/607364,https://lol.fandom.com/wiki/Special:Redirect/file/University_of_Michiganlogo_square.png
lp_team_607675,Shadow fOu,Shadow fOu,leaguepedia_cargo,https://lol.fandom.com/wiki/Special:Redirect/page/607675,https://lol.fandom.com/wiki/Special:Redirect/file/Shadow_Corplogo_square.png
lp_team_607719,ZETA,ZETA,leaguepedia_cargo,https://lol.fandom.com/wiki/Special:Redirect/page/607719,https://lol.fandom.com/wiki/Special:Redirect/file/ZETAlogo_square.png
lp_team_609788,HEET,HEET,leaguepedia_cargo,https://lol.fandom.com/wiki/Special:Redirect/page/609788,https://lol.fandom.com/wiki/Special:Redirect/file/HEETlogo_profile.png
lp_team_609941,Cryptova,Cryptova,leaguepedia_cargo,https://lol.fandom.com/wiki/Special:Redirect/page/609941,https://lol.fandom.com/wiki/Special:Redirect/file/Cryptovalogo_square.png
lp_team_610454,Inaequalis Academy,Inaequalis Academy,leaguepedia_cargo,https://lol.fandom.com/wiki/Special:Redirect/page/610454,https://lol.fandom.com/wiki/Special:Redirect/file/Inaequalis_Academylogo_square.png
lp_team_610483,Gifted Gaming,Gifted Gaming,leaguepedia_cargo,https://lol.fandom.com/wiki/Special:Redirect/page/610483,https://lol.fandom.com/wiki/Special:Redirect/file/Gifted_Gaminglogo_square.png
lp_team_610519,Rulers Esports,Rulers Esports,leaguepedia_cargo,https://lol.fandom.com/wiki/Special:Redirect/page/610519,https://lol.fandom.com/wiki/Special:Redirect/file/Rulers_Esportslogo_square.png
lp_team_610742,Guasones,Guasones,leaguepedia_cargo,https://lol.fandom.com/wiki/Special:Redirect/page/610742,https://lol.fandom.com/wiki/Special:Redirect/file/Guasoneslogo_profile.png
lp_team_610759,Falcons,Falcons,leaguepedia_cargo,https://lol.fandom.com/wiki/Special:Redirect/page/610759,https://lol.fandom.com/wiki/Special:Redirect/file/Falcons_%28Spanish_Team%29logo_square.png
lp_team_610768,Case Esports,Case Esports,leaguepedia_cargo,https://lol.fandom.com/wiki/Special:Redirect/page/610768,https://lol.fandom.com/wiki/Special:Redirect/file/Case_Esportslogo_square.png
lp_team_610773,Rebels Gaming,Rebels Gaming,leaguepedia_cargo,https://lol.fandom.com/wiki/Special:Redirect/page/610773,https://lol.fandom.com/wiki/Special:Redirect/file/Rebels_Gaminglogo_profile.png
lp_team_610854,Zenigma,Zenigma,leaguepedia_cargo,https://lol.fandom.com/wiki/Special:Redirect/page/610854,https://lol.fandom.com/wiki/Special:Redirect/file/Zenigmalogo_square.png
lp_team_610865,Cosmic Wolf Esports,Cosmic Wolf Esports,leaguepedia_cargo,https://lol.fandom.com/wiki/Special:Redirect/page/610865,https://lol.fandom.com/wiki/Special:Redirect/file/Cosmic_Wolf_Esportslogo_square.png
lp_team_610866,Area of Effect Dream,Area of Effect Dream,leaguepedia_cargo,https://lol.fandom.com/wiki/Special:Redirect/page/610866,https://lol.fandom.com/wiki/Special:Redirect/file/Area_of_Effect_Dreamlogo_square.png
lp_team_611456,BISONS ECLUB,BISONS ECLUB,leaguepedia_cargo,https://lol.fandom.com/wiki/Special:Redirect/page/611456,https://lol.fandom.com/wiki/Special:Redirect/file/BISONS_ECLUBlogo_profile.png
lp_team_611737,Fløng Esports Elite,Fløng Esports Elite,leaguepedia_cargo,https://lol.fandom.com/wiki/Special:Redirect/page/611737,https://lol.fandom.com/wiki/Special:Redirect/file/Fl%C3%B8ng_Esports_Elitelogo_square.png
lp_team_611799,FROM ZERO TO HERO,FROM ZERO TO HERO,leaguepedia_cargo,https://lol.fandom.com/wiki/Special:Redirect/page/611799,https://lol.fandom.com/wiki/Special:Redirect/file/FROM_ZERO_TO_HEROlogo_square.png
lp_team_611807,Flama Esports,Flama Esports,leaguepedia_cargo,https://lol.fandom.com/wiki/Special:Redirect/page/611807,https://lol.fandom.com/wiki/Special:Redirect/file/Flama_Esportslogo_square.png
lp_team_611885,Verdant,Verdant,leaguepedia_cargo,https://lol.fandom.com/wiki/Special:Redirect/page/611885,https://lol.fandom.com/wiki/Special:Redirect/file/Verdantlogo_profile.png
lp_team_612409,Barça eSports,Barça eSports,leaguepedia_cargo,https://lol.fandom.com/wiki/Special:Redirect/page/612409,https://lol.fandom.com/wiki/Special:Redirect/file/Bar%C3%A7a_eSportslogo_square.png
lp_team_612797,AaB Esport,AaB Esport,leaguepedia_cargo,https://lol.fandom.com/wiki/Special:Redirect/page/612797,https://lol.fandom.com/wiki/Special:Redirect/file/AaB_Esportlogo_profile.png
lp_team_612831,Eintracht Spandau,Eintracht Spandau,leaguepedia_cargo,https://lol.fandom.com/wiki/Special:Redirect/page/612831,https://lol.fandom.com/wiki/Special:Redirect/file/Eintracht_Spandaulogo_square.png
lp_team_613051,Void Esports Fear,Void Esports Fear,leaguepedia_cargo,https://lol.fandom.com/wiki/Special:Redirect/page/613051,https://lol.fandom.com/wiki/Special:Redirect/file/Void_Esports_Fearlogo_square.png
lp_team_613201,SEM9,SEM9,leaguepedia_cargo,https://lol.fandom.com/wiki/Special:Redirect/page/613201,https://lol.fandom.com/wiki/Special:Redirect/file/SEM9logo_profile.png
lp_team_613838,Kanga Esports,Kanga Esports,leaguepedia_cargo,https://lol.fandom.com/wiki/Special:Redirect/page/613838,https://lol.fandom.com/wiki/Special:Redirect/file/Kanga_Esportslogo_profile.png
lp_team_613848,Weibo Gaming,Weibo Gaming,leaguepedia_cargo,https://lol.fandom.com/wiki/Special:Redirect/page/613848,https://lol.fandom.com/wiki/Special:Redirect/file/Weibo_Gaminglogo_profile.png
lp_team_613855,REC by Shadow,REC by Shadow,leaguepedia_cargo,https://lol.fandom.com/wiki/Special:Redirect/page/613855,https://lol.fandom.com/wiki/Special:Redirect/file/REC_by_Shadowlogo_square.png
lp_team_616395,Spectacled Bears,Spectacled Bears,leaguepedia_cargo,https://lol.fandom.com/wiki/Special:Redirect/page/616395,https://lol.fandom.com/wiki/Special:Redirect/file/Spectacled_Bearslogo_square.png
lp_team_616491,00 Prospects,00 Prospects,leaguepedia_cargo,https://lol.fandom.com/wiki/Special:Redirect/page/616491,https://lol.fandom.com/wiki/Special:Redirect/file/00_Prospectslogo_square.png
lp_team_618193,Joblife,Joblife,leaguepedia_cargo,https://lol.fandom.com/wiki/Special:Redirect/page/618193,https://lol.fandom.com/wiki/Special:Redirect/file/Joblifelogo_profile.png
lp_team_618203,Mirage Elyandra,Mirage Elyandra,leaguepedia_cargo,https://lol.fandom.com/wiki/Special:Redirect/page/618203,https://lol.fandom.com/wiki/Special:Redirect/file/Mirage_Elyandralogo_profile.png
lp_team_618217,Atheris Esports,Atheris Esports,leaguepedia_cargo,https://lol.fandom.com/wiki/Special:Redirect/page/618217,https://lol.fandom.com/wiki/Special:Redirect/file/Atheris_Esportslogo_profile.png
lp_team_618460,Anyone's Legend,Anyone's Legend,leaguepedia_cargo,https://lol.fandom.com/wiki/Special:Redirect/page/618460,https://lol.fandom.com/wiki/Special:Redirect/file/Anyone%27s_Legendlogo_profile.png
lp_team_618482,Ramo Awake Gaming,Ramo Awake Gaming,leaguepedia_cargo,https://lol.fandom.com/wiki/Special:Redirect/page/618482,https://lol.fandom.com/wiki/Special:Redirect/file/Ramo_Awake_Gaminglogo_profile.png
lp_team_618619,Shadow Zero,Shadow Zero,leaguepedia_cargo,https://lol.fandom.com/wiki/Special:Redirect/page/618619,https://lol.fandom.com/wiki/Special:Redirect/file/Shadow_Corplogo_square.png
lp_team_618913,EFS,EFS,leaguepedia_cargo,https://lol.fandom.com/wiki/Special:Redirect/page/618913,https://lol.fandom.com/wiki/Special:Redirect/file/EFSlogo_profile.png
lp_team_619051,Entropiq,Entropiq,leaguepedia_cargo,https://lol.fandom.com/wiki/Special:Redirect/page/619051,https://lol.fandom.com/wiki/Special:Redirect/file/Entropiqlogo_profile.png
lp_team_622425,Ohio Northern University,Ohio Northern University,leaguepedia_cargo,https://lol.fandom.com/wiki/Special:Redirect/page/622425,https://lol.fandom.com/wiki/Special:Redirect/file/Ohio_Northern_Universitylogo_square.png
lp_team_622630,Diamant Esports,Diamant Esports,leaguepedia_cargo,https://lol.fandom.com/wiki/Special:Redirect/page/622630,https://lol.fandom.com/wiki/Special:Redirect/file/Diamant_Esportslogo_profile.png
lp_team_622877,Cyber Wolves,Cyber Wolves,leaguepedia_cargo,https://lol.fandom.com/wiki/Special:Redirect/page/622877,https://lol.fandom.com/wiki/Special:Redirect/file/Cyber_Wolveslogo_profile.png
lp_team_623013,Nigma Galaxy MENA,Nigma Galaxy MENA,leaguepedia_cargo,https://lol.fandom.com/wiki/Special:Redirect/page/623013,https://lol.fandom.com/wiki/Special:Redirect/file/Nigma_Galaxylogo_profile.png
lp_team_623014,Nigma Galaxy,Nigma Galaxy,leaguepedia_cargo,https://lol.fandom.com/wiki/Special:Redirect/page/623014,https://lol.fandom.com/wiki/Special:Redirect/file/Nigma_Galaxylogo_profile.png
lp_team_623187,Weibo Gaming Youth Team,Weibo Gaming Youth Team,leaguepedia_cargo,https://lol.fandom.com/wiki/Special:Redirect/page/623187,https://lol.fandom.com/wiki/Special:Redirect/file/Weibo_Gaming_Youth_Teamlogo_profile.png
lp_team_623285,Lille Esport,Lille Esport,leaguepedia_cargo,https://lol.fandom.com/wiki/Special:Redirect/page/623285,https://lol.fandom.com/wiki/Special:Redirect/file/Lille_Esportlogo_square.png
lp_team_629744,Stars,Stars,leaguepedia_cargo,https://lol.fandom.com/wiki/Special:Redirect/page/629744,https://lol.fandom.com/wiki/Special:Redirect/file/Stars_%28LCF_Team%29logo_square.png
lp_team_629794,AYM Esports,AYM Esports,leaguepedia_cargo,https://lol.fandom.com/wiki/Special:Redirect/page/629794,https://lol.fandom.com/wiki/Special:Redirect/file/AYM_Esportslogo_profile.png
lp_team_629818,Forsaken,Forsaken,leaguepedia_cargo,https://lol.fandom.com/wiki/Special:Redirect/page/629818,https://lol.fandom.com/wiki/Special:Redirect/file/Forsaken_%28Polish_Team%29logo_square.png
lp_team_629850,KOI,KOI,leaguepedia_cargo,https://lol.fandom.com/wiki/Special:Redirect/page/629850,https://lol.fandom.com/wiki/Special:Redirect/file/KOI_%28Spanish_Team%29logo_square.png
lp_team_633308,Liberty,Liberty,leaguepedia_cargo,https://lol.fandom.com/wiki/Special:Redirect/page/633308,https://lol.fandom.com/wiki/Special:Redirect/file/Libertylogo_profile.png
lp_team_633680,Liberty Academy,Liberty Academy,leaguepedia_cargo,https://lol.fandom.com/wiki/Special:Redirect/page/633680,https://lol.fandom.com/wiki/Special:Redirect/file/Liberty_Academylogo_square.png
lp_team_650586,Anyone's Legend.Young,Anyone's Legend.Young,leaguepedia_cargo,https://lol.fandom.com/wiki/Special:Redirect/page/650586,https://lol.fandom.com/wiki/Special:Redirect/file/Anyone%27s_Legend.Younglogo_profile.png
lp_team_650624,Qing Jiu E-sport Club,Qing Jiu E-sport Club,leaguepedia_cargo,https://lol.fandom.com/wiki/Special:Redirect/page/650624,https://lol.fandom.com/wiki/Special:Redirect/file/Qing_Jiu_E-sport_Clublogo_profile.png
lp_team_650770,Zylant Esports,Zylant Esports,leaguepedia_cargo,https://lol.fandom.com/wiki/Special:Redirect/page/650770,https://lol.fandom.com/wiki/Special:Redirect/file/Zylant_Esportslogo_profile.png
lp_team_650776,Tomorrow Esports,Tomorrow Esports,leaguepedia_cargo,https://lol.fandom.com/wiki/Special:Redirect/page/650776,https://lol.fandom.com/wiki/Special:Redirect/file/Tomorrow_Esportslogo_profile.png
lp_team_650784,PÊEK Gaming,PÊEK Gaming,leaguepedia_cargo,https://lol.fandom.com/wiki/Special:Redirect/page/650784,https://lol.fandom.com/wiki/Special:Redirect/file/P%C3%8AEK_Gaminglogo_profile.png
lp_team_651138,Trance's Tyrants,Trance's Tyrants,leaguepedia_cargo,https://lol.fandom.com/wiki/Special:Redirect/page/651138,https://lol.fandom.com/wiki/Special:Redirect/file/Trance%27s_Tyrantslogo_square.png
lp_team_651281,Team Revive,Team Revive,leaguepedia_cargo,https://lol.fandom.com/wiki/Special:Redirect/page/651281,https://lol.fandom.com/wiki/Special:Redirect/file/Team_Revivelogo_square.png
lp_team_651324,WeSports,WeSports,leaguepedia_cargo,https://lol.fandom.com/wiki/Special:Redirect/page/651324,https://lol.fandom.com/wiki/Special:Redirect/file/WeSportslogo_square.png
lp_team_651625,Gravity Elite,Gravity Elite,leaguepedia_cargo,https://lol.fandom.com/wiki/Special:Redirect/page/651625,https://lol.fandom.com/wiki/Special:Redirect/file/Gravity_Elitelogo_square.png
lp_team_655116,Maze Gaming,Maze Gaming,leaguepedia_cargo,https://lol.fandom.com/wiki/Special:Redirect/page/655116,https://lol.fandom.com/wiki/Special:Redirect/file/Maze_Gaminglogo_square.png
lp_team_655270,Wild Panthers Esports,Wild Panthers Esports,leaguepedia_cargo,https://lol.fandom.com/wiki/Special:Redirect/page/655270,https://lol.fandom.com/wiki/Special:Redirect/file/Wild_Panthers_Esportslogo_square.png
lp_team_655787,Hanoi Phoenix,Hanoi Phoenix,leaguepedia_cargo,https://lol.fandom.com/wiki/Special:Redirect/page/655787,https://lol.fandom.com/wiki/Special:Redirect/file/Hanoi_Phoenixlogo_square.png
lp_team_655812,Hooked Esports,Hooked Esports,leaguepedia_cargo,https://lol.fandom.com/wiki/Special:Redirect/page/655812,https://lol.fandom.com/wiki/Special:Redirect/file/Hooked_Esportslogo_square.png
lp_team_655874,Waia Snikt,Waia Snikt,leaguepedia_cargo,https://lol.fandom.com/wiki/Special:Redirect/page/655874,https://lol.fandom.com/wiki/Special:Redirect/file/Waia_Sniktlogo_square.png
lp_team_655965,TEAM ORANGE,TEAM ORANGE,leaguepedia_cargo,https://lol.fandom.com/wiki/Special:Redirect/page/655965,https://lol.fandom.com/wiki/Special:Redirect/file/TEAM_ORANGElogo_profile.png
lp_team_655990,Ottawa University,Ottawa University,leaguepedia_cargo,https://lol.fandom.com/wiki/Special:Redirect/page/655990,https://lol.fandom.com/wiki/Special:Redirect/file/Ottawa_Universitylogo_square.png
lp_team_656129,Fnatic TQ,Fnatic TQ,leaguepedia_cargo,https://lol.fandom.com/wiki/Special:Redirect/page/656129,https://lol.fandom.com/wiki/Special:Redirect/file/Fnatic_TQlogo_square.png
lp_team_656170,Club Deportivo Municipal,Club Deportivo Municipal,leaguepedia_cargo,https://lol.fandom.com/wiki/Special:Redirect/page/656170,https://lol.fandom.com/wiki/Special:Redirect/file/Club_Deportivo_Municipallogo_square.png
lp_team_656217,Herbalife Real Betis,Herbalife Real Betis,leaguepedia_cargo,https://lol.fandom.com/wiki/Special:Redirect/page/656217,https://lol.fandom.com/wiki/Special:Redirect/file/Herbalife_Real_Betislogo_square.png
lp_team_656549,Black Panthers eSports,Black Panthers eSports,leaguepedia_cargo,https://lol.fandom.com/wiki/Special:Redirect/page/656549,https://lol.fandom.com/wiki/Special:Redirect/file/Black_Panthers_eSportslogo_square.png
lp_team_656838,Taco Gaming,Taco Gaming,leaguepedia_cargo,https://lol.fandom.com/wiki/Special:Redirect/page/656838,https://lol.fandom.com/wiki/Special:Redirect/file/Taco_Gaminglogo_square.png
lp_team_657037,Angry Bats,Angry Bats,leaguepedia_cargo,https://lol.fandom.com/wiki/Special:Redirect/page/657037,https://lol.fandom.com/wiki/Special:Redirect/file/Angry_Batslogo_square.png
lp_team_657054,GRP Esports,GRP Esports,leaguepedia_cargo,https://lol.fandom.com/wiki/Special:Redirect/page/657054,https://lol.fandom.com/wiki/Special:Redirect/file/GRP_Esportslogo_square.png
lp_team_657196,beGenius ESC,beGenius ESC,leaguepedia_cargo,https://lol.fandom.com/wiki/Special:Redirect/page/657196,https://lol.fandom.com/wiki/Special:Redirect/file/BeGenius_ESClogo_profile.png
lp_team_657366,GC Busan (2020 Korean Team),GC Busan (2020 Korean Team),leaguepedia_cargo,https://lol.fandom.com/wiki/Special:Redirect/page/657366,https://lol.fandom.com/wiki/Special:Redirect/file/GC_Busan_%282020_Korean_Team%29logo_square.png
lp_team_657466,KRÜ Esports,KRÜ Esports,leaguepedia_cargo,https://lol.fandom.com/wiki/Special:Redirect/page/657466,https://lol.fandom.com/wiki/Special:Redirect/file/KR%C3%9C_Esportslogo_square.png
lp_team_657527,P11 Esports,P11 Esports,leaguepedia_cargo,https://lol.fandom.com/wiki/Special:Redirect/page/657527,https://lol.fandom.com/wiki/Special:Redirect/file/P11_Esportslogo_square.png
lp_team_657570,Third Party,Third Party,leaguepedia_cargo,https://lol.fandom.com/wiki/Special:Redirect/page/657570,https://lol.fandom.com/wiki/Special:Redirect/file/Third_Partylogo_square.png
lp_team_657581,BK ROG Esports,BK ROG Esports,leaguepedia_cargo,https://lol.fandom.com/wiki/Special:Redirect/page/657581,https://lol.fandom.com/wiki/Special:Redirect/file/BK_ROG_Esportslogo_square.png
lp_team_657771,Maroon Bells,Maroon Bells,leaguepedia_cargo,https://lol.fandom.com/wiki/Special:Redirect/page/657771,https://lol.fandom.com/wiki/Special:Redirect/file/Maroon_Bellslogo_profile.png
lp_team_657816,Immortals Area of Effect,Immortals Area of Effect,leaguepedia_cargo,https://lol.fandom.com/wiki/Special:Redirect/page/657816,https://lol.fandom.com/wiki/Special:Redirect/file/Immortals_Area_of_Effectlogo_square.png
lp_team_657963,No Team,No Team,leaguepedia_cargo,https://lol.fandom.com/wiki/Special:Redirect/page/657963,https://lol.fandom.com/wiki/Special:Redirect/file/No_Teamlogo_square.png
lp_team_658003,Verity Esports,Verity Esports,leaguepedia_cargo,https://lol.fandom.com/wiki/Special:Redirect/page/658003,https://lol.fandom.com/wiki/Special:Redirect/file/Verity_Esportslogo_square.png
lp_team_658016,University of North America,University of North America,leaguepedia_cargo,https://lol.fandom.com/wiki/Special:Redirect/page/658016,https://lol.fandom.com/wiki/Special:Redirect/file/University_of_North_Americalogo_square.png
lp_team_658131,ThunderFlash,ThunderFlash,leaguepedia_cargo,https://lol.fandom.com/wiki/Special:Redirect/page/658131,https://lol.fandom.com/wiki/Special:Redirect/file/ThunderFlashlogo_square.png
lp_team_658416,Dinka Never Homeless Again,Dinka Never Homeless Again,leaguepedia_cargo,https://lol.fandom.com/wiki/Special:Redirect/page/658416,https://lol.fandom.com/wiki/Special:Redirect/file/Dinka_Never_Homeless_Againlogo_square.png
lp_team_658423,Nameless Randoms,Nameless Randoms,leaguepedia_cargo,https://lol.fandom.com/wiki/Special:Redirect/page/658423,https://lol.fandom.com/wiki/Special:Redirect/file/Nameless_Randomslogo_square.png
lp_team_658440,Wildcard Aces,Wildcard Aces,leaguepedia_cargo,https://lol.fandom.com/wiki/Special:Redirect/page/658440,https://lol.fandom.com/wiki/Special:Redirect/file/Wildcard_Aceslogo_square.png
lp_team_658457,Dare Gaming,Dare Gaming,leaguepedia_cargo,https://lol.fandom.com/wiki/Special:Redirect/page/658457,https://lol.fandom.com/wiki/Special:Redirect/file/Dare_Gaminglogo_square.png
lp_team_658521,Goose Gaming,Goose Gaming,leaguepedia_cargo,https://lol.fandom.com/wiki/Special:Redirect/page/658521,https://lol.fandom.com/wiki/Special:Redirect/file/Goose_Gaminglogo_square.png
lp_team_658602,Meme City Esports,Meme City Esports,leaguepedia_cargo,https://lol.fandom.com/wiki/Special:Redirect/page/658602,https://lol.fandom.com/wiki/Special:Redirect/file/Meme_City_Esportslogo_square.png
lp_team_658670,Et cetera,Et cetera,leaguepedia_cargo,https://lol.fandom.com/wiki/Special:Redirect/page/658670,https://lol.fandom.com/wiki/Special:Redirect/file/Et_ceteralogo_square.png
lp_team_659483,Internaziomale,Internaziomale,leaguepedia_cargo,https://lol.fandom.com/wiki/Special:Redirect/page/659483,https://lol.fandom.com/wiki/Special:Redirect/file/Internaziomalelogo_square.png
lp_team_660167,No Ace,No Ace,leaguepedia_cargo,https://lol.fandom.com/wiki/Special:Redirect/page/660167,https://lol.fandom.com/wiki/Special:Redirect/file/No_Acelogo_square.png
lp_team_660216,Yellow Stripes,Yellow Stripes,leaguepedia_cargo,https://lol.fandom.com/wiki/Special:Redirect/page/660216,https://lol.fandom.com/wiki/Special:Redirect/file/Yellow_Stripeslogo_square.png
lp_team_660574,Meta Gaming,Meta Gaming,leaguepedia_cargo,https://lol.fandom.com/wiki/Special:Redirect/page/660574,https://lol.fandom.com/wiki/Special:Redirect/file/Meta_Gaminglogo_square.png
lp_team_660716,Visual Perception,Visual Perception,leaguepedia_cargo,https://lol.fandom.com/wiki/Special:Redirect/page/660716,https://lol.fandom.com/wiki/Special:Redirect/file/Visual_Perceptionlogo_square.png
lp_team_660751,TEAM GR1,TEAM GR1,leaguepedia_cargo,https://lol.fandom.com/wiki/Special:Redirect/page/660751,https://lol.fandom.com/wiki/Special:Redirect/file/TEAM_GR1logo_square.png
lp_team_660911,King of Goats,King of Goats,leaguepedia_cargo,https://lol.fandom.com/wiki/Special:Redirect/page/660911,https://lol.fandom.com/wiki/Special:Redirect/file/King_of_Goatslogo_square.png
lp_team_660950,SOVEJA,SOVEJA,leaguepedia_cargo,https://lol.fandom.com/wiki/Special:Redirect/page/660950,https://lol.fandom.com/wiki/Special:Redirect/file/SOVEJAlogo_square.png
lp_team_661114,Mayan Esports,Mayan Esports,leaguepedia_cargo,https://lol.fandom.com/wiki/Special:Redirect/page/661114,https://lol.fandom.com/wiki/Special:Redirect/file/Mayan_Esportslogo_profile.png
lp_team_661451,DREN Esports,DREN Esports,leaguepedia_cargo,https://lol.fandom.com/wiki/Special:Redirect/page/661451,https://lol.fandom.com/wiki/Special:Redirect/file/DREN_Esportslogo_square.png
lp_team_662057,Atleta Esport Academy,Atleta Esport Academy,leaguepedia_cargo,https://lol.fandom.com/wiki/Special:Redirect/page/662057,https://lol.fandom.com/wiki/Special:Redirect/file/Atleta_Esport_Academylogo_square.png
lp_team_662248,RNL ROAR,RNL ROAR,leaguepedia_cargo,https://lol.fandom.com/wiki/Special:Redirect/page/662248,https://lol.fandom.com/wiki/Special:Redirect/file/RNL_ROARlogo_square.png
lp_team_662328,Zodiac Esports,Zodiac Esports,leaguepedia_cargo,https://lol.fandom.com/wiki/Special:Redirect/page/662328,https://lol.fandom.com/wiki/Special:Redirect/file/Zodiac_Esportslogo_square.png
lp_team_662389,Fantasy Gaming,Fantasy Gaming,leaguepedia_cargo,https://lol.fandom.com/wiki/Special:Redirect/page/662389,https://lol.fandom.com/wiki/Special:Redirect/file/Fantasy_Gaminglogo_square.png
lp_team_662497,Pertinax Esports,Pertinax Esports,leaguepedia_cargo,https://lol.fandom.com/wiki/Special:Redirect/page/662497,https://lol.fandom.com/wiki/Special:Redirect/file/Pertinax_Esportslogo_square.png
lp_team_662981,Odivelas Sports Club,Odivelas Sports Club,leaguepedia_cargo,https://lol.fandom.com/wiki/Special:Redirect/page/662981,https://lol.fandom.com/wiki/Special:Redirect/file/Odivelas_Sports_Clublogo_square.png
lp_team_663179,Mkers Academy,Mkers Academy,leaguepedia_cargo,https://lol.fandom.com/wiki/Special:Redirect/page/663179,https://lol.fandom.com/wiki/Special:Redirect/file/Mkers_Academylogo_square.png
lp_team_663289,Riddle NO,Riddle NO,leaguepedia_cargo,https://lol.fandom.com/wiki/Special:Redirect/page/663289,https://lol.fandom.com/wiki/Special:Redirect/file/Riddle_NOlogo_square.png
lp_team_666236,Hertha BSC eSport,Hertha BSC eSport,leaguepedia_cargo,https://lol.fandom.com/wiki/Special:Redirect/page/666236,https://lol.fandom.com/wiki/Special:Redirect/file/Hertha_BSC_eSportlogo_square.png
lp_team_666300,Xgame,Xgame,leaguepedia_cargo,https://lol.fandom.com/wiki/Special:Redirect/page/666300,https://lol.fandom.com/wiki/Special:Redirect/file/Xgamelogo_square.png
lp_team_666936,St. Clair College,St. Clair College,leaguepedia_cargo,https://lol.fandom.com/wiki/Special:Redirect/page/666936,https://lol.fandom.com/wiki/Special:Redirect/file/St._Clair_Collegelogo_square.png
lp_team_667146,Shadow IBJ,Shadow IBJ,leaguepedia_cargo,https://lol.fandom.com/wiki/Special:Redirect/page/667146,https://lol.fandom.com/wiki/Special:Redirect/file/Shadow_Corplogo_square.png
lp_team_667429,Red Rooster Team,Red Rooster Team,leaguepedia_cargo,https://lol.fandom.com/wiki/Special:Redirect/page/667429,https://lol.fandom.com/wiki/Special:Redirect/file/Red_Rooster_Teamlogo_square.png
lp_team_668611,ERKO Esports,ERKO Esports,leaguepedia_cargo,https://lol.fandom.com/wiki/Special:Redirect/page/668611,https://lol.fandom.com/wiki/Special:Redirect/file/ERKO_Esportslogo_square.png
lp_team_669573,Last Resistance,Last Resistance,leaguepedia_cargo,https://lol.fandom.com/wiki/Special:Redirect/page/669573,https://lol.fandom.com/wiki/Special:Redirect/file/Last_Resistancelogo_square.png
lp_team_669614,CTBC Flying Oyster,CTBC Flying Oyster,leaguepedia_cargo,https://lol.fandom.com/wiki/Special:Redirect/page/669614,https://lol.fandom.com/wiki/Special:Redirect/file/CTBC_Flying_Oysterlogo_square.png
lp_team_670294,Deep Cross Gaming,Deep Cross Gaming,leaguepedia_cargo,https://lol.fandom.com/wiki/Special:Redirect/page/670294,https://lol.fandom.com/wiki/Special:Redirect/file/Deep_Cross_Gaminglogo_profile.png
lp_team_670420,GnG Esports,GnG Esports,leaguepedia_cargo,https://lol.fandom.com/wiki/Special:Redirect/page/670420,https://lol.fandom.com/wiki/Special:Redirect/file/GnG_Esportslogo_square.png
lp_team_670460,eKoVy,eKoVy,leaguepedia_cargo,https://lol.fandom.com/wiki/Special:Redirect/page/670460,https://lol.fandom.com/wiki/Special:Redirect/file/EKoVylogo_square.png
lp_team_671413,Team Spirit,Team Spirit,leaguepedia_cargo,https://lol.fandom.com/wiki/Special:Redirect/page/671413,https://lol.fandom.com/wiki/Special:Redirect/file/Team_Spiritlogo_profile.png
lp_team_671423,LDN UTD Ice,LDN UTD Ice,leaguepedia_cargo,https://lol.fandom.com/wiki/Special:Redirect/page/671423,https://lol.fandom.com/wiki/Special:Redirect/file/LDN_UTD_Icelogo_square.png
lp_team_672299,University of South Florida,University of South Florida,leaguepedia_cargo,https://lol.fandom.com/wiki/Special:Redirect/page/672299,https://lol.fandom.com/wiki/Special:Redirect/file/University_of_South_Floridalogo_square.png
lp_team_672404,Oakland University,Oakland University,leaguepedia_cargo,https://lol.fandom.com/wiki/Special:Redirect/page/672404,https://lol.fandom.com/wiki/Special:Redirect/file/Oakland_Universitylogo_square.png
lp_team_672579,Northeastern University,Northeastern University,leaguepedia_cargo,https://lol.fandom.com/wiki/Special:Redirect/page/672579,https://lol.fandom.com/wiki/Special:Redirect/file/Northeastern_Universitylogo_square.png
lp_team_674026,RATE Gaming,RATE Gaming,leaguepedia_cargo,https://lol.fandom.com/wiki/Special:Redirect/page/674026,https://lol.fandom.com/wiki/Special:Redirect/file/RATE_Gaminglogo_square.png
lp_team_674178,Meta Falcon Team,Meta Falcon Team,leaguepedia_cargo,https://lol.fandom.com/wiki/Special:Redirect/page/674178,https://lol.fandom.com/wiki/Special:Redirect/file/Meta_Falcon_Teamlogo_square.png
lp_team_674648,Hurricane Gaming,Hurricane Gaming,leaguepedia_cargo,https://lol.fandom.com/wiki/Special:Redirect/page/674648,https://lol.fandom.com/wiki/Special:Redirect/file/Hurricane_Gaminglogo_profile.png
lp_team_674702,Frank Esports,Frank Esports,leaguepedia_cargo,https://lol.fandom.com/wiki/Special:Redirect/page/674702,https://lol.fandom.com/wiki/Special:Redirect/file/Frank_Esportslogo_profile.png
lp_team_675677,Crypto Esports.CIS,Crypto Esports.CIS,leaguepedia_cargo,https://lol.fandom.com/wiki/Special:Redirect/page/675677,https://lol.fandom.com/wiki/Special:Redirect/file/Crypto_Esports.CISlogo_profile.png
lp_team_675762,Crypto Esports,Crypto Esports,leaguepedia_cargo,https://lol.fandom.com/wiki/Special:Redirect/page/675762,https://lol.fandom.com/wiki/Special:Redirect/file/Crypto_Esportslogo_profile.png
lp_team_675851,Lourdes University,Lourdes University,leaguepedia_cargo,https://lol.fandom.com/wiki/Special:Redirect/page/675851,https://lol.fandom.com/wiki/Special:Redirect/file/Lourdes_Universitylogo_square.png
lp_team_676050,Future Perfect,Future Perfect,leaguepedia_cargo,https://lol.fandom.com/wiki/Special:Redirect/page/676050,https://lol.fandom.com/wiki/Special:Redirect/file/Future_Perfectlogo_square.png
lp_team_677540,Silver Wolves,Silver Wolves,leaguepedia_cargo,https://lol.fandom.com/wiki/Special:Redirect/page/677540,https://lol.fandom.com/wiki/Special:Redirect/file/Silver_Wolveslogo_profile.png
lp_team_677593,Bogged,Bogged,leaguepedia_cargo,https://lol.fandom.com/wiki/Special:Redirect/page/677593,https://lol.fandom.com/wiki/Special:Redirect/file/Boggedlogo_square.png
lp_team_677620,Winston King of Amateur,Winston King of Amateur,leaguepedia_cargo,https://lol.fandom.com/wiki/Special:Redirect/page/677620,https://lol.fandom.com/wiki/Special:Redirect/file/Winston_King_of_Amateurlogo_square.png
lp_team_677704,Ginger Turmeric,Ginger Turmeric,leaguepedia_cargo,https://lol.fandom.com/wiki/Special:Redirect/page/677704,https://lol.fandom.com/wiki/Special:Redirect/file/Ginger_Turmericlogo_square.png
lp_team_677723,University of Toronto Scarborough,University of Toronto Scarborough,leaguepedia_cargo,https://lol.fandom.com/wiki/Special:Redirect/page/677723,https://lol.fandom.com/wiki/Special:Redirect/file/University_of_Toronto_Scarboroughlogo_square.png
lp_team_677732,The Longest Yard,The Longest Yard,leaguepedia_cargo,https://lol.fandom.com/wiki/Special:Redirect/page/677732,https://lol.fandom.com/wiki/Special:Redirect/file/The_Longest_Yardlogo_square.png
lp_team_677779,No Name,No Name,leaguepedia_cargo,https://lol.fandom.com/wiki/Special:Redirect/page/677779,https://lol.fandom.com/wiki/Special:Redirect/file/No_Name_%28North_American_Team%29logo_square.png
lp_team_677798,Pandy Pandas,Pandy Pandas,leaguepedia_cargo,https://lol.fandom.com/wiki/Special:Redirect/page/677798,https://lol.fandom.com/wiki/Special:Redirect/file/Pandy_Pandaslogo_square.png
lp_team_677809,Connecting Esports,Connecting Esports,leaguepedia_cargo,https://lol.fandom.com/wiki/Special:Redirect/page/677809,https://lol.fandom.com/wiki/Special:Redirect/file/Connecting_Esportslogo_square.png
lp_team_677814,Connecting Esports LYVT,Connecting Esports LYVT,leaguepedia_cargo,https://lol.fandom.com/wiki/Special:Redirect/page/677814,https://lol.fandom.com/wiki/Special:Redirect/file/Connecting_Esports_LYVTlogo_square.png
lp_team_678774,Zenigma Eclipse,Zenigma Eclipse,leaguepedia_cargo,https://lol.fandom.com/wiki/Special:Redirect/page/678774,https://lol.fandom.com/wiki/Special:Redirect/file/Zenigma_Eclipselogo_square.png
lp_team_678849,Nameless Thieves,Nameless Thieves,leaguepedia_cargo,https://lol.fandom.com/wiki/Special:Redirect/page/678849,https://lol.fandom.com/wiki/Special:Redirect/file/Nameless_Thieveslogo_square.png
lp_team_678879,Mount Olympus,Mount Olympus,leaguepedia_cargo,https://lol.fandom.com/wiki/Special:Redirect/page/678879,https://lol.fandom.com/wiki/Special:Redirect/file/Mount_Olympuslogo_square.png
lp_team_679264,Shadow Deeplol,Shadow Deeplol,leaguepedia_cargo,https://lol.fandom.com/wiki/Special:Redirect/page/679264,https://lol.fandom.com/wiki/Special:Redirect/file/Shadow_Corplogo_square.png
lp_team_679689,Bis Esports,Bis Esports,leaguepedia_cargo,https://lol.fandom.com/wiki/Special:Redirect/page/679689,https://lol.fandom.com/wiki/Special:Redirect/file/Bis_Esportslogo_profile.png
lp_team_680061,Fanshawe College,Fanshawe College,leaguepedia_cargo,https://lol.fandom.com/wiki/Special:Redirect/page/680061,https://lol.fandom.com/wiki/Special:Redirect/file/Fanshawe_Collegelogo_square.png
lp_team_680329,Wolf Club Esports,Wolf Club Esports,leaguepedia_cargo,https://lol.fandom.com/wiki/Special:Redirect/page/680329,https://lol.fandom.com/wiki/Special:Redirect/file/Wolf_Club_Esportslogo_square.png
lp_team_680573,Shadowban,Shadowban,leaguepedia_cargo,https://lol.fandom.com/wiki/Special:Redirect/page/680573,https://lol.fandom.com/wiki/Special:Redirect/file/Shadowbanlogo_square.png
lp_team_681017,X7 Ascent,X7 Ascent,leaguepedia_cargo,https://lol.fandom.com/wiki/Special:Redirect/page/681017,https://lol.fandom.com/wiki/Special:Redirect/file/X7_Ascentlogo_square.png
lp_team_682766,Wulf Pack Esports,Wulf Pack Esports,leaguepedia_cargo,https://lol.fandom.com/wiki/Special:Redirect/page/682766,https://lol.fandom.com/wiki/Special:Redirect/file/Wulf_Packlogo_square.png
lp_team_683350,Oxygen Valiants,Oxygen Valiants,leaguepedia_cargo,https://lol.fandom.com/wiki/Special:Redirect/page/683350,https://lol.fandom.com/wiki/Special:Redirect/file/Oxygen_Valiantslogo_profile.png
lp_team_683924,Ramboot Club,Ramboot Club,leaguepedia_cargo,https://lol.fandom.com/wiki/Special:Redirect/page/683924,https://lol.fandom.com/wiki/Special:Redirect/file/Ramboot_Clublogo_square.png
lp_team_684054,Team Pique Sel,Team Pique Sel,leaguepedia_cargo,https://lol.fandom.com/wiki/Special:Redirect/page/684054,https://lol.fandom.com/wiki/Special:Redirect/file/Team_Pique_Sellogo_square.png
lp_team_684424,KV Mechelen Esports Strijders,KV Mechelen Esports Strijders,leaguepedia_cargo,https://lol.fandom.com/wiki/Special:Redirect/page/684424,https://lol.fandom.com/wiki/Special:Redirect/file/KV_Mechelen_Esports_Strijderslogo_square.png
lp_team_689817,AGEM,AGEM,leaguepedia_cargo,https://lol.fandom.com/wiki/Special:Redirect/page/689817,https://lol.fandom.com/wiki/Special:Redirect/file/Association_de_Gaming_et_d%27Esport_de_Monslogo_square.png
lp_team_689835,Zen Aïe Tea Refugees,Zen Aïe Tea Refugees,leaguepedia_cargo,https://lol.fandom.com/wiki/Special:Redirect/page/689835,https://lol.fandom.com/wiki/Special:Redirect/file/Zen_A%C3%AFe_Tea_Refugeeslogo_square.png
lp_team_691370,Shadow Anyche,Shadow Anyche,leaguepedia_cargo,https://lol.fandom.com/wiki/Special:Redirect/page/691370,https://lol.fandom.com/wiki/Special:Redirect/file/Shadow_Corplogo_square.png
lp_team_691484,Virginia Polytechnic Institute and State University,Virginia Polytechnic Institute and State University,leaguepedia_cargo,https://lol.fandom.com/wiki/Special:Redirect/page/691484,https://lol.fandom.com/wiki/Special:Redirect/file/Virginia_Polytechnic_Institute_and_State_Universitylogo_square.png
lp_team_691695,Aquatik Esports,Aquatik Esports,leaguepedia_cargo,https://lol.fandom.com/wiki/Special:Redirect/page/691695,https://lol.fandom.com/wiki/Special:Redirect/file/Aquatik_Esportslogo_square.png
lp_team_691983,Zenigma Solar,Zenigma Solar,leaguepedia_cargo,https://lol.fandom.com/wiki/Special:Redirect/page/691983,https://lol.fandom.com/wiki/Special:Redirect/file/Zenigma_Solarlogo_square.png
lp_team_693378,A One Man Army,A One Man Army,leaguepedia_cargo,https://lol.fandom.com/wiki/Special:Redirect/page/693378,https://lol.fandom.com/wiki/Special:Redirect/file/A_One_Man_Armylogo_square.png
lp_team_693410,PSG Talon Academy,PSG Talon Academy,leaguepedia_cargo,https://lol.fandom.com/wiki/Special:Redirect/page/693410,https://lol.fandom.com/wiki/Special:Redirect/file/PSG_Talon_Academylogo_square.png
lp_team_693878,Emperor Gaming,Emperor Gaming,leaguepedia_cargo,https://lol.fandom.com/wiki/Special:Redirect/page/693878,https://lol.fandom.com/wiki/Special:Redirect/file/Emperor_Gaminglogo_square.png
lp_team_695147,Umbra Collective,Umbra Collective,leaguepedia_cargo,https://lol.fandom.com/wiki/Special:Redirect/page/695147,https://lol.fandom.com/wiki/Special:Redirect/file/Umbra_Collectivelogo_square.png
lp_team_695185,Northern Lions Esports,Northern Lions Esports,leaguepedia_cargo,https://lol.fandom.com/wiki/Special:Redirect/page/695185,https://lol.fandom.com/wiki/Special:Redirect/file/Northern_Lions_Esportslogo_square.png
lp_team_695541,Nigma Galaxy,Nigma Galaxy,leaguepedia_cargo,https://lol.fandom.com/wiki/Special:Redirect/page/695541,https://lol.fandom.com/wiki/Special:Redirect/file/Nigma_Galaxylogo_profile.png
lp_team_698751,San Jose State University,San Jose State University,leaguepedia_cargo,https://lol.fandom.com/wiki/Special:Redirect/page/698751,https://lol.fandom.com/wiki/Special:Redirect/file/San_Jose_State_Universitylogo_square.png
lp_team_699445,Team du Sud,Team du Sud,leaguepedia_cargo,https://lol.fandom.com/wiki/Special:Redirect/page/699445,https://lol.fandom.com/wiki/Special:Redirect/file/Team_Du_Sudlogo_square.png
lp_team_699791,Partizan Esports,Partizan Esports,leaguepedia_cargo,https://lol.fandom.com/wiki/Special:Redirect/page/699791,https://lol.fandom.com/wiki/Special:Redirect/file/Partizan_Esportslogo_profile.png
lp_team_700373,Area of Effect Ginger Turmeric,Area of Effect Ginger Turmeric,leaguepedia_cargo,https://lol.fandom.com/wiki/Special:Redirect/page/700373,https://lol.fandom.com/wiki/Special:Redirect/file/Area_of_Effect_Ginger_Turmericlogo_square.png
lp_team_700769,ELROY Gaming,ELROY Gaming,leaguepedia_cargo,https://lol.fandom.com/wiki/Special:Redirect/page/700769,https://lol.fandom.com/wiki/Special:Redirect/file/ELROY_Gaminglogo_square.png
lp_team_701267,3D Revolution,3D Revolution,leaguepedia_cargo,https://lol.fandom.com/wiki/Special:Redirect/page/701267,https://lol.fandom.com/wiki/Special:Redirect/file/3D_Revolutionlogo_square.png
lp_team_701291,Pentagon Maze,Pentagon Maze,leaguepedia_cargo,https://lol.fandom.com/wiki/Special:Redirect/page/701291,https://lol.fandom.com/wiki/Special:Redirect/file/Pentagon_Mazelogo_square.png
lp_team_701437,SGA,SGA,leaguepedia_cargo,https://lol.fandom.com/wiki/Special:Redirect/page/701437,https://lol.fandom.com/wiki/Special:Redirect/file/SGA_%28Korean_Team%29logo_square.png
lp_team_701648,KIT SC SmartWe,KIT SC SmartWe,leaguepedia_cargo,https://lol.fandom.com/wiki/Special:Redirect/page/701648,https://lol.fandom.com/wiki/Special:Redirect/file/KIT_SC_SmartWelogo_square.png
lp_team_701662,All for One Gaming,All for One Gaming,leaguepedia_cargo,https://lol.fandom.com/wiki/Special:Redirect/page/701662,https://lol.fandom.com/wiki/Special:Redirect/file/All_for_One_Gaminglogo_profile.png
lp_team_701754,AS Esports,AS Esports,leaguepedia_cargo,https://lol.fandom.com/wiki/Special:Redirect/page/701754,https://lol.fandom.com/wiki/Special:Redirect/file/AS_Esportslogo_profile.png
lp_team_701810,Project Sinners,Project Sinners,leaguepedia_cargo,https://lol.fandom.com/wiki/Special:Redirect/page/701810,https://lol.fandom.com/wiki/Special:Redirect/file/Project_Sinnerslogo_square.png
lp_team_701829,Awesome,Awesome,leaguepedia_cargo,https://lol.fandom.com/wiki/Special:Redirect/page/701829,https://lol.fandom.com/wiki/Special:Redirect/file/Awesomelogo_square.png
lp_team_702037,Team GO,Team GO,leaguepedia_cargo,https://lol.fandom.com/wiki/Special:Redirect/page/702037,https://lol.fandom.com/wiki/Special:Redirect/file/Team_GOlogo_square.png
lp_team_702466,CLG Faith,CLG Faith,leaguepedia_cargo,https://lol.fandom.com/wiki/Special:Redirect/page/702466,https://lol.fandom.com/wiki/Special:Redirect/file/Counter_Logic_Gaminglogo_profile.png
lp_team_702590,VSlash GnG,VSlash GnG,leaguepedia_cargo,https://lol.fandom.com/wiki/Special:Redirect/page/702590,https://lol.fandom.com/wiki/Special:Redirect/file/VSlash_GnGlogo_square.png
lp_team_703628,Aurelius Esports,Aurelius Esports,leaguepedia_cargo,https://lol.fandom.com/wiki/Special:Redirect/page/703628,https://lol.fandom.com/wiki/Special:Redirect/file/Aurelius_Esportslogo_square.png
lp_team_703700,DSYRE,DSYRE,leaguepedia_cargo,https://lol.fandom.com/wiki/Special:Redirect/page/703700,https://lol.fandom.com/wiki/Special:Redirect/file/DSYRElogo_square.png
lp_team_703702,Webidoo Gaming,Webidoo Gaming,leaguepedia_cargo,https://lol.fandom.com/wiki/Special:Redirect/page/703702,https://lol.fandom.com/wiki/Special:Redirect/file/Webidoo_Gaminglogo_square.png
lp_team_703754,Silent Revolution Gaming,Silent Revolution Gaming,leaguepedia_cargo,https://lol.fandom.com/wiki/Special:Redirect/page/703754,https://lol.fandom.com/wiki/Special:Redirect/file/Silent_Revolution_Gaminglogo_square.png
lp_team_703780,Vipers,Vipers,leaguepedia_cargo,https://lol.fandom.com/wiki/Special:Redirect/page/703780,https://lol.fandom.com/wiki/Special:Redirect/file/Viperslogo_profile.png
lp_team_703980,Antares Esports,Antares Esports,leaguepedia_cargo,https://lol.fandom.com/wiki/Special:Redirect/page/703980,https://lol.fandom.com/wiki/Special:Redirect/file/Antares_Esportslogo_square.png
lp_team_704067,ViV Esport,ViV Esport,leaguepedia_cargo,https://lol.fandom.com/wiki/Special:Redirect/page/704067,https://lol.fandom.com/wiki/Special:Redirect/file/ViV_Esportlogo_profile.png
lp_team_704399,MTP Esport,MTP Esport,leaguepedia_cargo,https://lol.fandom.com/wiki/Special:Redirect/page/704399,https://lol.fandom.com/wiki/Special:Redirect/file/MTP_Esportlogo_square.png
lp_team_704740,Rift Sloths,Rift Sloths,leaguepedia_cargo,https://lol.fandom.com/wiki/Special:Redirect/page/704740,https://lol.fandom.com/wiki/Special:Redirect/file/Rift_Slothslogo_square.png
lp_team_704753,Login Esports,Login Esports,leaguepedia_cargo,https://lol.fandom.com/wiki/Special:Redirect/page/704753,https://lol.fandom.com/wiki/Special:Redirect/file/Login_Esportslogo_square.png
lp_team_704763,Apex Gigachad,Apex Gigachad,leaguepedia_cargo,https://lol.fandom.com/wiki/Special:Redirect/page/704763,https://lol.fandom.com/wiki/Special:Redirect/file/Apex_Gigachadlogo_square.png
lp_team_704779,SK Gaming Avarosa,SK Gaming Avarosa,leaguepedia_cargo,https://lol.fandom.com/wiki/Special:Redirect/page/704779,https://lol.fandom.com/wiki/Special:Redirect/file/SK_Gaming_Avarosalogo_profile.png
lp_team_704881,VININE,VININE,leaguepedia_cargo,https://lol.fandom.com/wiki/Special:Redirect/page/704881,https://lol.fandom.com/wiki/Special:Redirect/file/VININElogo_square.png
lp_team_704914,QWER.GG,QWER.GG,leaguepedia_cargo,https://lol.fandom.com/wiki/Special:Redirect/page/704914,https://lol.fandom.com/wiki/Special:Redirect/file/QWER.GGlogo_square.png
lp_team_704924,Ionikos Nikaias Esports,Ionikos Nikaias Esports,leaguepedia_cargo,https://lol.fandom.com/wiki/Special:Redirect/page/704924,https://lol.fandom.com/wiki/Special:Redirect/file/Ionikos_Nikaias_Esportslogo_square.png
lp_team_704974,Tempest Gaming,Tempest Gaming,leaguepedia_cargo,https://lol.fandom.com/wiki/Special:Redirect/page/704974,https://lol.fandom.com/wiki/Special:Redirect/file/Tempest_Gaminglogo_square.png
lp_team_705209,Here For T-Shirt,Here For T-Shirt,leaguepedia_cargo,https://lol.fandom.com/wiki/Special:Redirect/page/705209,https://lol.fandom.com/wiki/Special:Redirect/file/Here_For_T-Shirtlogo_square.png
lp_team_705219,Ego Geniuses,Ego Geniuses,leaguepedia_cargo,https://lol.fandom.com/wiki/Special:Redirect/page/705219,https://lol.fandom.com/wiki/Special:Redirect/file/Ego_Geniuseslogo_square.png
lp_team_705234,Team Zoose,Team Zoose,leaguepedia_cargo,https://lol.fandom.com/wiki/Special:Redirect/page/705234,https://lol.fandom.com/wiki/Special:Redirect/file/Team_Zooselogo_square.png
lp_team_705368,Team Fracture,Team Fracture,leaguepedia_cargo,https://lol.fandom.com/wiki/Special:Redirect/page/705368,https://lol.fandom.com/wiki/Special:Redirect/file/Team_Fracturelogo_square.png
lp_team_705443,Thunderclouds E-Sports,Thunderclouds E-Sports,leaguepedia_cargo,https://lol.fandom.com/wiki/Special:Redirect/page/705443,https://lol.fandom.com/wiki/Special:Redirect/file/Thunderclouds_E-Sportslogo_square.png
lp_team_705463,Cincinnati Fear,Cincinnati Fear,leaguepedia_cargo,https://lol.fandom.com/wiki/Special:Redirect/page/705463,https://lol.fandom.com/wiki/Special:Redirect/file/Cincinnati_Fearlogo_square.png
lp_team_705470,DK Crew,DK Crew,leaguepedia_cargo,https://lol.fandom.com/wiki/Special:Redirect/page/705470,https://lol.fandom.com/wiki/Special:Redirect/file/DK_Crewlogo_square.png
lp_team_705686,Wild West Bandits,Wild West Bandits,leaguepedia_cargo,https://lol.fandom.com/wiki/Special:Redirect/page/705686,https://lol.fandom.com/wiki/Special:Redirect/file/Wild_West_Banditslogo_square.png
lp_team_705720,Team Amibition Blaze,Team Amibition Blaze,leaguepedia_cargo,https://lol.fandom.com/wiki/Special:Redirect/page/705720,https://lol.fandom.com/wiki/Special:Redirect/file/Team_Ambition_Blazelogo_square.png
lp_team_705728,STXP,STXP,leaguepedia_cargo,https://lol.fandom.com/wiki/Special:Redirect/page/705728,https://lol.fandom.com/wiki/Special:Redirect/file/STXPlogo_square.png
lp_team_705738,RBG Esports,RBG Esports,leaguepedia_cargo,https://lol.fandom.com/wiki/Special:Redirect/page/705738,https://lol.fandom.com/wiki/Special:Redirect/file/RBG_Esportslogo_square.png
lp_team_705749,300,300,leaguepedia_cargo,https://lol.fandom.com/wiki/Special:Redirect/page/705749,https://lol.fandom.com/wiki/Special:Redirect/file/300_%28North_American_Team%29logo_square.png
lp_team_705757,Team Pending,Team Pending,leaguepedia_cargo,https://lol.fandom.com/wiki/Special:Redirect/page/705757,https://lol.fandom.com/wiki/Special:Redirect/file/Team_Pendinglogo_square.png
lp_team_705764,Jake's Kittens,Jake's Kittens,leaguepedia_cargo,https://lol.fandom.com/wiki/Special:Redirect/page/705764,https://lol.fandom.com/wiki/Special:Redirect/file/Jake%27s_Kittenslogo_square.png
lp_team_705882,Team Ambition Black,Team Ambition Black,leaguepedia_cargo,https://lol.fandom.com/wiki/Special:Redirect/page/705882,https://lol.fandom.com/wiki/Special:Redirect/file/Team_Ambition_Blacklogo_square.png
lp_team_706077,Osaka,Osaka,leaguepedia_cargo,https://lol.fandom.com/wiki/Special:Redirect/page/706077,https://lol.fandom.com/wiki/Special:Redirect/file/Osakalogo_square.png
lp_team_706161,PRO42,PRO42,leaguepedia_cargo,https://lol.fandom.com/wiki/Special:Redirect/page/706161,https://lol.fandom.com/wiki/Special:Redirect/file/PRO42logo_square.png
lp_team_706209,Away from Normal,Away from Normal,leaguepedia_cargo,https://lol.fandom.com/wiki/Special:Redirect/page/706209,https://lol.fandom.com/wiki/Special:Redirect/file/Away_from_Normallogo_square.png
lp_team_706869,Aguilas Doradas,Aguilas Doradas,leaguepedia_cargo,https://lol.fandom.com/wiki/Special:Redirect/page/706869,https://lol.fandom.com/wiki/Special:Redirect/file/Aguilas_Doradaslogo_square.png
lp_team_707058,Elementalist,Elementalist,leaguepedia_cargo,https://lol.fandom.com/wiki/Special:Redirect/page/707058,https://lol.fandom.com/wiki/Special:Redirect/file/Elementalistlogo_square.png
lp_team_707060,Meavedron,Meavedron,leaguepedia_cargo,https://lol.fandom.com/wiki/Special:Redirect/page/707060,https://lol.fandom.com/wiki/Special:Redirect/file/Meavedronlogo_square.png
lp_team_707446,Adverse,Adverse,leaguepedia_cargo,https://lol.fandom.com/wiki/Special:Redirect/page/707446,https://lol.fandom.com/wiki/Special:Redirect/file/Adverselogo_square.png
lp_team_707662,LØS,LØS,leaguepedia_cargo,https://lol.fandom.com/wiki/Special:Redirect/page/707662,https://lol.fandom.com/wiki/Special:Redirect/file/L%C3%98Slogo_square.png
lp_team_708136,NecroRaisers,NecroRaisers,leaguepedia_cargo,https://lol.fandom.com/wiki/Special:Redirect/page/708136,https://lol.fandom.com/wiki/Special:Redirect/file/NecroRaiserslogo_square.png
lp_team_708141,iNvolute,iNvolute,leaguepedia_cargo,https://lol.fandom.com/wiki/Special:Redirect/page/708141,https://lol.fandom.com/wiki/Special:Redirect/file/INvolutelogo_square.png
lp_team_708146,Freshsterious,Freshsterious,leaguepedia_cargo,https://lol.fandom.com/wiki/Special:Redirect/page/708146,https://lol.fandom.com/wiki/Special:Redirect/file/Freshsteriouslogo_square.png
lp_team_708151,Play With Soul,Play With Soul,leaguepedia_cargo,https://lol.fandom.com/wiki/Special:Redirect/page/708151,https://lol.fandom.com/wiki/Special:Redirect/file/Play_With_Soullogo_square.png
lp_team_708156,REViTAL BLACKTRAiNS,REViTAL BLACKTRAiNS,leaguepedia_cargo,https://lol.fandom.com/wiki/Special:Redirect/page/708156,https://lol.fandom.com/wiki/Special:Redirect/file/REViTAL_BLACKTRAiNSlogo_square.png
lp_team_708164,Cyborg Factory,Cyborg Factory,leaguepedia_cargo,https://lol.fandom.com/wiki/Special:Redirect/page/708164,https://lol.fandom.com/wiki/Special:Redirect/file/Cyborg_Factorylogo_square.png
lp_team_708175,nEophyte,nEophyte,leaguepedia_cargo,https://lol.fandom.com/wiki/Special:Redirect/page/708175,https://lol.fandom.com/wiki/Special:Redirect/file/NEophytelogo_square.png
lp_team_708412,Angry Bats Academy,Angry Bats Academy,leaguepedia_cargo,https://lol.fandom.com/wiki/Special:Redirect/page/708412,https://lol.fandom.com/wiki/Special:Redirect/file/Angry_Bats_Academylogo_square.png
lp_team_708564,Team Whales,Team Whales,leaguepedia_cargo,https://lol.fandom.com/wiki/Special:Redirect/page/708564,https://lol.fandom.com/wiki/Special:Redirect/file/Team_Whaleslogo_profile.png
lp_team_708639,The Agency,The Agency,leaguepedia_cargo,https://lol.fandom.com/wiki/Special:Redirect/page/708639,https://lol.fandom.com/wiki/Special:Redirect/file/The_Agencylogo_profile.png
lp_team_709354,Rising Dawn Esports,Rising Dawn Esports,leaguepedia_cargo,https://lol.fandom.com/wiki/Special:Redirect/page/709354,https://lol.fandom.com/wiki/Special:Redirect/file/Rising_Dawn_Esportslogo_square.png
lp_team_712451,LØS Academy,LØS Academy,leaguepedia_cargo,https://lol.fandom.com/wiki/Special:Redirect/page/712451,https://lol.fandom.com/wiki/Special:Redirect/file/L%C3%98S_Academylogo_square.png
lp_team_713121,ImPerium Vancuverii,ImPerium Vancuverii,leaguepedia_cargo,https://lol.fandom.com/wiki/Special:Redirect/page/713121,https://lol.fandom.com/wiki/Special:Redirect/file/ImPerium_Vancuveriilogo_square.png
lp_team_713236,Raleigh Black Flame,Raleigh Black Flame,leaguepedia_cargo,https://lol.fandom.com/wiki/Special:Redirect/page/713236,https://lol.fandom.com/wiki/Special:Redirect/file/Raleigh_Black_Flamelogo_square.png
lp_team_713249,Blue Esports,Blue Esports,leaguepedia_cargo,https://lol.fandom.com/wiki/Special:Redirect/page/713249,https://lol.fandom.com/wiki/Special:Redirect/file/Blue_Esportslogo_square.png
lp_team_713254,Team Rapid,Team Rapid,leaguepedia_cargo,https://lol.fandom.com/wiki/Special:Redirect/page/713254,https://lol.fandom.com/wiki/Special:Redirect/file/Team_Rapidlogo_square.png
lp_team_713269,Glacial Red,Glacial Red,leaguepedia_cargo,https://lol.fandom.com/wiki/Special:Redirect/page/713269,https://lol.fandom.com/wiki/Special:Redirect/file/Glacial_Redlogo_square.png
lp_team_713274,Zenigma Lunar,Zenigma Lunar,leaguepedia_cargo,https://lol.fandom.com/wiki/Special:Redirect/page/713274,https://lol.fandom.com/wiki/Special:Redirect/file/Zenigma_Lunarlogo_square.png
lp_team_713279,Team Ambition Red,Team Ambition Red,leaguepedia_cargo,https://lol.fandom.com/wiki/Special:Redirect/page/713279,https://lol.fandom.com/wiki/Special:Redirect/file/Team_Ambition_Redlogo_square.png
lp_team_714140,FLY5,FLY5,leaguepedia_cargo,https://lol.fandom.com/wiki/Special:Redirect/page/714140,https://lol.fandom.com/wiki/Special:Redirect/file/FLY5logo_square.png
lp_team_714231,IKISEQ Gaming,IKISEQ Gaming,leaguepedia_cargo,https://lol.fandom.com/wiki/Special:Redirect/page/714231,https://lol.fandom.com/wiki/Special:Redirect/file/IKISEQ_Gaminglogo_square.png
lp_team_715401,Shadow Academy,Shadow Academy,leaguepedia_cargo,https://lol.fandom.com/wiki/Special:Redirect/page/715401,https://lol.fandom.com/wiki/Special:Redirect/file/Shadow_Corplogo_square.png
lp_team_715402,Shadow Dawn,Shadow Dawn,leaguepedia_cargo,https://lol.fandom.com/wiki/Special:Redirect/page/715402,https://lol.fandom.com/wiki/Special:Redirect/file/Shadow_Corplogo_square.png
lp_team_716693,Hungkuang Falcon (弘光獵鷹),Hungkuang Falcon (弘光獵鷹),leaguepedia_cargo,https://lol.fandom.com/wiki/Special:Redirect/page/716693,https://lol.fandom.com/wiki/Special:Redirect/file/Hungkuang_Falconlogo_profile.png
lp_team_717058,LIT Team (黎明企鵝),LIT Team (黎明企鵝),leaguepedia_cargo,https://lol.fandom.com/wiki/Special:Redirect/page/717058,https://lol.fandom.com/wiki/Special:Redirect/file/LIT_Teamlogo_square.png
lp_team_717508,Dewish Team,Dewish Team,leaguepedia_cargo,https://lol.fandom.com/wiki/Special:Redirect/page/717508,https://lol.fandom.com/wiki/Special:Redirect/file/Dewish_Teamlogo_square.png
lp_team_717622,Vanung Lion (萬能雄獅),Vanung Lion (萬能雄獅),leaguepedia_cargo,https://lol.fandom.com/wiki/Special:Redirect/page/717622,https://lol.fandom.com/wiki/Special:Redirect/file/Vanung_Lionlogo_square.png
lp_team_718040,Join The Force,Join The Force,leaguepedia_cargo,https://lol.fandom.com/wiki/Special:Redirect/page/718040,https://lol.fandom.com/wiki/Special:Redirect/file/Join_The_Forcelogo_profile.png
lp_team_718407,Tongtex Suns (東泰太陽),Tongtex Suns (東泰太陽),leaguepedia_cargo,https://lol.fandom.com/wiki/Special:Redirect/page/718407,https://lol.fandom.com/wiki/Special:Redirect/file/Tongtex_Sunslogo_square.png
lp_team_719207,Team Ambition Sussy,Team Ambition Sussy,leaguepedia_cargo,https://lol.fandom.com/wiki/Special:Redirect/page/719207,https://lol.fandom.com/wiki/Special:Redirect/file/Team_Ambition_Sussylogo_square.png
lp_team_719968,Minus Three,Minus Three,leaguepedia_cargo,https://lol.fandom.com/wiki/Special:Redirect/page/719968,https://lol.fandom.com/wiki/Special:Redirect/file/Minus_Threelogo_square.png
lp_team_720001,Large,Large,leaguepedia_cargo,https://lol.fandom.com/wiki/Special:Redirect/page/720001,https://lol.fandom.com/wiki/Special:Redirect/file/Large_%28North_American_Team%29logo_square.png
lp_team_720007,Fugitive Gaming,Fugitive Gaming,leaguepedia_cargo,https://lol.fandom.com/wiki/Special:Redirect/page/720007,https://lol.fandom.com/wiki/Special:Redirect/file/Fugitive_Gaminglogo_square.png
lp_team_720013,Big Duck Energy,Big Duck Energy,leaguepedia_cargo,https://lol.fandom.com/wiki/Special:Redirect/page/720013,https://lol.fandom.com/wiki/Special:Redirect/file/Big_Duck_Energylogo_square.png
lp_team_720020,Area of Effect Soupy Time,Area of Effect Soupy Time,leaguepedia_cargo,https://lol.fandom.com/wiki/Special:Redirect/page/720020,https://lol.fandom.com/wiki/Special:Redirect/file/Area_of_Effect_Soupy_Timelogo_square.png
lp_team_720027,RAGE,RAGE,leaguepedia_cargo,https://lol.fandom.com/wiki/Special:Redirect/page/720027,https://lol.fandom.com/wiki/Special:Redirect/file/RAGElogo_square.png
lp_team_720148,ANON,ANON,leaguepedia_cargo,https://lol.fandom.com/wiki/Special:Redirect/page/720148,https://lol.fandom.com/wiki/Special:Redirect/file/ANON_%28North_American_Team%29logo_square.png
lp_team_722694,Inventive Esports,Inventive Esports,leaguepedia_cargo,https://lol.fandom.com/wiki/Special:Redirect/page/722694,https://lol.fandom.com/wiki/Special:Redirect/file/Inventive_Esportslogo_profile.png
lp_team_723090,Pawn Gaming,Pawn Gaming,leaguepedia_cargo,https://lol.fandom.com/wiki/Special:Redirect/page/723090,https://lol.fandom.com/wiki/Special:Redirect/file/Pawn_Gaming_%28Spanish_Team%29logo_square.png
lp_team_723843,Seoul Neon,Seoul Neon,leaguepedia_cargo,https://lol.fandom.com/wiki/Special:Redirect/page/723843,https://lol.fandom.com/wiki/Special:Redirect/file/Seoul_Neonlogo_square.png
lp_team_724400,Once Upon A Team,Once Upon A Team,leaguepedia_cargo,https://lol.fandom.com/wiki/Special:Redirect/page/724400,https://lol.fandom.com/wiki/Special:Redirect/file/Once_Upon_A_Teamlogo_square.png
lp_team_725318,Srdce nehasnou,Srdce nehasnou,leaguepedia_cargo,https://lol.fandom.com/wiki/Special:Redirect/page/725318,https://lol.fandom.com/wiki/Special:Redirect/file/Srdce_nehasnoulogo_square.png
lp_team_725324,LanCraft,LanCraft,leaguepedia_cargo,https://lol.fandom.com/wiki/Special:Redirect/page/725324,https://lol.fandom.com/wiki/Special:Redirect/file/LanCraftlogo_square.png
lp_team_728815,Activit-E,Activit-E,leaguepedia_cargo,https://lol.fandom.com/wiki/Special:Redirect/page/728815,https://lol.fandom.com/wiki/Special:Redirect/file/Activit-Elogo_square.png
lp_team_729188,Shining Stars,Shining Stars,leaguepedia_cargo,https://lol.fandom.com/wiki/Special:Redirect/page/729188,https://lol.fandom.com/wiki/Special:Redirect/file/Shining_Starslogo_square.png
lp_team_730009,Far East Eagle (遠大鷹),Far East Eagle (遠大鷹),leaguepedia_cargo,https://lol.fandom.com/wiki/Special:Redirect/page/730009,https://lol.fandom.com/wiki/Special:Redirect/file/Far_East_Eaglelogo_square.png
lp_team_730180,Córdoba Patrimonio eSports,Córdoba Patrimonio eSports,leaguepedia_cargo,https://lol.fandom.com/wiki/Special:Redirect/page/730180,https://lol.fandom.com/wiki/Special:Redirect/file/C%C3%B3rdoba_Patrimonio_eSportslogo_square.png
lp_team_730306,Shadow GT,Shadow GT,leaguepedia_cargo,https://lol.fandom.com/wiki/Special:Redirect/page/730306,https://lol.fandom.com/wiki/Special:Redirect/file/Shadow_Corplogo_square.png
lp_team_730475,seQura ZEST,seQura ZEST,leaguepedia_cargo,https://lol.fandom.com/wiki/Special:Redirect/page/730475,https://lol.fandom.com/wiki/Special:Redirect/file/SeQura_ZESTlogo_square.png
lp_team_730557,LCVS Fighting (立志猩勢力),LCVS Fighting (立志猩勢力),leaguepedia_cargo,https://lol.fandom.com/wiki/Special:Redirect/page/730557,https://lol.fandom.com/wiki/Special:Redirect/file/LCVS_Fightinglogo_square.png
lp_team_731298,One More Esports,One More Esports,leaguepedia_cargo,https://lol.fandom.com/wiki/Special:Redirect/page/731298,https://lol.fandom.com/wiki/Special:Redirect/file/One_More_Esportslogo_square.png
lp_team_731775,High Tempo Esports,High Tempo Esports,leaguepedia_cargo,https://lol.fandom.com/wiki/Special:Redirect/page/731775,https://lol.fandom.com/wiki/Special:Redirect/file/High_Tempo_Esportslogo_square.png
lp_team_735322,Zeeman,Zeeman,leaguepedia_cargo,https://lol.fandom.com/wiki/Special:Redirect/page/735322,https://lol.fandom.com/wiki/Special:Redirect/file/Zeemanlogo_square.png
lp_team_737543,Team Bliss,Team Bliss,leaguepedia_cargo,https://lol.fandom.com/wiki/Special:Redirect/page/737543,https://lol.fandom.com/wiki/Special:Redirect/file/Team_Blisslogo_square.png
lp_team_737756,G2 Hel,G2 Hel,leaguepedia_cargo,https://lol.fandom.com/wiki/Special:Redirect/page/737756,https://lol.fandom.com/wiki/Special:Redirect/file/G2_Hellogo_square.png
lp_team_737819,BWE Esports,BWE Esports,leaguepedia_cargo,https://lol.fandom.com/wiki/Special:Redirect/page/737819,https://lol.fandom.com/wiki/Special:Redirect/file/BWE_Esportslogo_square.png
lp_team_737825,Burger Flippers,Burger Flippers,leaguepedia_cargo,https://lol.fandom.com/wiki/Special:Redirect/page/737825,https://lol.fandom.com/wiki/Special:Redirect/file/Burger_Flippers_%28Female_Team%29logo_square.png
lp_team_737935,Kaufland Hangry Knights,Kaufland Hangry Knights,leaguepedia_cargo,https://lol.fandom.com/wiki/Special:Redirect/page/737935,https://lol.fandom.com/wiki/Special:Redirect/file/Kaufland_Hangry_Knightslogo_square.png
lp_team_737992,Rogue Stars,Rogue Stars,leaguepedia_cargo,https://lol.fandom.com/wiki/Special:Redirect/page/737992,https://lol.fandom.com/wiki/Special:Redirect/file/Rogue_Starslogo_square.png
lp_team_738612,Beyond Gaming Academy,Beyond Gaming Academy,leaguepedia_cargo,https://lol.fandom.com/wiki/Special:Redirect/page/738612,https://lol.fandom.com/wiki/Special:Redirect/file/Beyond_Gaming_Academylogo_profile.png
lp_team_738669,FENNEL,FENNEL,leaguepedia_cargo,https://lol.fandom.com/wiki/Special:Redirect/page/738669,https://lol.fandom.com/wiki/Special:Redirect/file/FENNELlogo_profile.png
lp_team_738675,FENNEL Academy,FENNEL Academy,leaguepedia_cargo,https://lol.fandom.com/wiki/Special:Redirect/page/738675,https://lol.fandom.com/wiki/Special:Redirect/file/FENNEL_Academylogo_square.png
lp_team_738919,Korean Streamer,Korean Streamer,leaguepedia_cargo,https://lol.fandom.com/wiki/Special:Redirect/page/738919,https://lol.fandom.com/wiki/Special:Redirect/file/Korean_Streamerlogo_square.png
lp_team_739547,Youth Warriors (青年勇士),Youth Warriors (青年勇士),leaguepedia_cargo,https://lol.fandom.com/wiki/Special:Redirect/page/739547,https://lol.fandom.com/wiki/Special:Redirect/file/Youth_Warriorslogo_square.png
lp_team_739549,TNU Eagle (東南飛鷹),TNU Eagle (東南飛鷹),leaguepedia_cargo,https://lol.fandom.com/wiki/Special:Redirect/page/739549,https://lol.fandom.com/wiki/Special:Redirect/file/TNU_Eaglelogo_square.png
lp_team_740724,CB Gaming,CB Gaming,leaguepedia_cargo,https://lol.fandom.com/wiki/Special:Redirect/page/740724,https://lol.fandom.com/wiki/Special:Redirect/file/CB_Gaminglogo_square.png
lp_team_740753,Sansin Gavin (三信戰鷹),Sansin Gavin (三信戰鷹),leaguepedia_cargo,https://lol.fandom.com/wiki/Special:Redirect/page/740753,https://lol.fandom.com/wiki/Special:Redirect/file/Sansin_Gavinlogo_square.png
lp_team_740920,Area of Effect Pump,Area of Effect Pump,leaguepedia_cargo,https://lol.fandom.com/wiki/Special:Redirect/page/740920,https://lol.fandom.com/wiki/Special:Redirect/file/Area_of_Effect_Pumplogo_square.png
lp_team_740925,Area of Effect Cows,Area of Effect Cows,leaguepedia_cargo,https://lol.fandom.com/wiki/Special:Redirect/page/740925,https://lol.fandom.com/wiki/Special:Redirect/file/Area_of_Effect_Cowslogo_square.png
lp_team_741290,Fisher College,Fisher College,leaguepedia_cargo,https://lol.fandom.com/wiki/Special:Redirect/page/741290,https://lol.fandom.com/wiki/Special:Redirect/file/Fisher_Collegelogo_square.png
lp_team_741478,CST Team (幼華戰龍),CST Team (幼華戰龍),leaguepedia_cargo,https://lol.fandom.com/wiki/Special:Redirect/page/741478,https://lol.fandom.com/wiki/Special:Redirect/file/CST_Teamlogo_square.png
lp_team_741789,Texas A&M University,Texas A&M University,leaguepedia_cargo,https://lol.fandom.com/wiki/Special:Redirect/page/741789,https://lol.fandom.com/wiki/Special:Redirect/file/Texas_A%26M_Universitylogo_square.png
lp_team_742506,Varona Esports,Varona Esports,leaguepedia_cargo,https://lol.fandom.com/wiki/Special:Redirect/page/742506,https://lol.fandom.com/wiki/Special:Redirect/file/Varona_Esportslogo_square.png
lp_team_742633,Esport STUBA,Esport STUBA,leaguepedia_cargo,https://lol.fandom.com/wiki/Special:Redirect/page/742633,https://lol.fandom.com/wiki/Special:Redirect/file/Esport_STUBAlogo_square.png
lp_team_742789,FLY5 Academy,FLY5 Academy,leaguepedia_cargo,https://lol.fandom.com/wiki/Special:Redirect/page/742789,https://lol.fandom.com/wiki/Special:Redirect/file/FLY5_Academylogo_square.png
lp_team_742869,XAL Esports,XAL Esports,leaguepedia_cargo,https://lol.fandom.com/wiki/Special:Redirect/page/742869,https://lol.fandom.com/wiki/Special:Redirect/file/XAL_Esportslogo_profile.png
lp_team_742883,KAOS e-sport,KAOS e-sport,leaguepedia_cargo,https://lol.fandom.com/wiki/Special:Redirect/page/742883,https://lol.fandom.com/wiki/Special:Redirect/file/KAOS_e-sportlogo_square.png
lp_team_743526,Hydras Esport,Hydras Esport,leaguepedia_cargo,https://lol.fandom.com/wiki/Special:Redirect/page/743526,https://lol.fandom.com/wiki/Special:Redirect/file/Hydras_Esportlogo_square.png
lp_team_743609,Blade Edge,Blade Edge,leaguepedia_cargo,https://lol.fandom.com/wiki/Special:Redirect/page/743609,https://lol.fandom.com/wiki/Special:Redirect/file/Blade_Edgelogo_square.png
lp_team_743628,ECORP,ECORP,leaguepedia_cargo,https://lol.fandom.com/wiki/Special:Redirect/page/743628,https://lol.fandom.com/wiki/Special:Redirect/file/ECORPlogo_square.png
lp_team_743650,TDC Esports,TDC Esports,leaguepedia_cargo,https://lol.fandom.com/wiki/Special:Redirect/page/743650,https://lol.fandom.com/wiki/Special:Redirect/file/TDC_Esportslogo_square.png
lp_team_744793,Ruddy Corporation,Ruddy Corporation,leaguepedia_cargo,https://lol.fandom.com/wiki/Special:Redirect/page/744793,https://lol.fandom.com/wiki/Special:Redirect/file/Ruddy_Corporationlogo_square.png
lp_team_745652,"University of Minnesota, Twin Cities","University of Minnesota, Twin Cities",leaguepedia_cargo,https://lol.fandom.com/wiki/Special:Redirect/page/745652,https://lol.fandom.com/wiki/Special:Redirect/file/University_of_Minnesota_Twin_Citieslogo_square.png
lp_team_746965,Formulation Gaming,Formulation Gaming,leaguepedia_cargo,https://lol.fandom.com/wiki/Special:Redirect/page/746965,https://lol.fandom.com/wiki/Special:Redirect/file/Formulation_Gaminglogo_square.png
lp_team_748052,42 Gaming,42 Gaming,leaguepedia_cargo,https://lol.fandom.com/wiki/Special:Redirect/page/748052,https://lol.fandom.com/wiki/Special:Redirect/file/42_Gaminglogo_square.png
lp_team_748399,Ohio State University,Ohio State University,leaguepedia_cargo,https://lol.fandom.com/wiki/Special:Redirect/page/748399,https://lol.fandom.com/wiki/Special:Redirect/file/Ohio_State_Universitylogo_square.png
lp_team_749645,Aegis,Aegis,leaguepedia_cargo,https://lol.fandom.com/wiki/Special:Redirect/page/749645,https://lol.fandom.com/wiki/Special:Redirect/file/Aegis_%28French_Team%29logo_profile.png
lp_team_749708,Cleveland State University,Cleveland State University,leaguepedia_cargo,https://lol.fandom.com/wiki/Special:Redirect/page/749708,https://lol.fandom.com/wiki/Special:Redirect/file/Cleveland_State_Universitylogo_square.png
lp_team_749868,ZeroZone Gaming,ZeroZone Gaming,leaguepedia_cargo,https://lol.fandom.com/wiki/Special:Redirect/page/749868,https://lol.fandom.com/wiki/Special:Redirect/file/ZeroZone_Gaminglogo_square.png
lp_team_749901,Bastu Five,Bastu Five,leaguepedia_cargo,https://lol.fandom.com/wiki/Special:Redirect/page/749901,https://lol.fandom.com/wiki/Special:Redirect/file/Bastu_Fivelogo_square.png
lp_team_750457,Des Moines DMG,Des Moines DMG,leaguepedia_cargo,https://lol.fandom.com/wiki/Special:Redirect/page/750457,https://lol.fandom.com/wiki/Special:Redirect/file/Des_Moines_DMGlogo_square.png
lp_team_750545,Belfast Storm,Belfast Storm,leaguepedia_cargo,https://lol.fandom.com/wiki/Special:Redirect/page/750545,https://lol.fandom.com/wiki/Special:Redirect/file/Belfast_Stormlogo_square.png
lp_team_751695,Espergærde eSport,Espergærde eSport,leaguepedia_cargo,https://lol.fandom.com/wiki/Special:Redirect/page/751695,https://lol.fandom.com/wiki/Special:Redirect/file/Esperg%C3%A6rde_eSportlogo_square.png
lp_team_751855,Olympus Gaming,Olympus Gaming,leaguepedia_cargo,https://lol.fandom.com/wiki/Special:Redirect/page/751855,https://lol.fandom.com/wiki/Special:Redirect/file/Olympus_Gaminglogo_square.png
lp_team_751971,Orion Esport,Orion Esport,leaguepedia_cargo,https://lol.fandom.com/wiki/Special:Redirect/page/751971,https://lol.fandom.com/wiki/Special:Redirect/file/Orion_Esportlogo_square.png
lp_team_752141,COS City Hawk (城市蒼鷹),COS City Hawk (城市蒼鷹),leaguepedia_cargo,https://lol.fandom.com/wiki/Special:Redirect/page/752141,https://lol.fandom.com/wiki/Special:Redirect/file/COS_City_Hawklogo_square.png
lp_team_752143,DJ Team (稻江哈士奇),DJ Team (稻江哈士奇),leaguepedia_cargo,https://lol.fandom.com/wiki/Special:Redirect/page/752143,https://lol.fandom.com/wiki/Special:Redirect/file/DJ_Teamlogo_square.png
lp_team_752291,Fluxo,Fluxo,leaguepedia_cargo,https://lol.fandom.com/wiki/Special:Redirect/page/752291,https://lol.fandom.com/wiki/Special:Redirect/file/Fluxologo_square.png
lp_team_752463,QLASH Midnight,QLASH Midnight,leaguepedia_cargo,https://lol.fandom.com/wiki/Special:Redirect/page/752463,https://lol.fandom.com/wiki/Special:Redirect/file/QLASH_Midnightlogo_profile.png
lp_team_752736,Villarreal QLASH,Villarreal QLASH,leaguepedia_cargo,https://lol.fandom.com/wiki/Special:Redirect/page/752736,https://lol.fandom.com/wiki/Special:Redirect/file/Villarreal_QLASHlogo_square.png
lp_team_753250,x6tence Academy,x6tence Academy,leaguepedia_cargo,https://lol.fandom.com/wiki/Special:Redirect/page/753250,https://lol.fandom.com/wiki/Special:Redirect/file/X6tence_Academylogo_square.png
lp_team_753588,Team Liquid First,Team Liquid First,leaguepedia_cargo,https://lol.fandom.com/wiki/Special:Redirect/page/753588,https://lol.fandom.com/wiki/Special:Redirect/file/Team_Liquidlogo_profile.png
lp_team_753593,FLY FAM,FLY FAM,leaguepedia_cargo,https://lol.fandom.com/wiki/Special:Redirect/page/753593,https://lol.fandom.com/wiki/Special:Redirect/file/FLY_FAMlogo_square.png
lp_team_753842,exeed,exeed,leaguepedia_cargo,https://lol.fandom.com/wiki/Special:Redirect/page/753842,https://lol.fandom.com/wiki/Special:Redirect/file/Exeed_Polandlogo_profile.png
lp_team_753849,Native Gaming,Native Gaming,leaguepedia_cargo,https://lol.fandom.com/wiki/Special:Redirect/page/753849,https://lol.fandom.com/wiki/Special:Redirect/file/Native_Gaminglogo_square.png
lp_team_754187,Vivo Keyd Stars,Vivo Keyd Stars,leaguepedia_cargo,https://lol.fandom.com/wiki/Special:Redirect/page/754187,https://lol.fandom.com/wiki/Special:Redirect/file/Vivo_Keyd_Starslogo_profile.png
lp_team_754225,Berlin International Gaming Chroma,Berlin International Gaming Chroma,leaguepedia_cargo,https://lol.fandom.com/wiki/Special:Redirect/page/754225,https://lol.fandom.com/wiki/Special:Redirect/file/Berlin_International_Gaming_Chromalogo_square.png
lp_team_754288,CNJ Esports,CNJ Esports,leaguepedia_cargo,https://lol.fandom.com/wiki/Special:Redirect/page/754288,https://lol.fandom.com/wiki/Special:Redirect/file/CNJ_Esportslogo_profile.png
lp_team_754304,Chungnam Juego Esports,Chungnam Juego Esports,leaguepedia_cargo,https://lol.fandom.com/wiki/Special:Redirect/page/754304,https://lol.fandom.com/wiki/Special:Redirect/file/Chungnam_Juego_Esportslogo_profile.png
lp_team_754314,Northwood University,Northwood University,leaguepedia_cargo,https://lol.fandom.com/wiki/Special:Redirect/page/754314,https://lol.fandom.com/wiki/Special:Redirect/file/Northwood_Universitylogo_square.png
lp_team_754382,Finetwork KOI,Finetwork KOI,leaguepedia_cargo,https://lol.fandom.com/wiki/Special:Redirect/page/754382,https://lol.fandom.com/wiki/Special:Redirect/file/KOI_Academylogo_square.png
lp_team_754409,Team Heretics Academy,Team Heretics Academy,leaguepedia_cargo,https://lol.fandom.com/wiki/Special:Redirect/page/754409,https://lol.fandom.com/wiki/Special:Redirect/file/Team_Heretics_Academylogo_square.png
lp_team_755003,Ankora Gaming,Ankora Gaming,leaguepedia_cargo,https://lol.fandom.com/wiki/Special:Redirect/page/755003,https://lol.fandom.com/wiki/Special:Redirect/file/Ankora_Gaminglogo_profile.png
lp_team_755509,Team Ares,Team Ares,leaguepedia_cargo,https://lol.fandom.com/wiki/Special:Redirect/page/755509,https://lol.fandom.com/wiki/Special:Redirect/file/Team_Areslogo_square.png
lp_team_755640,Fluxo Academy,Fluxo Academy,leaguepedia_cargo,https://lol.fandom.com/wiki/Special:Redirect/page/755640,https://lol.fandom.com/wiki/Special:Redirect/file/Fluxo_Academylogo_square.png
lp_team_755691,Europe Saviors Club,Europe Saviors Club,leaguepedia_cargo,https://lol.fandom.com/wiki/Special:Redirect/page/755691,https://lol.fandom.com/wiki/Special:Redirect/file/Europe_Saviors_Clublogo_square.png
lp_team_755752,Vivo Keyd Stars Academy,Vivo Keyd Stars Academy,leaguepedia_cargo,https://lol.fandom.com/wiki/Special:Redirect/page/755752,https://lol.fandom.com/wiki/Special:Redirect/file/Vivo_Keyd_Stars_Academylogo_square.png
lp_team_755858,FUT Esports,FUT Esports,leaguepedia_cargo,https://lol.fandom.com/wiki/Special:Redirect/page/755858,https://lol.fandom.com/wiki/Special:Redirect/file/FUT_Esportslogo_square.png
lp_team_755982,NNO Prime,NNO Prime,leaguepedia_cargo,https://lol.fandom.com/wiki/Special:Redirect/page/755982,https://lol.fandom.com/wiki/Special:Redirect/file/NNO_Primelogo_square.png
lp_team_756004,NORD Esports,NORD Esports,leaguepedia_cargo,https://lol.fandom.com/wiki/Special:Redirect/page/756004,https://lol.fandom.com/wiki/Special:Redirect/file/NORD_Esportslogo_profile.png
lp_team_756072,DKB XPERION NXT,DKB XPERION NXT,leaguepedia_cargo,https://lol.fandom.com/wiki/Special:Redirect/page/756072,https://lol.fandom.com/wiki/Special:Redirect/file/DKB_XPERION_NXTlogo_square.png
lp_team_756195,AliorBank Team,AliorBank Team,leaguepedia_cargo,https://lol.fandom.com/wiki/Special:Redirect/page/756195,https://lol.fandom.com/wiki/Special:Redirect/file/AliorBank_Teamlogo_square.png
lp_team_756243,Chienhsin Bear (健行熊),Chienhsin Bear (健行熊),leaguepedia_cargo,https://lol.fandom.com/wiki/Special:Redirect/page/756243,https://lol.fandom.com/wiki/Special:Redirect/file/Chienhsin_Bearlogo_square.png
lp_team_756342,Levante UD Esports,Levante UD Esports,leaguepedia_cargo,https://lol.fandom.com/wiki/Special:Redirect/page/756342,https://lol.fandom.com/wiki/Special:Redirect/file/Levante_UD_Esportslogo_square.png
lp_team_756726,Reven Esports,Reven Esports,leaguepedia_cargo,https://lol.fandom.com/wiki/Special:Redirect/page/756726,https://lol.fandom.com/wiki/Special:Redirect/file/Reven_Esportslogo_square.png
lp_team_756737,The Kings Academy,The Kings Academy,leaguepedia_cargo,https://lol.fandom.com/wiki/Special:Redirect/page/756737,https://lol.fandom.com/wiki/Special:Redirect/file/The_Kings_Academylogo_square.png
lp_team_756798,Domino Computer,Domino Computer,leaguepedia_cargo,https://lol.fandom.com/wiki/Special:Redirect/page/756798,https://lol.fandom.com/wiki/Special:Redirect/file/Domino_Computerlogo_profile.png
lp_team_756823,Magna Esports,Magna Esports,leaguepedia_cargo,https://lol.fandom.com/wiki/Special:Redirect/page/756823,https://lol.fandom.com/wiki/Special:Redirect/file/Magna_Esportslogo_square.png
lp_team_761764,Pentagon Rejects,Pentagon Rejects,leaguepedia_cargo,https://lol.fandom.com/wiki/Special:Redirect/page/761764,https://lol.fandom.com/wiki/Special:Redirect/file/Pentagon_Rejectslogo_square.png
lp_team_761812,19esports,19esports,leaguepedia_cargo,https://lol.fandom.com/wiki/Special:Redirect/page/761812,https://lol.fandom.com/wiki/Special:Redirect/file/19esportslogo_profile.png
lp_team_761894,Akroma,Akroma,leaguepedia_cargo,https://lol.fandom.com/wiki/Special:Redirect/page/761894,https://lol.fandom.com/wiki/Special:Redirect/file/Akromalogo_square.png
lp_team_761905,MS Company,MS Company,leaguepedia_cargo,https://lol.fandom.com/wiki/Special:Redirect/page/761905,https://lol.fandom.com/wiki/Special:Redirect/file/MS_Companylogo_square.png
lp_team_761910,Klanik Esport,Klanik Esport,leaguepedia_cargo,https://lol.fandom.com/wiki/Special:Redirect/page/761910,https://lol.fandom.com/wiki/Special:Redirect/file/Klanik_Esportlogo_square.png
lp_team_762055,ENEMI3S,ENEMI3S,leaguepedia_cargo,https://lol.fandom.com/wiki/Special:Redirect/page/762055,https://lol.fandom.com/wiki/Special:Redirect/file/ENEMI3Slogo_square.png
lp_team_762075,Xoldiers,Xoldiers,leaguepedia_cargo,https://lol.fandom.com/wiki/Special:Redirect/page/762075,https://lol.fandom.com/wiki/Special:Redirect/file/Xoldierslogo_square.png
lp_team_762173,Apocalypse e-Sports,Apocalypse e-Sports,leaguepedia_cargo,https://lol.fandom.com/wiki/Special:Redirect/page/762173,https://lol.fandom.com/wiki/Special:Redirect/file/Apocalypse_e-Sportslogo_square.png
lp_team_762174,Underworld Esports,Underworld Esports,leaguepedia_cargo,https://lol.fandom.com/wiki/Special:Redirect/page/762174,https://lol.fandom.com/wiki/Special:Redirect/file/Underworld_Esportslogo_square.png
lp_team_762182,Yutoru,Yutoru,leaguepedia_cargo,https://lol.fandom.com/wiki/Special:Redirect/page/762182,https://lol.fandom.com/wiki/Special:Redirect/file/Yutorulogo_square.png
lp_team_762193,DELTALAND,DELTALAND,leaguepedia_cargo,https://lol.fandom.com/wiki/Special:Redirect/page/762193,https://lol.fandom.com/wiki/Special:Redirect/file/DELTALANDlogo_square.png
lp_team_762334,Aethernum eSports,Aethernum eSports,leaguepedia_cargo,https://lol.fandom.com/wiki/Special:Redirect/page/762334,https://lol.fandom.com/wiki/Special:Redirect/file/Aethernum_eSportslogo_profile.png
lp_team_762485,Mezexis Esports,Mezexis Esports,leaguepedia_cargo,https://lol.fandom.com/wiki/Special:Redirect/page/762485,https://lol.fandom.com/wiki/Special:Redirect/file/Mezexis_Esportslogo_square.png
lp_team_762567,PandaCute,PandaCute,leaguepedia_cargo,https://lol.fandom.com/wiki/Special:Redirect/page/762567,https://lol.fandom.com/wiki/Special:Redirect/file/PandaCutelogo_square.png
lp_team_763438,War Legion Esports,War Legion Esports,leaguepedia_cargo,https://lol.fandom.com/wiki/Special:Redirect/page/763438,https://lol.fandom.com/wiki/Special:Redirect/file/War_Legion_Esportslogo_profile.png
lp_team_763790,EPIC-DUDES,EPIC-DUDES,leaguepedia_cargo,https://lol.fandom.com/wiki/Special:Redirect/page/763790,https://lol.fandom.com/wiki/Special:Redirect/file/EPIC-DUDESlogo_square.png
lp_team_763886,Taurus Esports,Taurus Esports,leaguepedia_cargo,https://lol.fandom.com/wiki/Special:Redirect/page/763886,https://lol.fandom.com/wiki/Special:Redirect/file/Taurus_Esportslogo_square.png
lp_team_764459,Horizon Gaming,Horizon Gaming,leaguepedia_cargo,https://lol.fandom.com/wiki/Special:Redirect/page/764459,https://lol.fandom.com/wiki/Special:Redirect/file/Horizon_Gaming_%28North_American_Team%29logo_square.png
lp_team_764606,100 Thieves Challengers,100 Thieves Challengers,leaguepedia_cargo,https://lol.fandom.com/wiki/Special:Redirect/page/764606,https://lol.fandom.com/wiki/Special:Redirect/file/100_Thieves_Challengerslogo_square.png
lp_team_764617,CLG Challengers,CLG Challengers,leaguepedia_cargo,https://lol.fandom.com/wiki/Special:Redirect/page/764617,https://lol.fandom.com/wiki/Special:Redirect/file/Counter_Logic_Gaminglogo_profile.png
lp_team_764622,Cloud9 Challengers,Cloud9 Challengers,leaguepedia_cargo,https://lol.fandom.com/wiki/Special:Redirect/page/764622,https://lol.fandom.com/wiki/Special:Redirect/file/Cloud9logo_profile.png
lp_team_764627,Dignitas Challengers,Dignitas Challengers,leaguepedia_cargo,https://lol.fandom.com/wiki/Special:Redirect/page/764627,https://lol.fandom.com/wiki/Special:Redirect/file/Dignitaslogo_profile.png
lp_team_764632,Evil Geniuses Challengers,Evil Geniuses Challengers,leaguepedia_cargo,https://lol.fandom.com/wiki/Special:Redirect/page/764632,https://lol.fandom.com/wiki/Special:Redirect/file/Evil_Geniuses.NAlogo_profile.png
lp_team_764638,FlyQuest NZXT,FlyQuest NZXT,leaguepedia_cargo,https://lol.fandom.com/wiki/Special:Redirect/page/764638,https://lol.fandom.com/wiki/Special:Redirect/file/FlyQuest_NZXTlogo_square.png
lp_team_764643,Golden Guardians Challengers,Golden Guardians Challengers,leaguepedia_cargo,https://lol.fandom.com/wiki/Special:Redirect/page/764643,https://lol.fandom.com/wiki/Special:Redirect/file/Golden_Guardianslogo_profile.png
lp_team_764648,Immortals Challengers,Immortals Challengers,leaguepedia_cargo,https://lol.fandom.com/wiki/Special:Redirect/page/764648,https://lol.fandom.com/wiki/Special:Redirect/file/Immortalslogo_profile.png
lp_team_764653,Team Liquid Challengers,Team Liquid Challengers,leaguepedia_cargo,https://lol.fandom.com/wiki/Special:Redirect/page/764653,https://lol.fandom.com/wiki/Special:Redirect/file/Team_Liquidlogo_profile.png
lp_team_764659,TSM Challengers,TSM Challengers,leaguepedia_cargo,https://lol.fandom.com/wiki/Special:Redirect/page/764659,https://lol.fandom.com/wiki/Special:Redirect/file/TSMlogo_profile.png
lp_team_764740,The Kings Moon,The Kings Moon,leaguepedia_cargo,https://lol.fandom.com/wiki/Special:Redirect/page/764740,https://lol.fandom.com/wiki/Special:Redirect/file/The_Kings_Moonlogo_square.png
lp_team_764857,Polar Squad Esports,Polar Squad Esports,leaguepedia_cargo,https://lol.fandom.com/wiki/Special:Redirect/page/764857,https://lol.fandom.com/wiki/Special:Redirect/file/Polar_Squad_Esportslogo_square.png
lp_team_765052,HELL PIGS,HELL PIGS,leaguepedia_cargo,https://lol.fandom.com/wiki/Special:Redirect/page/765052,https://lol.fandom.com/wiki/Special:Redirect/file/HELL_PIGSlogo_profile.png
lp_team_765058,Zeus Kralik,Zeus Kralik,leaguepedia_cargo,https://lol.fandom.com/wiki/Special:Redirect/page/765058,https://lol.fandom.com/wiki/Special:Redirect/file/Zeus_Kraliklogo_square.png
lp_team_765090,Newell's Esports,Newell's Esports,leaguepedia_cargo,https://lol.fandom.com/wiki/Special:Redirect/page/765090,https://lol.fandom.com/wiki/Special:Redirect/file/Newell%27s_Esportslogo_square.png
lp_team_765368,Xan,Xan,leaguepedia_cargo,https://lol.fandom.com/wiki/Special:Redirect/page/765368,https://lol.fandom.com/wiki/Special:Redirect/file/Unknown_Infobox_Image_-_Team.png
lp_team_765695,Barcelona BG,Barcelona BG,leaguepedia_cargo,https://lol.fandom.com/wiki/Special:Redirect/page/765695,https://lol.fandom.com/wiki/Special:Redirect/file/Barcelona_BGlogo_square.png
lp_team_765997,Genbu Gaming,Genbu Gaming,leaguepedia_cargo,https://lol.fandom.com/wiki/Special:Redirect/page/765997,https://lol.fandom.com/wiki/Special:Redirect/file/Genbu_Gaminglogo_square.png
lp_team_766419,EXILE esports,EXILE esports,leaguepedia_cargo,https://lol.fandom.com/wiki/Special:Redirect/page/766419,https://lol.fandom.com/wiki/Special:Redirect/file/EXILE_esportslogo_square.png
lp_team_766566,XtremeDominators,XtremeDominators,leaguepedia_cargo,https://lol.fandom.com/wiki/Special:Redirect/page/766566,https://lol.fandom.com/wiki/Special:Redirect/file/XtremeDominatorslogo_square.png
lp_team_766627,Triple Esports,Triple Esports,leaguepedia_cargo,https://lol.fandom.com/wiki/Special:Redirect/page/766627,https://lol.fandom.com/wiki/Special:Redirect/file/Triple_Esportslogo_profile.png
lp_team_766757,Magaza Esports,Magaza Esports,leaguepedia_cargo,https://lol.fandom.com/wiki/Special:Redirect/page/766757,https://lol.fandom.com/wiki/Special:Redirect/file/Magaza_Esportslogo_square.png
lp_team_767002,Benelux United,Benelux United,leaguepedia_cargo,https://lol.fandom.com/wiki/Special:Redirect/page/767002,https://lol.fandom.com/wiki/Special:Redirect/file/Benelux_Unitedlogo_square.png
lp_team_767109,PRIMATE,PRIMATE,leaguepedia_cargo,https://lol.fandom.com/wiki/Special:Redirect/page/767109,https://lol.fandom.com/wiki/Special:Redirect/file/PRIMATElogo_square.png
lp_team_767247,West Point Esports,West Point Esports,leaguepedia_cargo,https://lol.fandom.com/wiki/Special:Redirect/page/767247,https://lol.fandom.com/wiki/Special:Redirect/file/West_Point_Esports_Philippineslogo_square.png
lp_team_767255,SEM9 WPE,SEM9 WPE,leaguepedia_cargo,https://lol.fandom.com/wiki/Special:Redirect/page/767255,https://lol.fandom.com/wiki/Special:Redirect/file/SEM9_WPElogo_square.png
lp_team_767301,Team Insidious,Team Insidious,leaguepedia_cargo,https://lol.fandom.com/wiki/Special:Redirect/page/767301,https://lol.fandom.com/wiki/Special:Redirect/file/Team_Insidiouslogo_profile.png
lp_team_767596,Eclipse Gaming,Eclipse Gaming,leaguepedia_cargo,https://lol.fandom.com/wiki/Special:Redirect/page/767596,https://lol.fandom.com/wiki/Special:Redirect/file/Eclipse_Gaming_%28Latin_American_Team%29logo_profile.png
lp_team_767674,Cremas Esports,Cremas Esports,leaguepedia_cargo,https://lol.fandom.com/wiki/Special:Redirect/page/767674,https://lol.fandom.com/wiki/Special:Redirect/file/Cremas_Esportslogo_square.png
lp_team_767678,Red Eye Esports,Red Eye Esports,leaguepedia_cargo,https://lol.fandom.com/wiki/Special:Redirect/page/767678,https://lol.fandom.com/wiki/Special:Redirect/file/Red_Eye_Esportslogo_square.png
lp_team_767891,NARCIS,NARCIS,leaguepedia_cargo,https://lol.fandom.com/wiki/Special:Redirect/page/767891,https://lol.fandom.com/wiki/Special:Redirect/file/NARCISlogo_square.png
lp_team_768888,LiT Esports,LiT Esports,leaguepedia_cargo,https://lol.fandom.com/wiki/Special:Redirect/page/768888,https://lol.fandom.com/wiki/Special:Redirect/file/LiT_Esportslogo_square.png
lp_team_769355,Chilli Esport,Chilli Esport,leaguepedia_cargo,https://lol.fandom.com/wiki/Special:Redirect/page/769355,https://lol.fandom.com/wiki/Special:Redirect/file/Chilli_Esportlogo_square.png
lp_team_769930,Gödel Gamers,Gödel Gamers,leaguepedia_cargo,https://lol.fandom.com/wiki/Special:Redirect/page/769930,https://lol.fandom.com/wiki/Special:Redirect/file/G%C3%B6del_Gamerslogo_square.png
lp_team_769996,AOE Gold,AOE Gold,leaguepedia_cargo,https://lol.fandom.com/wiki/Special:Redirect/page/769996,https://lol.fandom.com/wiki/Special:Redirect/file/AOE_Goldlogo_square.png
lp_team_771042,Reapers Gaming,Reapers Gaming,leaguepedia_cargo,https://lol.fandom.com/wiki/Special:Redirect/page/771042,https://lol.fandom.com/wiki/Special:Redirect/file/Reapers_Gaming_%28Italian_Organisation%29logo_square.png
lp_team_771180,Aurora,Aurora,leaguepedia_cargo,https://lol.fandom.com/wiki/Special:Redirect/page/771180,https://lol.fandom.com/wiki/Special:Redirect/file/Aurora_%28Belgian_Team%29logo_profile.png
lp_team_771837,Venomcrest Esports,Venomcrest Esports,leaguepedia_cargo,https://lol.fandom.com/wiki/Special:Redirect/page/771837,https://lol.fandom.com/wiki/Special:Redirect/file/Venomcrest_Esportslogo_square.png
lp_team_772029,Zooby's Kittens,Zooby's Kittens,leaguepedia_cargo,https://lol.fandom.com/wiki/Special:Redirect/page/772029,https://lol.fandom.com/wiki/Special:Redirect/file/Zooby%27s_Kittenslogo_square.png
lp_team_772342,The Nameless,The Nameless,leaguepedia_cargo,https://lol.fandom.com/wiki/Special:Redirect/page/772342,https://lol.fandom.com/wiki/Special:Redirect/file/The_Namelesslogo_square.png
lp_team_772375,Douyin Tony Top,Douyin Tony Top,leaguepedia_cargo,https://lol.fandom.com/wiki/Special:Redirect/page/772375,https://lol.fandom.com/wiki/Special:Redirect/file/Douyin_Tony_Toplogo_square.png
lp_team_772421,Omega Gaming,Omega Gaming,leaguepedia_cargo,https://lol.fandom.com/wiki/Special:Redirect/page/772421,https://lol.fandom.com/wiki/Special:Redirect/file/Omega_Gaminglogo_square.png
lp_team_772718,Chaotic Fusion,Chaotic Fusion,leaguepedia_cargo,https://lol.fandom.com/wiki/Special:Redirect/page/772718,https://lol.fandom.com/wiki/Special:Redirect/file/Chaotic_Fusionlogo_square.png
lp_team_772842,The League of Extraordinary Monsters,The League of Extraordinary Monsters,leaguepedia_cargo,https://lol.fandom.com/wiki/Special:Redirect/page/772842,https://lol.fandom.com/wiki/Special:Redirect/file/The_League_of_Extraordinary_Monsterslogo_square.png
lp_team_772847,Contingent Esports,Contingent Esports,leaguepedia_cargo,https://lol.fandom.com/wiki/Special:Redirect/page/772847,https://lol.fandom.com/wiki/Special:Redirect/file/Contingent_Esportslogo_square.png
lp_team_772860,Lotus,Lotus,leaguepedia_cargo,https://lol.fandom.com/wiki/Special:Redirect/page/772860,https://lol.fandom.com/wiki/Special:Redirect/file/Lotus_%28North_American_Team%29logo_profile.png
lp_team_772914,Sea Dogs,Sea Dogs,leaguepedia_cargo,https://lol.fandom.com/wiki/Special:Redirect/page/772914,https://lol.fandom.com/wiki/Special:Redirect/file/Sea_Dogslogo_square.png
lp_team_773191,The Northern Front,The Northern Front,leaguepedia_cargo,https://lol.fandom.com/wiki/Special:Redirect/page/773191,https://lol.fandom.com/wiki/Special:Redirect/file/The_Northern_Frontlogo_square.png
lp_team_773198,University of St. Trevor,University of St. Trevor,leaguepedia_cargo,https://lol.fandom.com/wiki/Special:Redirect/page/773198,https://lol.fandom.com/wiki/Special:Redirect/file/University_of_St._Trevorlogo_square.png
lp_team_773270,Shadow Cool,Shadow Cool,leaguepedia_cargo,https://lol.fandom.com/wiki/Special:Redirect/page/773270,https://lol.fandom.com/wiki/Special:Redirect/file/Shadow_Corplogo_square.png
lp_team_773271,Drury University,Drury University,leaguepedia_cargo,https://lol.fandom.com/wiki/Special:Redirect/page/773271,https://lol.fandom.com/wiki/Special:Redirect/file/Drury_Universitylogo_square.png
lp_team_773435,The ParadOx Invaders,The ParadOx Invaders,leaguepedia_cargo,https://lol.fandom.com/wiki/Special:Redirect/page/773435,https://lol.fandom.com/wiki/Special:Redirect/file/The_ParadOx_Invaderslogo_square.png
lp_team_775045,Young Ninjas,Young Ninjas,leaguepedia_cargo,https://lol.fandom.com/wiki/Special:Redirect/page/775045,https://lol.fandom.com/wiki/Special:Redirect/file/Young_Ninjaslogo_profile.png
lp_team_775271,University of Mississippi,University of Mississippi,leaguepedia_cargo,https://lol.fandom.com/wiki/Special:Redirect/page/775271,https://lol.fandom.com/wiki/Special:Redirect/file/University_of_Mississippilogo_profile.png
lp_team_775476,Slash Lions,Slash Lions,leaguepedia_cargo,https://lol.fandom.com/wiki/Special:Redirect/page/775476,https://lol.fandom.com/wiki/Special:Redirect/file/Slash_Lionslogo_square.png
lp_team_775496,Twisted Minds,Twisted Minds,leaguepedia_cargo,https://lol.fandom.com/wiki/Special:Redirect/page/775496,https://lol.fandom.com/wiki/Special:Redirect/file/Twisted_Mindslogo_profile.png
lp_team_776797,Myth Esports,Myth Esports,leaguepedia_cargo,https://lol.fandom.com/wiki/Special:Redirect/page/776797,https://lol.fandom.com/wiki/Special:Redirect/file/Myth_Esportslogo_square.png
lp_team_776868,Carleton University,Carleton University,leaguepedia_cargo,https://lol.fandom.com/wiki/Special:Redirect/page/776868,https://lol.fandom.com/wiki/Special:Redirect/file/Carleton_Universitylogo_square.png
lp_team_777500,Mirage Alliance,Mirage Alliance,leaguepedia_cargo,https://lol.fandom.com/wiki/Special:Redirect/page/777500,https://lol.fandom.com/wiki/Special:Redirect/file/Mirage_Alliancelogo_square.png
lp_team_777779,Szaty Bobra,Szaty Bobra,leaguepedia_cargo,https://lol.fandom.com/wiki/Special:Redirect/page/777779,https://lol.fandom.com/wiki/Special:Redirect/file/Szaty_Bobralogo_square.png
lp_team_778235,THUNDR Esports,THUNDR Esports,leaguepedia_cargo,https://lol.fandom.com/wiki/Special:Redirect/page/778235,https://lol.fandom.com/wiki/Special:Redirect/file/THUNDR_Esportslogo_square.png
lp_team_779186,Fourth Wall,Fourth Wall,leaguepedia_cargo,https://lol.fandom.com/wiki/Special:Redirect/page/779186,https://lol.fandom.com/wiki/Special:Redirect/file/Fourth_Walllogo_profile.png
lp_team_779358,exeed,exeed,leaguepedia_cargo,https://lol.fandom.com/wiki/Special:Redirect/page/779358,https://lol.fandom.com/wiki/Special:Redirect/file/Exeedlogo_profile.png
lp_team_779937,Ji Jie Hao (集结号),Ji Jie Hao (集结号),leaguepedia_cargo,https://lol.fandom.com/wiki/Special:Redirect/page/779937,https://lol.fandom.com/wiki/Special:Redirect/file/Ji_Jie_Haologo_square.png
lp_team_780040,Anima,Anima,leaguepedia_cargo,https://lol.fandom.com/wiki/Special:Redirect/page/780040,https://lol.fandom.com/wiki/Special:Redirect/file/Animalogo_square.png
lp_team_782179,Wina Krzycha,Wina Krzycha,leaguepedia_cargo,https://lol.fandom.com/wiki/Special:Redirect/page/782179,https://lol.fandom.com/wiki/Special:Redirect/file/Wina_Krzychalogo_square.png
lp_team_782188,Akademia Hatiego 2,Akademia Hatiego 2,leaguepedia_cargo,https://lol.fandom.com/wiki/Special:Redirect/page/782188,https://lol.fandom.com/wiki/Special:Redirect/file/Akademia_Hatiego_2logo_square.png
lp_team_783687,Actions Per Minute,Actions Per Minute,leaguepedia_cargo,https://lol.fandom.com/wiki/Special:Redirect/page/783687,https://lol.fandom.com/wiki/Special:Redirect/file/Actions_Per_Minutelogo_square.png
lp_team_785038,Tiktok Tony Top,Tiktok Tony Top,leaguepedia_cargo,https://lol.fandom.com/wiki/Special:Redirect/page/785038,https://lol.fandom.com/wiki/Special:Redirect/file/Tiktok_Tony_Toplogo_square.png
lp_team_785068,Cleary University,Cleary University,leaguepedia_cargo,https://lol.fandom.com/wiki/Special:Redirect/page/785068,https://lol.fandom.com/wiki/Special:Redirect/file/Cleary_Universitylogo_square.png
lp_team_785368,Rock Bottom Esports,Rock Bottom Esports,leaguepedia_cargo,https://lol.fandom.com/wiki/Special:Redirect/page/785368,https://lol.fandom.com/wiki/Special:Redirect/file/Rock_Bottom_Esportslogo_square.png
lp_team_785396,High Tempo Esports,High Tempo Esports,leaguepedia_cargo,https://lol.fandom.com/wiki/Special:Redirect/page/785396,https://lol.fandom.com/wiki/Special:Redirect/file/High_Tempo_Esports_%28North_American_Team%29logo_square.png
lp_team_785452,Team Death Knights,Team Death Knights,leaguepedia_cargo,https://lol.fandom.com/wiki/Special:Redirect/page/785452,https://lol.fandom.com/wiki/Special:Redirect/file/Team_Death_Knightslogo_square.png
lp_team_785471,Seattle Ferocity,Seattle Ferocity,leaguepedia_cargo,https://lol.fandom.com/wiki/Special:Redirect/page/785471,https://lol.fandom.com/wiki/Special:Redirect/file/Seattle_Ferocitylogo_square.png
lp_team_785478,Team Plink,Team Plink,leaguepedia_cargo,https://lol.fandom.com/wiki/Special:Redirect/page/785478,https://lol.fandom.com/wiki/Special:Redirect/file/Team_Plinklogo_square.png
lp_team_785488,Miracle,Miracle,leaguepedia_cargo,https://lol.fandom.com/wiki/Special:Redirect/page/785488,https://lol.fandom.com/wiki/Special:Redirect/file/Miracle_%28North_American_Team%29logo_square.png
lp_team_785501,Return of the Middlesticks,Return of the Middlesticks,leaguepedia_cargo,https://lol.fandom.com/wiki/Special:Redirect/page/785501,https://lol.fandom.com/wiki/Special:Redirect/file/Return_of_the_Middlestickslogo_square.png
lp_team_786210,CCG Esports,CCG Esports,leaguepedia_cargo,https://lol.fandom.com/wiki/Special:Redirect/page/786210,https://lol.fandom.com/wiki/Special:Redirect/file/CCG_Esportslogo_profile.png
lp_team_786470,Shih Hsin Meow Meow (世新喵喵),Shih Hsin Meow Meow (世新喵喵),leaguepedia_cargo,https://lol.fandom.com/wiki/Special:Redirect/page/786470,https://lol.fandom.com/wiki/Special:Redirect/file/Shih_Hsin_Meow_Meowlogo_profile.png
lp_team_787644,Anonymo Esports,Anonymo Esports,leaguepedia_cargo,https://lol.fandom.com/wiki/Special:Redirect/page/787644,https://lol.fandom.com/wiki/Special:Redirect/file/Anonymo_Esportslogo_square.png
lp_team_788250,Universitario Esports,Universitario Esports,leaguepedia_cargo,https://lol.fandom.com/wiki/Special:Redirect/page/788250,https://lol.fandom.com/wiki/Special:Redirect/file/Universitario_Esportslogo_square.png
lp_team_789856,NOVO Esports,NOVO Esports,leaguepedia_cargo,https://lol.fandom.com/wiki/Special:Redirect/page/789856,https://lol.fandom.com/wiki/Special:Redirect/file/NOVO_Esportslogo_square.png
lp_team_789963,Rise Gaming Ignis,Rise Gaming Ignis,leaguepedia_cargo,https://lol.fandom.com/wiki/Special:Redirect/page/789963,https://lol.fandom.com/wiki/Special:Redirect/file/Rise_Gaming_Ignislogo_square.png
lp_team_793140,IMPERISHABLE CLAN,IMPERISHABLE CLAN,leaguepedia_cargo,https://lol.fandom.com/wiki/Special:Redirect/page/793140,https://lol.fandom.com/wiki/Special:Redirect/file/IMPERISHABLE_CLANlogo_square.png
lp_team_793615,Storm Teams (樹德暴風樹),Storm Teams (樹德暴風樹),leaguepedia_cargo,https://lol.fandom.com/wiki/Special:Redirect/page/793615,https://lol.fandom.com/wiki/Special:Redirect/file/Storm_Teamslogo_square.png
lp_team_796388,STAR,STAR,leaguepedia_cargo,https://lol.fandom.com/wiki/Special:Redirect/page/796388,https://lol.fandom.com/wiki/Special:Redirect/file/STAR_%28Russian_Team%29logo_square.png
lp_team_796399,VITA,VITA,leaguepedia_cargo,https://lol.fandom.com/wiki/Special:Redirect/page/796399,https://lol.fandom.com/wiki/Special:Redirect/file/VITA_%28Icelandic_Team%29logo_square.png
lp_team_796783,The Last Dance,The Last Dance,leaguepedia_cargo,https://lol.fandom.com/wiki/Special:Redirect/page/796783,https://lol.fandom.com/wiki/Special:Redirect/file/The_Last_Dancelogo_square.png
lp_team_796793,Team Tony Top,Team Tony Top,leaguepedia_cargo,https://lol.fandom.com/wiki/Special:Redirect/page/796793,https://lol.fandom.com/wiki/Special:Redirect/file/Team_Tony_Toplogo_square.png
lp_team_796803,NRG Challengers,NRG Challengers,leaguepedia_cargo,https://lol.fandom.com/wiki/Special:Redirect/page/796803,https://lol.fandom.com/wiki/Special:Redirect/file/NRG_Challengerslogo_square.png
lp_team_797123,MiaoJing (妙竞),MiaoJing (妙竞),leaguepedia_cargo,https://lol.fandom.com/wiki/Special:Redirect/page/797123,https://lol.fandom.com/wiki/Special:Redirect/file/MiaoJinglogo_square.png
lp_team_797598,Team Omniscius H,Team Omniscius H,leaguepedia_cargo,https://lol.fandom.com/wiki/Special:Redirect/page/797598,https://lol.fandom.com/wiki/Special:Redirect/file/Team_Omniscius_Hlogo_square.png
lp_team_798497,Boutgamers sexy edition,Boutgamers sexy edition,leaguepedia_cargo,https://lol.fandom.com/wiki/Special:Redirect/page/798497,https://lol.fandom.com/wiki/Special:Redirect/file/Boutgamerslogo_profile.png
lp_team_798534,Karolinerna,Karolinerna,leaguepedia_cargo,https://lol.fandom.com/wiki/Special:Redirect/page/798534,https://lol.fandom.com/wiki/Special:Redirect/file/Karolinernalogo_square.png
lp_team_798791,Maturalni Forsaken Academy,Maturalni Forsaken Academy,leaguepedia_cargo,https://lol.fandom.com/wiki/Special:Redirect/page/798791,https://lol.fandom.com/wiki/Special:Redirect/file/Maturalni_Forsaken_Academylogo_square.png
lp_team_798997,Kumiho Esports,Kumiho Esports,leaguepedia_cargo,https://lol.fandom.com/wiki/Special:Redirect/page/798997,https://lol.fandom.com/wiki/Special:Redirect/file/Kumiho_Esportslogo_square.png
lp_team_799047,OP Gaming,OP Gaming,leaguepedia_cargo,https://lol.fandom.com/wiki/Special:Redirect/page/799047,https://lol.fandom.com/wiki/Special:Redirect/file/OP_Gaminglogo_square.png
lp_team_799069,E-nsane Gaming,E-nsane Gaming,leaguepedia_cargo,https://lol.fandom.com/wiki/Special:Redirect/page/799069,https://lol.fandom.com/wiki/Special:Redirect/file/E-nsane_Gaminglogo_profile.png
lp_team_799098,The Last Monk,The Last Monk,leaguepedia_cargo,https://lol.fandom.com/wiki/Special:Redirect/page/799098,https://lol.fandom.com/wiki/Special:Redirect/file/The_Last_Monklogo_square.png
lp_team_799324,Vitality Rising Bees,Vitality Rising Bees,leaguepedia_cargo,https://lol.fandom.com/wiki/Special:Redirect/page/799324,https://lol.fandom.com/wiki/Special:Redirect/file/Vitality_Rising_Beeslogo_square.png
lp_team_799729,KODE Gaming,KODE Gaming,leaguepedia_cargo,https://lol.fandom.com/wiki/Special:Redirect/page/799729,https://lol.fandom.com/wiki/Special:Redirect/file/KODE_Gaminglogo_square.png
lp_team_799824,Shadow RGS,Shadow RGS,leaguepedia_cargo,https://lol.fandom.com/wiki/Special:Redirect/page/799824,https://lol.fandom.com/wiki/Special:Redirect/file/Shadow_Corplogo_square.png
lp_team_799872,Heracles Gaming,Heracles Gaming,leaguepedia_cargo,https://lol.fandom.com/wiki/Special:Redirect/page/799872,https://lol.fandom.com/wiki/Special:Redirect/file/Heracles_Gaminglogo_square.png
lp_team_799882,PDK Sideral,PDK Sideral,leaguepedia_cargo,https://lol.fandom.com/wiki/Special:Redirect/page/799882,https://lol.fandom.com/wiki/Special:Redirect/file/PDK_Siderallogo_square.png
lp_team_799974,Vertex Esports Club,Vertex Esports Club,leaguepedia_cargo,https://lol.fandom.com/wiki/Special:Redirect/page/799974,https://lol.fandom.com/wiki/Special:Redirect/file/Vertex_Esports_Clublogo_profile.png
lp_team_800707,MHSC Esport,MHSC Esport,leaguepedia_cargo,https://lol.fandom.com/wiki/Special:Redirect/page/800707,https://lol.fandom.com/wiki/Special:Redirect/file/MHSC_Esportlogo_square.png
lp_team_800723,HANJIN BRION,HANJIN BRION,leaguepedia_cargo,https://lol.fandom.com/wiki/Special:Redirect/page/800723,https://lol.fandom.com/wiki/Special:Redirect/file/HANJIN_BRIONlogo_profile.png
lp_team_800725,HANJIN BRION Challengers,HANJIN BRION Challengers,leaguepedia_cargo,https://lol.fandom.com/wiki/Special:Redirect/page/800725,https://lol.fandom.com/wiki/Special:Redirect/file/HANJIN_BRIONlogo_profile.png
lp_team_800727,HANJIN BRION Academy,HANJIN BRION Academy,leaguepedia_cargo,https://lol.fandom.com/wiki/Special:Redirect/page/800727,https://lol.fandom.com/wiki/Special:Redirect/file/HANJIN_BRIONlogo_profile.png
lp_team_800950,SPIKE Syndicate,SPIKE Syndicate,leaguepedia_cargo,https://lol.fandom.com/wiki/Special:Redirect/page/800950,https://lol.fandom.com/wiki/Special:Redirect/file/SPIKE_Syndicatelogo_profile.png
lp_team_801781,Back2TheGame,Back2TheGame,leaguepedia_cargo,https://lol.fandom.com/wiki/Special:Redirect/page/801781,https://lol.fandom.com/wiki/Special:Redirect/file/Back2TheGamelogo_profile.png
lp_team_801947,Disguised,Disguised,leaguepedia_cargo,https://lol.fandom.com/wiki/Special:Redirect/page/801947,https://lol.fandom.com/wiki/Special:Redirect/file/Disguisedlogo_profile.png
lp_team_802434,HNVR Esports,HNVR Esports,leaguepedia_cargo,https://lol.fandom.com/wiki/Special:Redirect/page/802434,https://lol.fandom.com/wiki/Special:Redirect/file/HNVR_Esportslogo_square.png
lp_team_802542,Baby Whales,Baby Whales,leaguepedia_cargo,https://lol.fandom.com/wiki/Special:Redirect/page/802542,https://lol.fandom.com/wiki/Special:Redirect/file/Baby_Whaleslogo_square.png
lp_team_802721,Direct Rising eSports,Direct Rising eSports,leaguepedia_cargo,https://lol.fandom.com/wiki/Special:Redirect/page/802721,https://lol.fandom.com/wiki/Special:Redirect/file/Direct_Rising_eSportslogo_square.png
lp_team_803273,Keypulse Esports,Keypulse Esports,leaguepedia_cargo,https://lol.fandom.com/wiki/Special:Redirect/page/803273,https://lol.fandom.com/wiki/Special:Redirect/file/Keypulse_Esportslogo_square.png
lp_team_803425,NXT,NXT,leaguepedia_cargo,https://lol.fandom.com/wiki/Special:Redirect/page/803425,https://lol.fandom.com/wiki/Special:Redirect/file/NXTlogo_profile.png
lp_team_803432,Jörmungang,Jörmungang,leaguepedia_cargo,https://lol.fandom.com/wiki/Special:Redirect/page/803432,https://lol.fandom.com/wiki/Special:Redirect/file/J%C3%B6rmunganglogo_square.png
lp_team_803480,Team UNiTY,Team UNiTY,leaguepedia_cargo,https://lol.fandom.com/wiki/Special:Redirect/page/803480,https://lol.fandom.com/wiki/Special:Redirect/file/Team_UNiTYlogo_square.png
lp_team_803556,Fullclear Esports,Fullclear Esports,leaguepedia_cargo,https://lol.fandom.com/wiki/Special:Redirect/page/803556,https://lol.fandom.com/wiki/Special:Redirect/file/Fullclear_Esportslogo_square.png
lp_team_803595,STRAW,STRAW,leaguepedia_cargo,https://lol.fandom.com/wiki/Special:Redirect/page/803595,https://lol.fandom.com/wiki/Special:Redirect/file/STRAWlogo_square.png
lp_team_803623,KOI Amethyst,KOI Amethyst,leaguepedia_cargo,https://lol.fandom.com/wiki/Special:Redirect/page/803623,https://lol.fandom.com/wiki/Special:Redirect/file/KOI_Amethystlogo_square.png
lp_team_804179,Eternal Fire,Eternal Fire,leaguepedia_cargo,https://lol.fandom.com/wiki/Special:Redirect/page/804179,https://lol.fandom.com/wiki/Special:Redirect/file/Eternal_Firelogo_square.png
lp_team_804472,Spicy Gorillas,Spicy Gorillas,leaguepedia_cargo,https://lol.fandom.com/wiki/Special:Redirect/page/804472,https://lol.fandom.com/wiki/Special:Redirect/file/Spicy_Gorillaslogo_square.png
lp_team_804693,HVFC Bakeca Academy,HVFC Bakeca Academy,leaguepedia_cargo,https://lol.fandom.com/wiki/Special:Redirect/page/804693,https://lol.fandom.com/wiki/Special:Redirect/file/HVFC_Bakeca_Academylogo_square.png
lp_team_805851,Hurricane of Feathers,Hurricane of Feathers,leaguepedia_cargo,https://lol.fandom.com/wiki/Special:Redirect/page/805851,https://lol.fandom.com/wiki/Special:Redirect/file/Hurricane_of_Featherslogo_square.png
lp_team_805924,Senshi Esports Club,Senshi Esports Club,leaguepedia_cargo,https://lol.fandom.com/wiki/Special:Redirect/page/805924,https://lol.fandom.com/wiki/Special:Redirect/file/Senshi_Esports_Clublogo_profile.png
lp_team_805926,Leões Porto Salvo Esports,Leões Porto Salvo Esports,leaguepedia_cargo,https://lol.fandom.com/wiki/Special:Redirect/page/805926,https://lol.fandom.com/wiki/Special:Redirect/file/Le%C3%B5es_Porto_Salvo_Esportslogo_square.png
lp_team_806999,Team GO Aurora,Team GO Aurora,leaguepedia_cargo,https://lol.fandom.com/wiki/Special:Redirect/page/806999,https://lol.fandom.com/wiki/Special:Redirect/file/Team_GO_Auroralogo_square.png
lp_team_807461,Team Amazigh,Team Amazigh,leaguepedia_cargo,https://lol.fandom.com/wiki/Special:Redirect/page/807461,https://lol.fandom.com/wiki/Special:Redirect/file/Team_Amazighlogo_square.png
lp_team_808170,Pegasus Esports,Pegasus Esports,leaguepedia_cargo,https://lol.fandom.com/wiki/Special:Redirect/page/808170,https://lol.fandom.com/wiki/Special:Redirect/file/Pegasus_Esportslogo_square.png
lp_team_808371,Lionscreed,Lionscreed,leaguepedia_cargo,https://lol.fandom.com/wiki/Special:Redirect/page/808371,https://lol.fandom.com/wiki/Special:Redirect/file/Lionscreedlogo_square.png
lp_team_808575,PaiN Gaming Ignis,PaiN Gaming Ignis,leaguepedia_cargo,https://lol.fandom.com/wiki/Special:Redirect/page/808575,https://lol.fandom.com/wiki/Special:Redirect/file/PaiN_Gaming_Femalelogo_square.png
lp_team_810428,Lynch Esports,Lynch Esports,leaguepedia_cargo,https://lol.fandom.com/wiki/Special:Redirect/page/810428,https://lol.fandom.com/wiki/Special:Redirect/file/Lynch_Esportslogo_square.png
lp_team_810441,Comanchero Gaming,Comanchero Gaming,leaguepedia_cargo,https://lol.fandom.com/wiki/Special:Redirect/page/810441,https://lol.fandom.com/wiki/Special:Redirect/file/Comanchero_Gaminglogo_square.png
lp_team_810467,Furious Five,Furious Five,leaguepedia_cargo,https://lol.fandom.com/wiki/Special:Redirect/page/810467,https://lol.fandom.com/wiki/Special:Redirect/file/Furious_Fivelogo_square.png
lp_team_810573,Phoenix Esports,Phoenix Esports,leaguepedia_cargo,https://lol.fandom.com/wiki/Special:Redirect/page/810573,https://lol.fandom.com/wiki/Special:Redirect/file/Phoenix_Esports_%28Turkish_Team%29logo_square.png
lp_team_811330,Chasing Haze 07,Chasing Haze 07,leaguepedia_cargo,https://lol.fandom.com/wiki/Special:Redirect/page/811330,https://lol.fandom.com/wiki/Special:Redirect/file/Chasing_Haze_07logo_square.png
lp_team_811387,Beetle Juice,Beetle Juice,leaguepedia_cargo,https://lol.fandom.com/wiki/Special:Redirect/page/811387,https://lol.fandom.com/wiki/Special:Redirect/file/Beetle_Juicelogo_square.png
lp_team_812578,Always With Honor,Always With Honor,leaguepedia_cargo,https://lol.fandom.com/wiki/Special:Redirect/page/812578,https://lol.fandom.com/wiki/Special:Redirect/file/Always_With_Honor_%28Turkish_Team%29logo_square.png
lp_team_812585,Looking for ORG,Looking for ORG,leaguepedia_cargo,https://lol.fandom.com/wiki/Special:Redirect/page/812585,https://lol.fandom.com/wiki/Special:Redirect/file/Looking_for_ORG_%28Turkish_Team%29logo_square.png
lp_team_812636,Dango,Dango,leaguepedia_cargo,https://lol.fandom.com/wiki/Special:Redirect/page/812636,https://lol.fandom.com/wiki/Special:Redirect/file/Dangologo_square.png
lp_team_812828,BOOBA,BOOBA,leaguepedia_cargo,https://lol.fandom.com/wiki/Special:Redirect/page/812828,https://lol.fandom.com/wiki/Special:Redirect/file/BOOBAlogo_square.png
lp_team_813381,Dream Makers,Dream Makers,leaguepedia_cargo,https://lol.fandom.com/wiki/Special:Redirect/page/813381,https://lol.fandom.com/wiki/Special:Redirect/file/Dream_Makerslogo_square.png
lp_team_813561,Coven,Coven,leaguepedia_cargo,https://lol.fandom.com/wiki/Special:Redirect/page/813561,https://lol.fandom.com/wiki/Special:Redirect/file/Covenlogo_square.png
lp_team_816564,Kun Shan Lightning Tiger (崑大閃電虎),Kun Shan Lightning Tiger (崑大閃電虎),leaguepedia_cargo,https://lol.fandom.com/wiki/Special:Redirect/page/816564,https://lol.fandom.com/wiki/Special:Redirect/file/Kun_Shan_Lightning_Tigerlogo_square.png
lp_team_818487,Lotus Exiles,Lotus Exiles,leaguepedia_cargo,https://lol.fandom.com/wiki/Special:Redirect/page/818487,https://lol.fandom.com/wiki/Special:Redirect/file/Lotus_Exileslogo_square.png
lp_team_818494,RAWR ShadowZ Fan Club,RAWR ShadowZ Fan Club,leaguepedia_cargo,https://lol.fandom.com/wiki/Special:Redirect/page/818494,https://lol.fandom.com/wiki/Special:Redirect/file/RAWR_ShadowZ_Fan_Clublogo_square.png
lp_team_818857,Akuma Scythes,Akuma Scythes,leaguepedia_cargo,https://lol.fandom.com/wiki/Special:Redirect/page/818857,https://lol.fandom.com/wiki/Special:Redirect/file/Akuma_Scytheslogo_square.png
lp_team_818867,Cold Hearted,Cold Hearted,leaguepedia_cargo,https://lol.fandom.com/wiki/Special:Redirect/page/818867,https://lol.fandom.com/wiki/Special:Redirect/file/Cold_Heartedlogo_square.png
lp_team_819022,Infusion,Infusion,leaguepedia_cargo,https://lol.fandom.com/wiki/Special:Redirect/page/819022,https://lol.fandom.com/wiki/Special:Redirect/file/Infusionlogo_square.png
lp_team_819028,Komodo,Komodo,leaguepedia_cargo,https://lol.fandom.com/wiki/Special:Redirect/page/819028,https://lol.fandom.com/wiki/Special:Redirect/file/Komodo_%28North_American_Team%29logo_square.png
lp_team_819076,The Cheese Chasers,The Cheese Chasers,leaguepedia_cargo,https://lol.fandom.com/wiki/Special:Redirect/page/819076,https://lol.fandom.com/wiki/Special:Redirect/file/The_Cheese_Chaserslogo_square.png
lp_team_819102,Froggy Five,Froggy Five,leaguepedia_cargo,https://lol.fandom.com/wiki/Special:Redirect/page/819102,https://lol.fandom.com/wiki/Special:Redirect/file/Froggy_Fivelogo_square.png
lp_team_819128,Kelyx's Grandpa Gamers,Kelyx's Grandpa Gamers,leaguepedia_cargo,https://lol.fandom.com/wiki/Special:Redirect/page/819128,https://lol.fandom.com/wiki/Special:Redirect/file/Kelyx%27s_Grandpa_Gamerslogo_square.png
lp_team_819137,Aporia,Aporia,leaguepedia_cargo,https://lol.fandom.com/wiki/Special:Redirect/page/819137,https://lol.fandom.com/wiki/Special:Redirect/file/Aporialogo_square.png
lp_team_819183,Apex Mission Impossible,Apex Mission Impossible,leaguepedia_cargo,https://lol.fandom.com/wiki/Special:Redirect/page/819183,https://lol.fandom.com/wiki/Special:Redirect/file/Apex_Mission_Impossiblelogo_square.png
lp_team_819204,Blue Otter,Blue Otter,leaguepedia_cargo,https://lol.fandom.com/wiki/Special:Redirect/page/819204,https://lol.fandom.com/wiki/Special:Redirect/file/Blue_Otterlogo_square.png
lp_team_819213,Teamless Revenge,Teamless Revenge,leaguepedia_cargo,https://lol.fandom.com/wiki/Special:Redirect/page/819213,https://lol.fandom.com/wiki/Special:Redirect/file/Teamless_Revengelogo_square.png
lp_team_819235,Young Buffalos,Young Buffalos,leaguepedia_cargo,https://lol.fandom.com/wiki/Special:Redirect/page/819235,https://lol.fandom.com/wiki/Special:Redirect/file/Young_Buffaloslogo_square.png
lp_team_819250,Single Target Healing,Single Target Healing,leaguepedia_cargo,https://lol.fandom.com/wiki/Special:Redirect/page/819250,https://lol.fandom.com/wiki/Special:Redirect/file/Single_Target_Healinglogo_square.png
lp_team_819261,Chaotic Solar,Chaotic Solar,leaguepedia_cargo,https://lol.fandom.com/wiki/Special:Redirect/page/819261,https://lol.fandom.com/wiki/Special:Redirect/file/Chaotic_Solarlogo_square.png
lp_team_819267,UCXD,UCXD,leaguepedia_cargo,https://lol.fandom.com/wiki/Special:Redirect/page/819267,https://lol.fandom.com/wiki/Special:Redirect/file/UCXDlogo_square.png
lp_team_819282,Palisade Esports,Palisade Esports,leaguepedia_cargo,https://lol.fandom.com/wiki/Special:Redirect/page/819282,https://lol.fandom.com/wiki/Special:Redirect/file/Palisade_Esportslogo_square.png
lp_team_819293,BEAGLE BROTHERS,BEAGLE BROTHERS,leaguepedia_cargo,https://lol.fandom.com/wiki/Special:Redirect/page/819293,https://lol.fandom.com/wiki/Special:Redirect/file/BEAGLE_BROTHERSlogo_square.png
lp_team_819304,Havoc Gaming,Havoc Gaming,leaguepedia_cargo,https://lol.fandom.com/wiki/Special:Redirect/page/819304,https://lol.fandom.com/wiki/Special:Redirect/file/Havoc_Gaminglogo_square.png
lp_team_819321,team xo,team xo,leaguepedia_cargo,https://lol.fandom.com/wiki/Special:Redirect/page/819321,https://lol.fandom.com/wiki/Special:Redirect/file/Team_xologo_square.png
lp_team_819327,Able Esports,Able Esports,leaguepedia_cargo,https://lol.fandom.com/wiki/Special:Redirect/page/819327,https://lol.fandom.com/wiki/Special:Redirect/file/Able_Esportslogo_square.png
lp_team_819350,Carolina Reapers,Carolina Reapers,leaguepedia_cargo,https://lol.fandom.com/wiki/Special:Redirect/page/819350,https://lol.fandom.com/wiki/Special:Redirect/file/Carolina_Reaperslogo_square.png
lp_team_819435,Cosa Gamers,Cosa Gamers,leaguepedia_cargo,https://lol.fandom.com/wiki/Special:Redirect/page/819435,https://lol.fandom.com/wiki/Special:Redirect/file/Cosa_Gamerslogo_square.png
lp_team_819482,Team Coachify,Team Coachify,leaguepedia_cargo,https://lol.fandom.com/wiki/Special:Redirect/page/819482,https://lol.fandom.com/wiki/Special:Redirect/file/Team_Coachifylogo_square.png
lp_team_819493,Gentle Hearts Gaming,Gentle Hearts Gaming,leaguepedia_cargo,https://lol.fandom.com/wiki/Special:Redirect/page/819493,https://lol.fandom.com/wiki/Special:Redirect/file/Gentle_Hearts_Gaminglogo_square.png
lp_team_819514,Genetics Gap,Genetics Gap,leaguepedia_cargo,https://lol.fandom.com/wiki/Special:Redirect/page/819514,https://lol.fandom.com/wiki/Special:Redirect/file/Genetics_Gaplogo_square.png
lp_team_819519,Final Form,Final Form,leaguepedia_cargo,https://lol.fandom.com/wiki/Special:Redirect/page/819519,https://lol.fandom.com/wiki/Special:Redirect/file/Final_Formlogo_square.png
lp_team_819553,Dont Ban Gragas,Dont Ban Gragas,leaguepedia_cargo,https://lol.fandom.com/wiki/Special:Redirect/page/819553,https://lol.fandom.com/wiki/Special:Redirect/file/Dont_Ban_Gragaslogo_square.png
lp_team_819565,WANG DYNASTY,WANG DYNASTY,leaguepedia_cargo,https://lol.fandom.com/wiki/Special:Redirect/page/819565,https://lol.fandom.com/wiki/Special:Redirect/file/WANG_DYNASTYlogo_square.png
lp_team_819570,cannot be asked,cannot be asked,leaguepedia_cargo,https://lol.fandom.com/wiki/Special:Redirect/page/819570,https://lol.fandom.com/wiki/Special:Redirect/file/Cannot_be_askedlogo_square.png
lp_team_819584,Baby Paradise,Baby Paradise,leaguepedia_cargo,https://lol.fandom.com/wiki/Special:Redirect/page/819584,https://lol.fandom.com/wiki/Special:Redirect/file/Baby_Paradiselogo_square.png
lp_team_819596,Nuke Hunters,Nuke Hunters,leaguepedia_cargo,https://lol.fandom.com/wiki/Special:Redirect/page/819596,https://lol.fandom.com/wiki/Special:Redirect/file/Nuke_Hunterslogo_square.png
lp_team_819610,MorningStar Legends,MorningStar Legends,leaguepedia_cargo,https://lol.fandom.com/wiki/Special:Redirect/page/819610,https://lol.fandom.com/wiki/Special:Redirect/file/MorningStar_Legendslogo_square.png
lp_team_819623,To The Arena,To The Arena,leaguepedia_cargo,https://lol.fandom.com/wiki/Special:Redirect/page/819623,https://lol.fandom.com/wiki/Special:Redirect/file/To_The_Arenalogo_square.png
lp_team_819649,Rise Gaming,Rise Gaming,leaguepedia_cargo,https://lol.fandom.com/wiki/Special:Redirect/page/819649,https://lol.fandom.com/wiki/Special:Redirect/file/Rise_Gaminglogo_square.png
lp_team_819660,Raizen E-Sports,Raizen E-Sports,leaguepedia_cargo,https://lol.fandom.com/wiki/Special:Redirect/page/819660,https://lol.fandom.com/wiki/Special:Redirect/file/Raizen_E-Sportslogo_square.png
lp_team_819680,Raizen Kicks,Raizen Kicks,leaguepedia_cargo,https://lol.fandom.com/wiki/Special:Redirect/page/819680,https://lol.fandom.com/wiki/Special:Redirect/file/Raizen_Kickslogo_square.png
lp_team_822174,CTBC Flying Oyster Academy,CTBC Flying Oyster Academy,leaguepedia_cargo,https://lol.fandom.com/wiki/Special:Redirect/page/822174,https://lol.fandom.com/wiki/Special:Redirect/file/CTBC_Flying_Oyster_Academylogo_square.png
lp_team_823221,Team BDS Valkyries,Team BDS Valkyries,leaguepedia_cargo,https://lol.fandom.com/wiki/Special:Redirect/page/823221,https://lol.fandom.com/wiki/Special:Redirect/file/Team_BDS_Valkyrieslogo_square.png
lp_team_828209,Jlingz Esports,Jlingz Esports,leaguepedia_cargo,https://lol.fandom.com/wiki/Special:Redirect/page/828209,https://lol.fandom.com/wiki/Special:Redirect/file/Jlingz_Esportslogo_square.png
lp_team_828427,Senshi eSports,Senshi eSports,leaguepedia_cargo,https://lol.fandom.com/wiki/Special:Redirect/page/828427,https://lol.fandom.com/wiki/Special:Redirect/file/Senshi_eSports_%28Benelux_Team%29logo_square.png
lp_team_828510,Taipei Bravo,Taipei Bravo,leaguepedia_cargo,https://lol.fandom.com/wiki/Special:Redirect/page/828510,https://lol.fandom.com/wiki/Special:Redirect/file/Taipei_Bravologo_square.png
lp_team_828518,Deep Cross Gaming Academy,Deep Cross Gaming Academy,leaguepedia_cargo,https://lol.fandom.com/wiki/Special:Redirect/page/828518,https://lol.fandom.com/wiki/Special:Redirect/file/Deep_Cross_Gaming_Academylogo_square.png
lp_team_828705,Alternative Gaming,Alternative Gaming,leaguepedia_cargo,https://lol.fandom.com/wiki/Special:Redirect/page/828705,https://lol.fandom.com/wiki/Special:Redirect/file/Alternative_Gaminglogo_profile.png
lp_team_828767,Dewish Tnu Team,Dewish Tnu Team,leaguepedia_cargo,https://lol.fandom.com/wiki/Special:Redirect/page/828767,https://lol.fandom.com/wiki/Special:Redirect/file/Dewish_Tnu_Teamlogo_square.png
lp_team_828863,West Point Esports Academy,West Point Esports Academy,leaguepedia_cargo,https://lol.fandom.com/wiki/Special:Redirect/page/828863,https://lol.fandom.com/wiki/Special:Redirect/file/West_Point_Esports_Academylogo_square.png
lp_team_829277,Reborn Esport,Reborn Esport,leaguepedia_cargo,https://lol.fandom.com/wiki/Special:Redirect/page/829277,https://lol.fandom.com/wiki/Special:Redirect/file/Reborn_Esportlogo_square.png
lp_team_830490,Team Secret Academy,Team Secret Academy,leaguepedia_cargo,https://lol.fandom.com/wiki/Special:Redirect/page/830490,https://lol.fandom.com/wiki/Special:Redirect/file/Team_Secret_%28Vietnamese_Team%29_Academylogo_square.png
lp_team_831118,H34T Young Flames,H34T Young Flames,leaguepedia_cargo,https://lol.fandom.com/wiki/Special:Redirect/page/831118,https://lol.fandom.com/wiki/Special:Redirect/file/H34T_Young_Flameslogo_square.png
lp_team_831784,MIBR,MIBR,leaguepedia_cargo,https://lol.fandom.com/wiki/Special:Redirect/page/831784,https://lol.fandom.com/wiki/Special:Redirect/file/MIBRlogo_square.png
lp_team_833392,Shopify Rebellion,Shopify Rebellion,leaguepedia_cargo,https://lol.fandom.com/wiki/Special:Redirect/page/833392,https://lol.fandom.com/wiki/Special:Redirect/file/Shopify_Rebellionlogo_profile.png
lp_team_833921,Nate.A,Nate.A,leaguepedia_cargo,https://lol.fandom.com/wiki/Special:Redirect/page/833921,https://lol.fandom.com/wiki/Special:Redirect/file/Nate.Alogo_square.png
lp_team_833931,Nate9527,Nate9527,leaguepedia_cargo,https://lol.fandom.com/wiki/Special:Redirect/page/833931,https://lol.fandom.com/wiki/Special:Redirect/file/Nate9527logo_square.png
lp_team_833961,Savannah College of Art and Design,Savannah College of Art and Design,leaguepedia_cargo,https://lol.fandom.com/wiki/Special:Redirect/page/833961,https://lol.fandom.com/wiki/Special:Redirect/file/Savannah_College_of_Art_and_Designlogo_square.png
lp_team_834573,TES,TES,leaguepedia_cargo,https://lol.fandom.com/wiki/Special:Redirect/page/834573,https://lol.fandom.com/wiki/Special:Redirect/file/TES_%28Hong_Kong_Team%29logo_square.png
lp_team_834609,Delta Syndicate,Delta Syndicate,leaguepedia_cargo,https://lol.fandom.com/wiki/Special:Redirect/page/834609,https://lol.fandom.com/wiki/Special:Redirect/file/Delta_Syndicatelogo_square.png
lp_team_834673,Risen Esports,Risen Esports,leaguepedia_cargo,https://lol.fandom.com/wiki/Special:Redirect/page/834673,https://lol.fandom.com/wiki/Special:Redirect/file/Risen_Esportslogo_square.png
lp_team_834845,BENZO esport,BENZO esport,leaguepedia_cargo,https://lol.fandom.com/wiki/Special:Redirect/page/834845,https://lol.fandom.com/wiki/Special:Redirect/file/BENZO_esportlogo_square.png
lp_team_835030,Mirage Alliance Developmental,Mirage Alliance Developmental,leaguepedia_cargo,https://lol.fandom.com/wiki/Special:Redirect/page/835030,https://lol.fandom.com/wiki/Special:Redirect/file/Mirage_Alliance_Developmentallogo_square.png
lp_team_835355,Dango SB,Dango SB,leaguepedia_cargo,https://lol.fandom.com/wiki/Special:Redirect/page/835355,https://lol.fandom.com/wiki/Special:Redirect/file/Dango_SBlogo_square.png
lp_team_836103,Black Lotus,Black Lotus,leaguepedia_cargo,https://lol.fandom.com/wiki/Special:Redirect/page/836103,https://lol.fandom.com/wiki/Special:Redirect/file/Black_Lotuslogo_square.png
lp_team_836117,Keep Pathing Bot,Keep Pathing Bot,leaguepedia_cargo,https://lol.fandom.com/wiki/Special:Redirect/page/836117,https://lol.fandom.com/wiki/Special:Redirect/file/Keep_Pathing_Botlogo_square.png
lp_team_836508,Ranking Esports,Ranking Esports,leaguepedia_cargo,https://lol.fandom.com/wiki/Special:Redirect/page/836508,https://lol.fandom.com/wiki/Special:Redirect/file/Ranking_Esportslogo_square.png
lp_team_837026,RQS Esports,RQS Esports,leaguepedia_cargo,https://lol.fandom.com/wiki/Special:Redirect/page/837026,https://lol.fandom.com/wiki/Special:Redirect/file/RQS_Esportslogo_square.png
lp_team_837146,Mind Blue eSports,Mind Blue eSports,leaguepedia_cargo,https://lol.fandom.com/wiki/Special:Redirect/page/837146,https://lol.fandom.com/wiki/Special:Redirect/file/Mind_Blue_eSportslogo_square.png
lp_team_837325,Luminox Planet,Luminox Planet,leaguepedia_cargo,https://lol.fandom.com/wiki/Special:Redirect/page/837325,https://lol.fandom.com/wiki/Special:Redirect/file/Luminox_Planetlogo_square.png
lp_team_837385,Guerreiras Brownie Vortex,Guerreiras Brownie Vortex,leaguepedia_cargo,https://lol.fandom.com/wiki/Special:Redirect/page/837385,https://lol.fandom.com/wiki/Special:Redirect/file/Guerreiras_Brownie_Vortexlogo_square.png
lp_team_837450,Team Mythic,Team Mythic,leaguepedia_cargo,https://lol.fandom.com/wiki/Special:Redirect/page/837450,https://lol.fandom.com/wiki/Special:Redirect/file/Team_Mythiclogo_square.png
lp_team_837484,Peach Cats,Peach Cats,leaguepedia_cargo,https://lol.fandom.com/wiki/Special:Redirect/page/837484,https://lol.fandom.com/wiki/Special:Redirect/file/Peach_Catslogo_square.png
lp_team_838003,Gity Meavedronu,Gity Meavedronu,leaguepedia_cargo,https://lol.fandom.com/wiki/Special:Redirect/page/838003,https://lol.fandom.com/wiki/Special:Redirect/file/Gity_Meavedronulogo_profile.png
lp_team_838526,Clown Gaming,Clown Gaming,leaguepedia_cargo,https://lol.fandom.com/wiki/Special:Redirect/page/838526,https://lol.fandom.com/wiki/Special:Redirect/file/Clown_Gaminglogo_square.png
lp_team_838714,Lazy In Life,Lazy In Life,leaguepedia_cargo,https://lol.fandom.com/wiki/Special:Redirect/page/838714,https://lol.fandom.com/wiki/Special:Redirect/file/Lazy_In_Lifelogo_square.png
lp_team_839718,Erfolg Esports,Erfolg Esports,leaguepedia_cargo,https://lol.fandom.com/wiki/Special:Redirect/page/839718,https://lol.fandom.com/wiki/Special:Redirect/file/Erfolg_Esportslogo_square.png
lp_team_839903,Oxygen Kumiho,Oxygen Kumiho,leaguepedia_cargo,https://lol.fandom.com/wiki/Special:Redirect/page/839903,https://lol.fandom.com/wiki/Special:Redirect/file/Oxygen_Kumihologo_square.png
lp_team_839922,University of Southern California,University of Southern California,leaguepedia_cargo,https://lol.fandom.com/wiki/Special:Redirect/page/839922,https://lol.fandom.com/wiki/Special:Redirect/file/University_of_Southern_Californialogo_square.png
lp_team_840068,Universae Instituto FP,Universae Instituto FP,leaguepedia_cargo,https://lol.fandom.com/wiki/Special:Redirect/page/840068,https://lol.fandom.com/wiki/Special:Redirect/file/Universae_Instituto_FPlogo_square.png
lp_team_840781,FURY Global,FURY Global,leaguepedia_cargo,https://lol.fandom.com/wiki/Special:Redirect/page/840781,https://lol.fandom.com/wiki/Special:Redirect/file/FURY_Globallogo_square.png
lp_team_840880,Miners Female,Miners Female,leaguepedia_cargo,https://lol.fandom.com/wiki/Special:Redirect/page/840880,https://lol.fandom.com/wiki/Special:Redirect/file/Miners_Femalelogo_square.png
lp_team_841098,Rainbow Warriors,Rainbow Warriors,leaguepedia_cargo,https://lol.fandom.com/wiki/Special:Redirect/page/841098,https://lol.fandom.com/wiki/Special:Redirect/file/Rainbow_Warriorslogo_square.png
lp_team_841724,SAW,SAW,leaguepedia_cargo,https://lol.fandom.com/wiki/Special:Redirect/page/841724,https://lol.fandom.com/wiki/Special:Redirect/file/SAW_%28Portuguese_Team%29logo_square.png
lp_team_841817,Akuma Esports,Akuma Esports,leaguepedia_cargo,https://lol.fandom.com/wiki/Special:Redirect/page/841817,https://lol.fandom.com/wiki/Special:Redirect/file/Akuma_Esportslogo_square.png
lp_team_841822,CCG Futures,CCG Futures,leaguepedia_cargo,https://lol.fandom.com/wiki/Special:Redirect/page/841822,https://lol.fandom.com/wiki/Special:Redirect/file/CCG_Futureslogo_square.png
lp_team_841831,Globant Emerald Academy,Globant Emerald Academy,leaguepedia_cargo,https://lol.fandom.com/wiki/Special:Redirect/page/841831,https://lol.fandom.com/wiki/Special:Redirect/file/Globant_Emerald_Academylogo_square.png
lp_team_842475,Original Gaming,Original Gaming,leaguepedia_cargo,https://lol.fandom.com/wiki/Special:Redirect/page/842475,https://lol.fandom.com/wiki/Special:Redirect/file/Original_Gaminglogo_profile.png
lp_team_842496,CYRUS,CYRUS,leaguepedia_cargo,https://lol.fandom.com/wiki/Special:Redirect/page/842496,https://lol.fandom.com/wiki/Special:Redirect/file/CYRUSlogo_square.png
lp_team_842704,Team Falcons,Team Falcons,leaguepedia_cargo,https://lol.fandom.com/wiki/Special:Redirect/page/842704,https://lol.fandom.com/wiki/Special:Redirect/file/Team_Falconslogo_profile.png
lp_team_844978,Black Rock Esports,Black Rock Esports,leaguepedia_cargo,https://lol.fandom.com/wiki/Special:Redirect/page/844978,https://lol.fandom.com/wiki/Special:Redirect/file/Black_Rock_Esportslogo_square.png
lp_team_845071,Oklahoma Christian University,Oklahoma Christian University,leaguepedia_cargo,https://lol.fandom.com/wiki/Special:Redirect/page/845071,https://lol.fandom.com/wiki/Special:Redirect/file/Oklahoma_Christian_Universitylogo_square.png
lp_team_845166,Zena Esports,Zena Esports,leaguepedia_cargo,https://lol.fandom.com/wiki/Special:Redirect/page/845166,https://lol.fandom.com/wiki/Special:Redirect/file/Zena_Esports_Portugallogo_square.png
lp_team_845248,eSports Cologne e.V.,eSports Cologne e.V.,leaguepedia_cargo,https://lol.fandom.com/wiki/Special:Redirect/page/845248,https://lol.fandom.com/wiki/Special:Redirect/file/ESports_Cologne_e.V.logo_square.png
lp_team_845280,Virtual Esports,Virtual Esports,leaguepedia_cargo,https://lol.fandom.com/wiki/Special:Redirect/page/845280,https://lol.fandom.com/wiki/Special:Redirect/file/Virtual_Esportslogo_square.png
lp_team_845813,Antic Esports,Antic Esports,leaguepedia_cargo,https://lol.fandom.com/wiki/Special:Redirect/page/845813,https://lol.fandom.com/wiki/Special:Redirect/file/Antic_Esportslogo_profile.png
lp_team_845848,Ascendance,Ascendance,leaguepedia_cargo,https://lol.fandom.com/wiki/Special:Redirect/page/845848,https://lol.fandom.com/wiki/Special:Redirect/file/Ascendance_%28Turkish_Team%29logo_square.png
lp_team_845945,MGN Vikings Esports,MGN Vikings Esports,leaguepedia_cargo,https://lol.fandom.com/wiki/Special:Redirect/page/845945,https://lol.fandom.com/wiki/Special:Redirect/file/MGN_Vikings_Esportslogo_profile.png
lp_team_846144,FS Gaming,FS Gaming,leaguepedia_cargo,https://lol.fandom.com/wiki/Special:Redirect/page/846144,https://lol.fandom.com/wiki/Special:Redirect/file/FS_Gaminglogo_square.png
lp_team_846429,Misa Esports,Misa Esports,leaguepedia_cargo,https://lol.fandom.com/wiki/Special:Redirect/page/846429,https://lol.fandom.com/wiki/Special:Redirect/file/Misa_Esportslogo_profile.png
lp_team_846454,Karmine Corp Blue,Karmine Corp Blue,leaguepedia_cargo,https://lol.fandom.com/wiki/Special:Redirect/page/846454,https://lol.fandom.com/wiki/Special:Redirect/file/Karmine_Corp_Bluelogo_profile.png
lp_team_846846,AXIZ CREST,AXIZ CREST,leaguepedia_cargo,https://lol.fandom.com/wiki/Special:Redirect/page/846846,https://lol.fandom.com/wiki/Special:Redirect/file/AXIZ_CRESTlogo_profile.png
lp_team_846851,AXIZ CREST Academy,AXIZ CREST Academy,leaguepedia_cargo,https://lol.fandom.com/wiki/Special:Redirect/page/846851,https://lol.fandom.com/wiki/Special:Redirect/file/AXIZ_CREST_Academylogo_square.png
lp_team_846910,OGC Sigma Esports,OGC Sigma Esports,leaguepedia_cargo,https://lol.fandom.com/wiki/Special:Redirect/page/846910,https://lol.fandom.com/wiki/Special:Redirect/file/OGC_Sigma_Esportslogo_profile.png
lp_team_847718,LUA Gaming,LUA Gaming,leaguepedia_cargo,https://lol.fandom.com/wiki/Special:Redirect/page/847718,https://lol.fandom.com/wiki/Special:Redirect/file/LUA_Gaminglogo_square.png
lp_team_847723,PRINCIPALITY,PRINCIPALITY,leaguepedia_cargo,https://lol.fandom.com/wiki/Special:Redirect/page/847723,https://lol.fandom.com/wiki/Special:Redirect/file/PRINCIPALITYlogo_square.png
lp_team_847731,GIANTX,GIANTX,leaguepedia_cargo,https://lol.fandom.com/wiki/Special:Redirect/page/847731,https://lol.fandom.com/wiki/Special:Redirect/file/GIANTXlogo_profile.png
lp_team_847765,ION Global Esports,ION Global Esports,leaguepedia_cargo,https://lol.fandom.com/wiki/Special:Redirect/page/847765,https://lol.fandom.com/wiki/Special:Redirect/file/ION_Global_Esportslogo_square.png
lp_team_847802,BNK FEARX,BNK FEARX,leaguepedia_cargo,https://lol.fandom.com/wiki/Special:Redirect/page/847802,https://lol.fandom.com/wiki/Special:Redirect/file/BNK_FEARXlogo_profile.png
lp_team_847807,BNK FEARX Youth,BNK FEARX Youth,leaguepedia_cargo,https://lol.fandom.com/wiki/Special:Redirect/page/847807,https://lol.fandom.com/wiki/Special:Redirect/file/BNK_FEARXlogo_profile.png
lp_team_847812,BNK FEARX Academy,BNK FEARX Academy,leaguepedia_cargo,https://lol.fandom.com/wiki/Special:Redirect/page/847812,https://lol.fandom.com/wiki/Special:Redirect/file/BNK_FEARXlogo_profile.png
lp_team_847919,Lupus Esports,Lupus Esports,leaguepedia_cargo,https://lol.fandom.com/wiki/Special:Redirect/page/847919,https://lol.fandom.com/wiki/Special:Redirect/file/Lupus_Esportslogo_square.png
lp_team_848080,Gentle Mates,Gentle Mates,leaguepedia_cargo,https://lol.fandom.com/wiki/Special:Redirect/page/848080,https://lol.fandom.com/wiki/Special:Redirect/file/Gentle_Mateslogo_square.png
lp_team_848141,GIANTX iTero,GIANTX iTero,leaguepedia_cargo,https://lol.fandom.com/wiki/Special:Redirect/page/848141,https://lol.fandom.com/wiki/Special:Redirect/file/GIANTXlogo_profile.png
lp_team_848191,Ici Japon Corp. Esport,Ici Japon Corp. Esport,leaguepedia_cargo,https://lol.fandom.com/wiki/Special:Redirect/page/848191,https://lol.fandom.com/wiki/Special:Redirect/file/Ici_Japon_Corp._Esportlogo_square.png
lp_team_848196,Zerance,Zerance,leaguepedia_cargo,https://lol.fandom.com/wiki/Special:Redirect/page/848196,https://lol.fandom.com/wiki/Special:Redirect/file/Zerancelogo_square.png
lp_team_848653,Unlockzar,Unlockzar,leaguepedia_cargo,https://lol.fandom.com/wiki/Special:Redirect/page/848653,https://lol.fandom.com/wiki/Special:Redirect/file/Unlockzarlogo_square.png
lp_team_848662,Guinea Pink,Guinea Pink,leaguepedia_cargo,https://lol.fandom.com/wiki/Special:Redirect/page/848662,https://lol.fandom.com/wiki/Special:Redirect/file/Guinea_Pinklogo_square.png
lp_team_848717,Esprit Shōnen,Esprit Shōnen,leaguepedia_cargo,https://lol.fandom.com/wiki/Special:Redirect/page/848717,https://lol.fandom.com/wiki/Special:Redirect/file/Esprit_Sh%C5%8Dnenlogo_square.png
lp_team_848980,EKO Esports,EKO Esports,leaguepedia_cargo,https://lol.fandom.com/wiki/Special:Redirect/page/848980,https://lol.fandom.com/wiki/Special:Redirect/file/EKO_Esportslogo_square.png
lp_team_849062,BoostGate Esports,BoostGate Esports,leaguepedia_cargo,https://lol.fandom.com/wiki/Special:Redirect/page/849062,https://lol.fandom.com/wiki/Special:Redirect/file/BoostGate_Esportslogo_square.png
lp_team_849136,MAD Lions KOI Female,MAD Lions KOI Female,leaguepedia_cargo,https://lol.fandom.com/wiki/Special:Redirect/page/849136,https://lol.fandom.com/wiki/Special:Redirect/file/MAD_Lions_KOI_Femalelogo_square.png
lp_team_849325,Packmiko E-Sports,Packmiko E-Sports,leaguepedia_cargo,https://lol.fandom.com/wiki/Special:Redirect/page/849325,https://lol.fandom.com/wiki/Special:Redirect/file/Packmiko_E-Sportslogo_square.png
lp_team_849334,R3volt,R3volt,leaguepedia_cargo,https://lol.fandom.com/wiki/Special:Redirect/page/849334,https://lol.fandom.com/wiki/Special:Redirect/file/R3voltlogo_square.png
lp_team_849340,Yalla Esport,Yalla Esport,leaguepedia_cargo,https://lol.fandom.com/wiki/Special:Redirect/page/849340,https://lol.fandom.com/wiki/Special:Redirect/file/Yalla_Esportlogo_square.png
lp_team_849348,ROSSMANN Centaurs,ROSSMANN Centaurs,leaguepedia_cargo,https://lol.fandom.com/wiki/Special:Redirect/page/849348,https://lol.fandom.com/wiki/Special:Redirect/file/ROSSMANN_Centaurslogo_square.png
lp_team_849353,Maestro V Esports,Maestro V Esports,leaguepedia_cargo,https://lol.fandom.com/wiki/Special:Redirect/page/849353,https://lol.fandom.com/wiki/Special:Redirect/file/Maestro_V_Esportslogo_square.png
lp_team_849363,Spinebusters E-Sport,Spinebusters E-Sport,leaguepedia_cargo,https://lol.fandom.com/wiki/Special:Redirect/page/849363,https://lol.fandom.com/wiki/Special:Redirect/file/Spinebusters_E-Sportlogo_square.png
lp_team_849481,AvaTrade PixelPenny,AvaTrade PixelPenny,leaguepedia_cargo,https://lol.fandom.com/wiki/Special:Redirect/page/849481,https://lol.fandom.com/wiki/Special:Redirect/file/AvaTrade_PixelPennylogo_square.png
lp_team_849706,Geração Estrutura,Geração Estrutura,leaguepedia_cargo,https://lol.fandom.com/wiki/Special:Redirect/page/849706,https://lol.fandom.com/wiki/Special:Redirect/file/Gera%C3%A7%C3%A3o_Estruturalogo_square.png
lp_team_849767,Qmistry,Qmistry,leaguepedia_cargo,https://lol.fandom.com/wiki/Special:Redirect/page/849767,https://lol.fandom.com/wiki/Special:Redirect/file/Qmistrylogo_square.png
lp_team_849846,Ukrainian Glory Team,Ukrainian Glory Team,leaguepedia_cargo,https://lol.fandom.com/wiki/Special:Redirect/page/849846,https://lol.fandom.com/wiki/Special:Redirect/file/Ukrainian_Glory_Teamlogo_square.png
lp_team_850540,Ilha das Lendas,Ilha das Lendas,leaguepedia_cargo,https://lol.fandom.com/wiki/Special:Redirect/page/850540,https://lol.fandom.com/wiki/Special:Redirect/file/Ilha_das_Lendaslogo_profile.png
lp_team_850620,SNOOZE Esports,SNOOZE Esports,leaguepedia_cargo,https://lol.fandom.com/wiki/Special:Redirect/page/850620,https://lol.fandom.com/wiki/Special:Redirect/file/SNOOZE_Esportslogo_profile.png
lp_team_851230,w7m esports,w7m esports,leaguepedia_cargo,https://lol.fandom.com/wiki/Special:Redirect/page/851230,https://lol.fandom.com/wiki/Special:Redirect/file/W7m_esportslogo_profile.png
lp_team_851407,Golden Grubians,Golden Grubians,leaguepedia_cargo,https://lol.fandom.com/wiki/Special:Redirect/page/851407,https://lol.fandom.com/wiki/Special:Redirect/file/Golden_Grubianslogo_square.png
lp_team_851418,Izanagi eSports,Izanagi eSports,leaguepedia_cargo,https://lol.fandom.com/wiki/Special:Redirect/page/851418,https://lol.fandom.com/wiki/Special:Redirect/file/Izanagi_eSportslogo_square.png
lp_team_851978,Sleepy Callers,Sleepy Callers,leaguepedia_cargo,https://lol.fandom.com/wiki/Special:Redirect/page/851978,https://lol.fandom.com/wiki/Special:Redirect/file/Sleepy_Callerslogo_square.png
lp_team_852660,XV eSports,XV eSports,leaguepedia_cargo,https://lol.fandom.com/wiki/Special:Redirect/page/852660,https://lol.fandom.com/wiki/Special:Redirect/file/XV_eSportslogo_square.png
lp_team_853079,AM All-Stars,AM All-Stars,leaguepedia_cargo,https://lol.fandom.com/wiki/Special:Redirect/page/853079,https://lol.fandom.com/wiki/Special:Redirect/file/AM_All-Starslogo_square.png
lp_team_853413,H3ARTS,H3ARTS,leaguepedia_cargo,https://lol.fandom.com/wiki/Special:Redirect/page/853413,https://lol.fandom.com/wiki/Special:Redirect/file/H3ARTSlogo_square.png
lp_team_853440,Hallow Crows,Hallow Crows,leaguepedia_cargo,https://lol.fandom.com/wiki/Special:Redirect/page/853440,https://lol.fandom.com/wiki/Special:Redirect/file/Hallow_Crowslogo_square.png
lp_team_853531,Gmae,Gmae,leaguepedia_cargo,https://lol.fandom.com/wiki/Special:Redirect/page/853531,https://lol.fandom.com/wiki/Special:Redirect/file/Gmaelogo_square.png
lp_team_853538,Pulse Star,Pulse Star,leaguepedia_cargo,https://lol.fandom.com/wiki/Special:Redirect/page/853538,https://lol.fandom.com/wiki/Special:Redirect/file/Pulse_Starlogo_square.png
lp_team_853546,Wang's Revenge,Wang's Revenge,leaguepedia_cargo,https://lol.fandom.com/wiki/Special:Redirect/page/853546,https://lol.fandom.com/wiki/Special:Redirect/file/Wang%27s_Revengelogo_square.png
lp_team_853669,Altay Espor,Altay Espor,leaguepedia_cargo,https://lol.fandom.com/wiki/Special:Redirect/page/853669,https://lol.fandom.com/wiki/Special:Redirect/file/Altay_Esporlogo_profile.png
lp_team_853678,Frank Esports Academy,Frank Esports Academy,leaguepedia_cargo,https://lol.fandom.com/wiki/Special:Redirect/page/853678,https://lol.fandom.com/wiki/Special:Redirect/file/Frank_Esports_Academylogo_square.png
lp_team_853762,Mgutis' Saplings,Mgutis' Saplings,leaguepedia_cargo,https://lol.fandom.com/wiki/Special:Redirect/page/853762,https://lol.fandom.com/wiki/Special:Redirect/file/Mgutis%27_Saplingslogo_square.png
lp_team_853777,Maverix,Maverix,leaguepedia_cargo,https://lol.fandom.com/wiki/Special:Redirect/page/853777,https://lol.fandom.com/wiki/Special:Redirect/file/Maverixlogo_square.png
lp_team_853782,Apex Flame Horizon,Apex Flame Horizon,leaguepedia_cargo,https://lol.fandom.com/wiki/Special:Redirect/page/853782,https://lol.fandom.com/wiki/Special:Redirect/file/Apex_Flame_Horizonlogo_square.png
lp_team_853787,Team Meliora,Team Meliora,leaguepedia_cargo,https://lol.fandom.com/wiki/Special:Redirect/page/853787,https://lol.fandom.com/wiki/Special:Redirect/file/Team_Melioralogo_square.png
lp_team_853805,Redemption,Redemption,leaguepedia_cargo,https://lol.fandom.com/wiki/Special:Redirect/page/853805,https://lol.fandom.com/wiki/Special:Redirect/file/Redemption_%28North_American_Team%29logo_square.png
lp_team_853991,ReluminateGG,ReluminateGG,leaguepedia_cargo,https://lol.fandom.com/wiki/Special:Redirect/page/853991,https://lol.fandom.com/wiki/Special:Redirect/file/ReluminateGGlogo_square.png
lp_team_854102,Kim Esports,Kim Esports,leaguepedia_cargo,https://lol.fandom.com/wiki/Special:Redirect/page/854102,https://lol.fandom.com/wiki/Special:Redirect/file/Kim_Esportslogo_square.png
lp_team_854126,NONAME,NONAME,leaguepedia_cargo,https://lol.fandom.com/wiki/Special:Redirect/page/854126,https://lol.fandom.com/wiki/Special:Redirect/file/NONAME_%28Turkish_Team%29logo_square.png
lp_team_854150,PCIFIC Esports,PCIFIC Esports,leaguepedia_cargo,https://lol.fandom.com/wiki/Special:Redirect/page/854150,https://lol.fandom.com/wiki/Special:Redirect/file/PCIFIC_Esportslogo_profile.png
lp_team_854190,Venus,Venus,leaguepedia_cargo,https://lol.fandom.com/wiki/Special:Redirect/page/854190,https://lol.fandom.com/wiki/Special:Redirect/file/Venus_%28Turkish_Team%29logo_square.png
lp_team_854217,Chaotic Blaze,Chaotic Blaze,leaguepedia_cargo,https://lol.fandom.com/wiki/Special:Redirect/page/854217,https://lol.fandom.com/wiki/Special:Redirect/file/Chaotic_Blazelogo_square.png
lp_team_854225,Morningstar White,Morningstar White,leaguepedia_cargo,https://lol.fandom.com/wiki/Special:Redirect/page/854225,https://lol.fandom.com/wiki/Special:Redirect/file/MorningStar_Whitelogo_square.png
lp_team_854230,Pookie Bears,Pookie Bears,leaguepedia_cargo,https://lol.fandom.com/wiki/Special:Redirect/page/854230,https://lol.fandom.com/wiki/Special:Redirect/file/Pookie_Bearslogo_square.png
lp_team_854235,Abandoned Kittens,Abandoned Kittens,leaguepedia_cargo,https://lol.fandom.com/wiki/Special:Redirect/page/854235,https://lol.fandom.com/wiki/Special:Redirect/file/Abandoned_Kittenslogo_square.png
lp_team_854357,Veni Vidi Vici,Veni Vidi Vici,leaguepedia_cargo,https://lol.fandom.com/wiki/Special:Redirect/page/854357,https://lol.fandom.com/wiki/Special:Redirect/file/Veni_Vidi_Vici_%28Spanish_Team%29logo_square.png
lp_team_855798,Garden Gaming,Garden Gaming,leaguepedia_cargo,https://lol.fandom.com/wiki/Special:Redirect/page/855798,https://lol.fandom.com/wiki/Special:Redirect/file/Garden_Gaminglogo_square.png
lp_team_856039,Fog Esports,Fog Esports,leaguepedia_cargo,https://lol.fandom.com/wiki/Special:Redirect/page/856039,https://lol.fandom.com/wiki/Special:Redirect/file/Fog_Esportslogo_square.png
lp_team_856910,BeFive,BeFive,leaguepedia_cargo,https://lol.fandom.com/wiki/Special:Redirect/page/856910,https://lol.fandom.com/wiki/Special:Redirect/file/BeFivelogo_square.png
lp_team_857580,UnlockTan'i,UnlockTan'i,leaguepedia_cargo,https://lol.fandom.com/wiki/Special:Redirect/page/857580,https://lol.fandom.com/wiki/Special:Redirect/file/UnlockTan%27ilogo_square.png
lp_team_858344,New Era,New Era,leaguepedia_cargo,https://lol.fandom.com/wiki/Special:Redirect/page/858344,https://lol.fandom.com/wiki/Special:Redirect/file/New_Eralogo_square.png
lp_team_858430,Ruzeh Esports,Ruzeh Esports,leaguepedia_cargo,https://lol.fandom.com/wiki/Special:Redirect/page/858430,https://lol.fandom.com/wiki/Special:Redirect/file/Ruzeh_Esportslogo_square.png
lp_team_860031,One Way Esports,One Way Esports,leaguepedia_cargo,https://lol.fandom.com/wiki/Special:Redirect/page/860031,https://lol.fandom.com/wiki/Special:Redirect/file/One_Way_Esportslogo_square.png
lp_team_860192,Park University,Park University,leaguepedia_cargo,https://lol.fandom.com/wiki/Special:Redirect/page/860192,https://lol.fandom.com/wiki/Special:Redirect/file/Park_Universitylogo_square.png
lp_team_861367,Mübeccel Espor,Mübeccel Espor,leaguepedia_cargo,https://lol.fandom.com/wiki/Special:Redirect/page/861367,https://lol.fandom.com/wiki/Special:Redirect/file/M%C3%BCbeccel_Esporlogo_profile.png
lp_team_861373,Victorious Demons,Victorious Demons,leaguepedia_cargo,https://lol.fandom.com/wiki/Special:Redirect/page/861373,https://lol.fandom.com/wiki/Special:Redirect/file/Victorious_Demonslogo_square.png
lp_team_861956,Stade Tunisien Esports,Stade Tunisien Esports,leaguepedia_cargo,https://lol.fandom.com/wiki/Special:Redirect/page/861956,https://lol.fandom.com/wiki/Special:Redirect/file/Stade_Tunisien_Esportslogo_square.png
lp_team_862499,GnG Amazigh,GnG Amazigh,leaguepedia_cargo,https://lol.fandom.com/wiki/Special:Redirect/page/862499,https://lol.fandom.com/wiki/Special:Redirect/file/GnG_Amazighlogo_square.png
lp_team_863263,5 Seasons,5 Seasons,leaguepedia_cargo,https://lol.fandom.com/wiki/Special:Redirect/page/863263,https://lol.fandom.com/wiki/Special:Redirect/file/5_Seasonslogo_square.png
lp_team_863684,DSC3V,DSC3V,leaguepedia_cargo,https://lol.fandom.com/wiki/Special:Redirect/page/863684,https://lol.fandom.com/wiki/Special:Redirect/file/DSC3Vlogo_square.png
lp_team_863750,Gravity,Gravity,leaguepedia_cargo,https://lol.fandom.com/wiki/Special:Redirect/page/863750,https://lol.fandom.com/wiki/Special:Redirect/file/Gravity_%282024_North_American_Team%29logo_square.png
lp_team_864194,Glacial Esports,Glacial Esports,leaguepedia_cargo,https://lol.fandom.com/wiki/Special:Redirect/page/864194,https://lol.fandom.com/wiki/Special:Redirect/file/Glacial_Esportslogo_square.png
lp_team_864200,Briar Cliff University,Briar Cliff University,leaguepedia_cargo,https://lol.fandom.com/wiki/Special:Redirect/page/864200,https://lol.fandom.com/wiki/Special:Redirect/file/Briar_Cliff_Universitylogo_square.png
lp_team_864564,Xora Esports,Xora Esports,leaguepedia_cargo,https://lol.fandom.com/wiki/Special:Redirect/page/864564,https://lol.fandom.com/wiki/Special:Redirect/file/Xora_Esportslogo_square.png
lp_team_864609,Next Level Esports,Next Level Esports,leaguepedia_cargo,https://lol.fandom.com/wiki/Special:Redirect/page/864609,https://lol.fandom.com/wiki/Special:Redirect/file/Next_Level_Esportslogo_square.png
lp_team_864638,Kapsoura,Kapsoura,leaguepedia_cargo,https://lol.fandom.com/wiki/Special:Redirect/page/864638,https://lol.fandom.com/wiki/Special:Redirect/file/Kapsouralogo_square.png
lp_team_864665,The Pack,The Pack,leaguepedia_cargo,https://lol.fandom.com/wiki/Special:Redirect/page/864665,https://lol.fandom.com/wiki/Special:Redirect/file/The_Packlogo_square.png
lp_team_864753,Polar Squad Esports Female,Polar Squad Esports Female,leaguepedia_cargo,https://lol.fandom.com/wiki/Special:Redirect/page/864753,https://lol.fandom.com/wiki/Special:Redirect/file/Polar_Squad_Esports_Femalelogo_square.png
lp_team_864948,Kurulean's Kittens,Kurulean's Kittens,leaguepedia_cargo,https://lol.fandom.com/wiki/Special:Redirect/page/864948,https://lol.fandom.com/wiki/Special:Redirect/file/Kurulean%27s_Kittenslogo_square.png
lp_team_864980,ShaBoingBoing Esports,ShaBoingBoing Esports,leaguepedia_cargo,https://lol.fandom.com/wiki/Special:Redirect/page/864980,https://lol.fandom.com/wiki/Special:Redirect/file/ShaBoingBoing_Esportslogo_square.png
lp_team_864985,Interstellar Yappers,Interstellar Yappers,leaguepedia_cargo,https://lol.fandom.com/wiki/Special:Redirect/page/864985,https://lol.fandom.com/wiki/Special:Redirect/file/Interstellar_Yapperslogo_square.png
lp_team_864995,Rochester Institute of Technology,Rochester Institute of Technology,leaguepedia_cargo,https://lol.fandom.com/wiki/Special:Redirect/page/864995,https://lol.fandom.com/wiki/Special:Redirect/file/Rochester_Institute_of_Technologylogo_square.png
lp_team_865174,Novasphere Gaming,Novasphere Gaming,leaguepedia_cargo,https://lol.fandom.com/wiki/Special:Redirect/page/865174,https://lol.fandom.com/wiki/Special:Redirect/file/Novasphere_Gaminglogo_square.png
lp_team_865509,The Wigglets,The Wigglets,leaguepedia_cargo,https://lol.fandom.com/wiki/Special:Redirect/page/865509,https://lol.fandom.com/wiki/Special:Redirect/file/The_Wiggletslogo_square.png
lp_team_865515,KappaChungus,KappaChungus,leaguepedia_cargo,https://lol.fandom.com/wiki/Special:Redirect/page/865515,https://lol.fandom.com/wiki/Special:Redirect/file/KappaChunguslogo_square.png
lp_team_865837,Nigel's Last Tiles,Nigel's Last Tiles,leaguepedia_cargo,https://lol.fandom.com/wiki/Special:Redirect/page/865837,https://lol.fandom.com/wiki/Special:Redirect/file/Nigel%27s_Last_Tileslogo_square.png
lp_team_866008,WitchHUB,WitchHUB,leaguepedia_cargo,https://lol.fandom.com/wiki/Special:Redirect/page/866008,https://lol.fandom.com/wiki/Special:Redirect/file/WitchHUBlogo_square.png
lp_team_867112,Pick Me Galio,Pick Me Galio,leaguepedia_cargo,https://lol.fandom.com/wiki/Special:Redirect/page/867112,https://lol.fandom.com/wiki/Special:Redirect/file/Pick_Me_Galiologo_square.png
lp_team_867171,Team YOLO,Team YOLO,leaguepedia_cargo,https://lol.fandom.com/wiki/Special:Redirect/page/867171,https://lol.fandom.com/wiki/Special:Redirect/file/Team_YOLOlogo_square.png
lp_team_867277,Fly Family,Fly Family,leaguepedia_cargo,https://lol.fandom.com/wiki/Special:Redirect/page/867277,https://lol.fandom.com/wiki/Special:Redirect/file/Fly_Familylogo_square.png
lp_team_867284,Option 33,Option 33,leaguepedia_cargo,https://lol.fandom.com/wiki/Special:Redirect/page/867284,https://lol.fandom.com/wiki/Special:Redirect/file/Option_33logo_square.png
lp_team_867291,Phoenix 5,Phoenix 5,leaguepedia_cargo,https://lol.fandom.com/wiki/Special:Redirect/page/867291,https://lol.fandom.com/wiki/Special:Redirect/file/Phoenix_5logo_square.png
lp_team_867298,Benefactor's Revenge,Benefactor's Revenge,leaguepedia_cargo,https://lol.fandom.com/wiki/Special:Redirect/page/867298,https://lol.fandom.com/wiki/Special:Redirect/file/Benefactor%27s_Revengelogo_square.png
lp_team_867316,Castle Berry,Castle Berry,leaguepedia_cargo,https://lol.fandom.com/wiki/Special:Redirect/page/867316,https://lol.fandom.com/wiki/Special:Redirect/file/Castle_Berrylogo_square.png
lp_team_867324,ITS DOOMED,ITS DOOMED,leaguepedia_cargo,https://lol.fandom.com/wiki/Special:Redirect/page/867324,https://lol.fandom.com/wiki/Special:Redirect/file/ITS_DOOMEDlogo_square.png
lp_team_867536,Misfits,Misfits,leaguepedia_cargo,https://lol.fandom.com/wiki/Special:Redirect/page/867536,https://lol.fandom.com/wiki/Special:Redirect/file/Misfits_%282024_North_American_Team%29logo_square.png
lp_team_868445,Team Legion,Team Legion,leaguepedia_cargo,https://lol.fandom.com/wiki/Special:Redirect/page/868445,https://lol.fandom.com/wiki/Special:Redirect/file/Team_Legion_%28Greek_Team%29logo_square.png
lp_team_868536,Estral Esports Aurora,Estral Esports Aurora,leaguepedia_cargo,https://lol.fandom.com/wiki/Special:Redirect/page/868536,https://lol.fandom.com/wiki/Special:Redirect/file/Estral_Esports_Auroralogo_square.png
lp_team_870101,Pulse Star Academy,Pulse Star Academy,leaguepedia_cargo,https://lol.fandom.com/wiki/Special:Redirect/page/870101,https://lol.fandom.com/wiki/Special:Redirect/file/Pulse_Star_Academylogo_square.png
lp_team_872829,Dorado Gaming,Dorado Gaming,leaguepedia_cargo,https://lol.fandom.com/wiki/Special:Redirect/page/872829,https://lol.fandom.com/wiki/Special:Redirect/file/Dorado_Gaminglogo_square.png
lp_team_876843,BAAM Esports,BAAM Esports,leaguepedia_cargo,https://lol.fandom.com/wiki/Special:Redirect/page/876843,https://lol.fandom.com/wiki/Special:Redirect/file/Baam_Esportslogo_square.png
lp_team_878084,Corinthians Esports,Corinthians Esports,leaguepedia_cargo,https://lol.fandom.com/wiki/Special:Redirect/page/878084,https://lol.fandom.com/wiki/Special:Redirect/file/Corinthians_Esportslogo_square.png
lp_team_878437,Vivo Keyd Stars Ignis,Vivo Keyd Stars Ignis,leaguepedia_cargo,https://lol.fandom.com/wiki/Special:Redirect/page/878437,https://lol.fandom.com/wiki/Special:Redirect/file/Vivo_Keyd_Stars_Ignislogo_square.png
lp_team_878542,Izanagi Ignis,Izanagi Ignis,leaguepedia_cargo,https://lol.fandom.com/wiki/Special:Redirect/page/878542,https://lol.fandom.com/wiki/Special:Redirect/file/Izanagi_Ignislogo_square.png
lp_team_878925,Laranja Mecânica,Laranja Mecânica,leaguepedia_cargo,https://lol.fandom.com/wiki/Special:Redirect/page/878925,https://lol.fandom.com/wiki/Special:Redirect/file/Laranja_Mec%C3%A2nicalogo_square.png
lp_team_879674,Onyx Ravens,Onyx Ravens,leaguepedia_cargo,https://lol.fandom.com/wiki/Special:Redirect/page/879674,https://lol.fandom.com/wiki/Special:Redirect/file/Onyx_Ravenslogo_square.png
lp_team_880358,Janus Panter,Janus Panter,leaguepedia_cargo,https://lol.fandom.com/wiki/Special:Redirect/page/880358,https://lol.fandom.com/wiki/Special:Redirect/file/Janus_Panterlogo_profile.png
lp_team_880724,Campbellsville University,Campbellsville University,leaguepedia_cargo,https://lol.fandom.com/wiki/Special:Redirect/page/880724,https://lol.fandom.com/wiki/Special:Redirect/file/Campbellsville_Universitylogo_square.png
lp_team_880800,Pirates IDV,Pirates IDV,leaguepedia_cargo,https://lol.fandom.com/wiki/Special:Redirect/page/880800,https://lol.fandom.com/wiki/Special:Redirect/file/Pirates_IDVlogo_square.png
lp_team_880915,Gravity Galaxy,Gravity Galaxy,leaguepedia_cargo,https://lol.fandom.com/wiki/Special:Redirect/page/880915,https://lol.fandom.com/wiki/Special:Redirect/file/Gravity_Galaxylogo_square.png
lp_team_881804,Big Aces eSports,Big Aces eSports,leaguepedia_cargo,https://lol.fandom.com/wiki/Special:Redirect/page/881804,https://lol.fandom.com/wiki/Special:Redirect/file/Big_Aces_eSportslogo_square.png
lp_team_882008,CORE 128,CORE 128,leaguepedia_cargo,https://lol.fandom.com/wiki/Special:Redirect/page/882008,https://lol.fandom.com/wiki/Special:Redirect/file/CORE_128logo_square.png
lp_team_882014,Team GMask,Team GMask,leaguepedia_cargo,https://lol.fandom.com/wiki/Special:Redirect/page/882014,https://lol.fandom.com/wiki/Special:Redirect/file/Team_GMasklogo_square.png
lp_team_882219,Weber State University,Weber State University,leaguepedia_cargo,https://lol.fandom.com/wiki/Special:Redirect/page/882219,https://lol.fandom.com/wiki/Special:Redirect/file/Weber_State_Universitylogo_square.png
lp_team_882795,IME Wolves,IME Wolves,leaguepedia_cargo,https://lol.fandom.com/wiki/Special:Redirect/page/882795,https://lol.fandom.com/wiki/Special:Redirect/file/IME_Wolveslogo_square.png
lp_team_883339,Laranja Mecânica Ignis,Laranja Mecânica Ignis,leaguepedia_cargo,https://lol.fandom.com/wiki/Special:Redirect/page/883339,https://lol.fandom.com/wiki/Special:Redirect/file/Laranja_Mec%C3%A2nica_Ignislogo_square.png
lp_team_883371,Ball State University,Ball State University,leaguepedia_cargo,https://lol.fandom.com/wiki/Special:Redirect/page/883371,https://lol.fandom.com/wiki/Special:Redirect/file/Ball_State_Universitylogo_square.png
lp_team_883428,BGA eQuizers,BGA eQuizers,leaguepedia_cargo,https://lol.fandom.com/wiki/Special:Redirect/page/883428,https://lol.fandom.com/wiki/Special:Redirect/file/BGA_eQuizerslogo_square.png
lp_team_883435,Tan'i eSports,Tan'i eSports,leaguepedia_cargo,https://lol.fandom.com/wiki/Special:Redirect/page/883435,https://lol.fandom.com/wiki/Special:Redirect/file/Tan%27i_eSportslogo_square.png
lp_team_883459,NORD Polaris,NORD Polaris,leaguepedia_cargo,https://lol.fandom.com/wiki/Special:Redirect/page/883459,https://lol.fandom.com/wiki/Special:Redirect/file/NORD_Polarislogo_square.png
lp_team_883756,International Esports Industry Center,International Esports Industry Center,leaguepedia_cargo,https://lol.fandom.com/wiki/Special:Redirect/page/883756,https://lol.fandom.com/wiki/Special:Redirect/file/International_Esports_Industry_Centerlogo_profile.png
lp_team_884357,XO Esports,XO Esports,leaguepedia_cargo,https://lol.fandom.com/wiki/Special:Redirect/page/884357,https://lol.fandom.com/wiki/Special:Redirect/file/XO_Esportslogo_square.png
lp_team_885232,Lionscreed Lionesses,Lionscreed Lionesses,leaguepedia_cargo,https://lol.fandom.com/wiki/Special:Redirect/page/885232,https://lol.fandom.com/wiki/Special:Redirect/file/Lionscreed_Lionesseslogo_square.png
lp_team_885247,NNOwO,NNOwO,leaguepedia_cargo,https://lol.fandom.com/wiki/Special:Redirect/page/885247,https://lol.fandom.com/wiki/Special:Redirect/file/NNOwOlogo_square.png
lp_team_886611,OGC Esports,OGC Esports,leaguepedia_cargo,https://lol.fandom.com/wiki/Special:Redirect/page/886611,https://lol.fandom.com/wiki/Special:Redirect/file/OGC_Esportslogo_profile.png
lp_team_887309,Oxygen Gaming,Oxygen Gaming,leaguepedia_cargo,https://lol.fandom.com/wiki/Special:Redirect/page/887309,https://lol.fandom.com/wiki/Special:Redirect/file/Oxygen_Gaminglogo_profile.png
lp_team_887774,Carthage Legionnaires,Carthage Legionnaires,leaguepedia_cargo,https://lol.fandom.com/wiki/Special:Redirect/page/887774,https://lol.fandom.com/wiki/Special:Redirect/file/Carthage_Legionnaireslogo_square.png
lp_team_888172,Falke Esports,Falke Esports,leaguepedia_cargo,https://lol.fandom.com/wiki/Special:Redirect/page/888172,https://lol.fandom.com/wiki/Special:Redirect/file/Falke_Esportslogo_square.png
lp_team_888590,Bloodline Esports,Bloodline Esports,leaguepedia_cargo,https://lol.fandom.com/wiki/Special:Redirect/page/888590,https://lol.fandom.com/wiki/Special:Redirect/file/Bloodline_Esportslogo_square.png
lp_team_888854,Only Heroes Academia,Only Heroes Academia,leaguepedia_cargo,https://lol.fandom.com/wiki/Special:Redirect/page/888854,https://lol.fandom.com/wiki/Special:Redirect/file/Only_Heroes_Academialogo_square.png
lp_team_888869,Baby Buffaloes,Baby Buffaloes,leaguepedia_cargo,https://lol.fandom.com/wiki/Special:Redirect/page/888869,https://lol.fandom.com/wiki/Special:Redirect/file/Baby_Buffaloeslogo_square.png
lp_team_889169,KATANA,KATANA,leaguepedia_cargo,https://lol.fandom.com/wiki/Special:Redirect/page/889169,https://lol.fandom.com/wiki/Special:Redirect/file/KATANA_%28Turkish_Team%29logo_square.png
lp_team_889933,Diversion Gaming,Diversion Gaming,leaguepedia_cargo,https://lol.fandom.com/wiki/Special:Redirect/page/889933,https://lol.fandom.com/wiki/Special:Redirect/file/Diversion_Gaminglogo_square.png
lp_team_890022,Tropa Raizen,Tropa Raizen,leaguepedia_cargo,https://lol.fandom.com/wiki/Special:Redirect/page/890022,https://lol.fandom.com/wiki/Special:Redirect/file/Tropa_Raizenlogo_square.png
lp_team_890227,Parakeet Gaming,Parakeet Gaming,leaguepedia_cargo,https://lol.fandom.com/wiki/Special:Redirect/page/890227,https://lol.fandom.com/wiki/Special:Redirect/file/Parakeet_Gaminglogo_square.png
lp_team_890489,Juicy Ballers,Juicy Ballers,leaguepedia_cargo,https://lol.fandom.com/wiki/Special:Redirect/page/890489,https://lol.fandom.com/wiki/Special:Redirect/file/Juicy_Ballerslogo_square.png
lp_team_891711,Rigas In Paris,Rigas In Paris,leaguepedia_cargo,https://lol.fandom.com/wiki/Special:Redirect/page/891711,https://lol.fandom.com/wiki/Special:Redirect/file/Rigas_In_Parislogo_square.png
lp_team_891873,FlameHard,FlameHard,leaguepedia_cargo,https://lol.fandom.com/wiki/Special:Redirect/page/891873,https://lol.fandom.com/wiki/Special:Redirect/file/FlameHardlogo_square.png
lp_team_891998,IMProve Team,IMProve Team,leaguepedia_cargo,https://lol.fandom.com/wiki/Special:Redirect/page/891998,https://lol.fandom.com/wiki/Special:Redirect/file/IMProve_Teamlogo_profile.png
lp_team_892418,Lobstar,Lobstar,leaguepedia_cargo,https://lol.fandom.com/wiki/Special:Redirect/page/892418,https://lol.fandom.com/wiki/Special:Redirect/file/Lobstarlogo_square.png
lp_team_894633,Meow Gaming Club,Meow Gaming Club,leaguepedia_cargo,https://lol.fandom.com/wiki/Special:Redirect/page/894633,https://lol.fandom.com/wiki/Special:Redirect/file/Meow_Gaming_Clublogo_square.png
lp_team_894689,24/7 Tower Dive,24/7 Tower Dive,leaguepedia_cargo,https://lol.fandom.com/wiki/Special:Redirect/page/894689,https://lol.fandom.com/wiki/Special:Redirect/file/24_7_Tower_Divelogo_square.png
lp_team_894919,Chester Gaming Kitten Esports Club,Chester Gaming Kitten Esports Club,leaguepedia_cargo,https://lol.fandom.com/wiki/Special:Redirect/page/894919,https://lol.fandom.com/wiki/Special:Redirect/file/Chester_Gaming_Kitten_Esports_Clublogo_square.png
lp_team_895259,Fear x Starforge,Fear x Starforge,leaguepedia_cargo,https://lol.fandom.com/wiki/Special:Redirect/page/895259,https://lol.fandom.com/wiki/Special:Redirect/file/Fear_x_Starforgelogo_square.png
lp_team_895362,The Gulls Esports,The Gulls Esports,leaguepedia_cargo,https://lol.fandom.com/wiki/Special:Redirect/page/895362,https://lol.fandom.com/wiki/Special:Redirect/file/The_Gulls_Esportslogo_square.png
lp_team_896923,Dragoon's Goons,Dragoon's Goons,leaguepedia_cargo,https://lol.fandom.com/wiki/Special:Redirect/page/896923,https://lol.fandom.com/wiki/Special:Redirect/file/Dragoon%27s_Goonslogo_square.png
lp_team_897085,Nightblood Gaming,Nightblood Gaming,leaguepedia_cargo,https://lol.fandom.com/wiki/Special:Redirect/page/897085,https://lol.fandom.com/wiki/Special:Redirect/file/Nightblood_Gaminglogo_profile.png
lp_team_897556,WANG TOWN,WANG TOWN,leaguepedia_cargo,https://lol.fandom.com/wiki/Special:Redirect/page/897556,https://lol.fandom.com/wiki/Special:Redirect/file/WANG_TOWNlogo_square.png
lp_team_897658,The Krusty Krew,The Krusty Krew,leaguepedia_cargo,https://lol.fandom.com/wiki/Special:Redirect/page/897658,https://lol.fandom.com/wiki/Special:Redirect/file/The_Krusty_Crewlogo_square.png
lp_team_897879,Fatcat's Fatties,Fatcat's Fatties,leaguepedia_cargo,https://lol.fandom.com/wiki/Special:Redirect/page/897879,https://lol.fandom.com/wiki/Special:Redirect/file/Fatcat%27s_Fattieslogo_square.png
lp_team_897894,U4RIA Nerium,U4RIA Nerium,leaguepedia_cargo,https://lol.fandom.com/wiki/Special:Redirect/page/897894,https://lol.fandom.com/wiki/Special:Redirect/file/U4RIA_Neriumlogo_square.png
lp_team_897898,DUCKIE GETTERS,DUCKIE GETTERS,leaguepedia_cargo,https://lol.fandom.com/wiki/Special:Redirect/page/897898,https://lol.fandom.com/wiki/Special:Redirect/file/DUCKIE_GETTERSlogo_square.png
lp_team_898269,Seed 32,Seed 32,leaguepedia_cargo,https://lol.fandom.com/wiki/Special:Redirect/page/898269,https://lol.fandom.com/wiki/Special:Redirect/file/Seed_32logo_square.png
lp_team_898383,Big Dog,Big Dog,leaguepedia_cargo,https://lol.fandom.com/wiki/Special:Redirect/page/898383,https://lol.fandom.com/wiki/Special:Redirect/file/Big_Doglogo_square.png
lp_team_898405,Joseph Hong,Joseph Hong,leaguepedia_cargo,https://lol.fandom.com/wiki/Special:Redirect/page/898405,https://lol.fandom.com/wiki/Special:Redirect/file/Joseph_Honglogo_square.png
lp_team_898436,grompcord,grompcord,leaguepedia_cargo,https://lol.fandom.com/wiki/Special:Redirect/page/898436,https://lol.fandom.com/wiki/Special:Redirect/file/Grompcordlogo_square.png
lp_team_898499,Vyral,Vyral,leaguepedia_cargo,https://lol.fandom.com/wiki/Special:Redirect/page/898499,https://lol.fandom.com/wiki/Special:Redirect/file/Vyrallogo_square.png
lp_team_898691,PepePo,PepePo,leaguepedia_cargo,https://lol.fandom.com/wiki/Special:Redirect/page/898691,https://lol.fandom.com/wiki/Special:Redirect/file/PepePologo_square.png
lp_team_898692,The Boys: Attorneys at Law,The Boys: Attorneys at Law,leaguepedia_cargo,https://lol.fandom.com/wiki/Special:Redirect/page/898692,https://lol.fandom.com/wiki/Special:Redirect/file/The_Boys_Attorneys_at_Lawlogo_square.png
lp_team_898725,WR Builds Flame Horizon,WR Builds Flame Horizon,leaguepedia_cargo,https://lol.fandom.com/wiki/Special:Redirect/page/898725,https://lol.fandom.com/wiki/Special:Redirect/file/WR_Builds_Flame_Horizonlogo_square.png
lp_team_899259,Team Dizzy,Team Dizzy,leaguepedia_cargo,https://lol.fandom.com/wiki/Special:Redirect/page/899259,https://lol.fandom.com/wiki/Special:Redirect/file/Team_Dizzylogo_square.png
lp_team_899279,Our Last Dance,Our Last Dance,leaguepedia_cargo,https://lol.fandom.com/wiki/Special:Redirect/page/899279,https://lol.fandom.com/wiki/Special:Redirect/file/Our_Last_Dancelogo_square.png
lp_team_899291,Zen Esports,Zen Esports,leaguepedia_cargo,https://lol.fandom.com/wiki/Special:Redirect/page/899291,https://lol.fandom.com/wiki/Special:Redirect/file/Zen_Esportslogo_square.png
lp_team_899390,Steak Frites,Steak Frites,leaguepedia_cargo,https://lol.fandom.com/wiki/Special:Redirect/page/899390,https://lol.fandom.com/wiki/Special:Redirect/file/Steak_Friteslogo_square.png
lp_team_899429,Dragonsteel,Dragonsteel,leaguepedia_cargo,https://lol.fandom.com/wiki/Special:Redirect/page/899429,https://lol.fandom.com/wiki/Special:Redirect/file/Dragonsteellogo_profile.png
lp_team_900921,APOLLO GAMING Academy,APOLLO GAMING Academy,leaguepedia_cargo,https://lol.fandom.com/wiki/Special:Redirect/page/900921,https://lol.fandom.com/wiki/Special:Redirect/file/APOLLO_GAMING_Academylogo_square.png
lp_team_902064,Fortune Makers,Fortune Makers,leaguepedia_cargo,https://lol.fandom.com/wiki/Special:Redirect/page/902064,https://lol.fandom.com/wiki/Special:Redirect/file/Fortune_Makerslogo_square.png
lp_team_902072,Ancestors eSports,Ancestors eSports,leaguepedia_cargo,https://lol.fandom.com/wiki/Special:Redirect/page/902072,https://lol.fandom.com/wiki/Special:Redirect/file/Ancestors_eSportslogo_square.png
lp_team_902100,Lotus Knights,Lotus Knights,leaguepedia_cargo,https://lol.fandom.com/wiki/Special:Redirect/page/902100,https://lol.fandom.com/wiki/Special:Redirect/file/Lotus_Knightslogo_square.png
lp_team_903412,GMBLERS Esports,GMBLERS Esports,leaguepedia_cargo,https://lol.fandom.com/wiki/Special:Redirect/page/903412,https://lol.fandom.com/wiki/Special:Redirect/file/GMBLERS_Esportslogo_square.png
lp_team_908338,Estrogen Gap,Estrogen Gap,leaguepedia_cargo,https://lol.fandom.com/wiki/Special:Redirect/page/908338,https://lol.fandom.com/wiki/Special:Redirect/file/Estrogen_Gaplogo_square.png
lp_team_909930,L’art de la Guerre,L’art de la Guerre,leaguepedia_cargo,https://lol.fandom.com/wiki/Special:Redirect/page/909930,https://lol.fandom.com/wiki/Special:Redirect/file/L%E2%80%99art_de_la_Guerrelogo_square.png
lp_team_910074,Guangdong Flying Tigers,Guangdong Flying Tigers,leaguepedia_cargo,https://lol.fandom.com/wiki/Special:Redirect/page/910074,https://lol.fandom.com/wiki/Special:Redirect/file/Guangdong_Flying_Tigerslogo_square.png
lp_team_910107,Pee N W's,Pee N W's,leaguepedia_cargo,https://lol.fandom.com/wiki/Special:Redirect/page/910107,https://lol.fandom.com/wiki/Special:Redirect/file/Pee_N_W%27slogo_square.png
lp_team_910142,Motion.,Motion.,leaguepedia_cargo,https://lol.fandom.com/wiki/Special:Redirect/page/910142,https://lol.fandom.com/wiki/Special:Redirect/file/Motionlogo_square.png
lp_team_910279,K9,K9,leaguepedia_cargo,https://lol.fandom.com/wiki/Special:Redirect/page/910279,https://lol.fandom.com/wiki/Special:Redirect/file/K9logo_square.png
lp_team_910323,Smoke Tram,Smoke Tram,leaguepedia_cargo,https://lol.fandom.com/wiki/Special:Redirect/page/910323,https://lol.fandom.com/wiki/Special:Redirect/file/Smoke_Tramlogo_square.png
lp_team_910465,Ember Foxes,Ember Foxes,leaguepedia_cargo,https://lol.fandom.com/wiki/Special:Redirect/page/910465,https://lol.fandom.com/wiki/Special:Redirect/file/Ember_Foxeslogo_square.png
lp_team_910818,Maelstrom Esports,Maelstrom Esports,leaguepedia_cargo,https://lol.fandom.com/wiki/Special:Redirect/page/910818,https://lol.fandom.com/wiki/Special:Redirect/file/Maelstrom_Esportslogo_square.png
lp_team_910825,Challenger Cookie Monsters,Challenger Cookie Monsters,leaguepedia_cargo,https://lol.fandom.com/wiki/Special:Redirect/page/910825,https://lol.fandom.com/wiki/Special:Redirect/file/Challenger_Cookie_Monsterslogo_square.png
lp_team_910826,PepeTinkyWinky,PepeTinkyWinky,leaguepedia_cargo,https://lol.fandom.com/wiki/Special:Redirect/page/910826,https://lol.fandom.com/wiki/Special:Redirect/file/PepeTinkyWinkylogo_square.png
lp_team_910828,Delirious Hellhounds,Delirious Hellhounds,leaguepedia_cargo,https://lol.fandom.com/wiki/Special:Redirect/page/910828,https://lol.fandom.com/wiki/Special:Redirect/file/Delirious_Hellhoundslogo_square.png
lp_team_910928,Calamity Esports,Calamity Esports,leaguepedia_cargo,https://lol.fandom.com/wiki/Special:Redirect/page/910928,https://lol.fandom.com/wiki/Special:Redirect/file/Calamity_Esportslogo_square.png
lp_team_911319,Coopa Troopas,Coopa Troopas,leaguepedia_cargo,https://lol.fandom.com/wiki/Special:Redirect/page/911319,https://lol.fandom.com/wiki/Special:Redirect/file/Coopa_Troopaslogo_square.png
lp_team_914863,eWolves Ignis,eWolves Ignis,leaguepedia_cargo,https://lol.fandom.com/wiki/Special:Redirect/page/914863,https://lol.fandom.com/wiki/Special:Redirect/file/EWolves_Ignislogo_square.png
lp_team_915308,GameWard Astrals,GameWard Astrals,leaguepedia_cargo,https://lol.fandom.com/wiki/Special:Redirect/page/915308,https://lol.fandom.com/wiki/Special:Redirect/file/GameWard_Astralslogo_square.png
lp_team_916126,ODD Wara,ODD Wara,leaguepedia_cargo,https://lol.fandom.com/wiki/Special:Redirect/page/916126,https://lol.fandom.com/wiki/Special:Redirect/file/ODD_Waralogo_square.png
lp_team_917496,Gamers404,Gamers404,leaguepedia_cargo,https://lol.fandom.com/wiki/Special:Redirect/page/917496,https://lol.fandom.com/wiki/Special:Redirect/file/Gamers404logo_square.png
lp_team_920016,BBL Dark Passage,BBL Dark Passage,leaguepedia_cargo,https://lol.fandom.com/wiki/Special:Redirect/page/920016,https://lol.fandom.com/wiki/Special:Redirect/file/BBL_Dark_Passagelogo_square.png
lp_team_920408,Pulse Gooners,Pulse Gooners,leaguepedia_cargo,https://lol.fandom.com/wiki/Special:Redirect/page/920408,https://lol.fandom.com/wiki/Special:Redirect/file/Pulse_Goonerslogo_square.png
lp_team_921705,Peak Performers,Peak Performers,leaguepedia_cargo,https://lol.fandom.com/wiki/Special:Redirect/page/921705,https://lol.fandom.com/wiki/Special:Redirect/file/Peak_Performers_%28North_American_Team%29logo_square.png
lp_team_921708,Straw Hat Crew,Straw Hat Crew,leaguepedia_cargo,https://lol.fandom.com/wiki/Special:Redirect/page/921708,https://lol.fandom.com/wiki/Special:Redirect/file/Straw_Hat_Crewlogo_square.png
lp_team_921722,Dorado Gaming White,Dorado Gaming White,leaguepedia_cargo,https://lol.fandom.com/wiki/Special:Redirect/page/921722,https://lol.fandom.com/wiki/Special:Redirect/file/Dorado_Gaming_Whitelogo_square.png
lp_team_921756,Mirage Alliance Baguette,Mirage Alliance Baguette,leaguepedia_cargo,https://lol.fandom.com/wiki/Special:Redirect/page/921756,https://lol.fandom.com/wiki/Special:Redirect/file/Mirage_Alliance_Baguettelogo_square.png
lp_team_921817,Dorado Gaming Black,Dorado Gaming Black,leaguepedia_cargo,https://lol.fandom.com/wiki/Special:Redirect/page/921817,https://lol.fandom.com/wiki/Special:Redirect/file/Dorado_Gaming_Blacklogo_square.png
lp_team_921829,CCG Glorp,CCG Glorp,leaguepedia_cargo,https://lol.fandom.com/wiki/Special:Redirect/page/921829,https://lol.fandom.com/wiki/Special:Redirect/file/CCG_Glorplogo_square.png
lp_team_922107,FoxFire,FoxFire,leaguepedia_cargo,https://lol.fandom.com/wiki/Special:Redirect/page/922107,https://lol.fandom.com/wiki/Special:Redirect/file/FoxFire_%28Turkish_Team%29logo_square.png
lp_team_924054,eQuizers,eQuizers,leaguepedia_cargo,https://lol.fandom.com/wiki/Special:Redirect/page/924054,https://lol.fandom.com/wiki/Special:Redirect/file/EQuizerslogo_square.png
lp_team_924068,Green Dolphin Gaming,Green Dolphin Gaming,leaguepedia_cargo,https://lol.fandom.com/wiki/Special:Redirect/page/924068,https://lol.fandom.com/wiki/Special:Redirect/file/Green_Dolphin_Gaminglogo_square.png
lp_team_924541,Malvinas Gaming EU,Malvinas Gaming EU,leaguepedia_cargo,https://lol.fandom.com/wiki/Special:Redirect/page/924541,https://lol.fandom.com/wiki/Special:Redirect/file/Malvinas_Gaming_EUlogo_square.png
lp_team_925520,Ceuta Guardians,Ceuta Guardians,leaguepedia_cargo,https://lol.fandom.com/wiki/Special:Redirect/page/925520,https://lol.fandom.com/wiki/Special:Redirect/file/Ceuta_Guardianslogo_square.png
lp_team_925529,Melilla Titans,Melilla Titans,leaguepedia_cargo,https://lol.fandom.com/wiki/Special:Redirect/page/925529,https://lol.fandom.com/wiki/Special:Redirect/file/Melilla_Titanslogo_profile.png
lp_team_928951,LYON,LYON,leaguepedia_cargo,https://lol.fandom.com/wiki/Special:Redirect/page/928951,https://lol.fandom.com/wiki/Special:Redirect/file/LYON_%282024_American_Team%29logo_profile.png
lp_team_928965,3v Team,3v Team,leaguepedia_cargo,https://lol.fandom.com/wiki/Special:Redirect/page/928965,https://lol.fandom.com/wiki/Special:Redirect/file/3v_Teamlogo_square.png
lp_team_929940,Isurus Estral,Isurus Estral,leaguepedia_cargo,https://lol.fandom.com/wiki/Special:Redirect/page/929940,https://lol.fandom.com/wiki/Special:Redirect/file/Isurus_Estrallogo_square.png
lp_team_930237,MIRAI,MIRAI,leaguepedia_cargo,https://lol.fandom.com/wiki/Special:Redirect/page/930237,https://lol.fandom.com/wiki/Special:Redirect/file/MIRAI_%28Brazilian_Team%29logo_square.png
lp_team_930247,eWolves Brazil,eWolves Brazil,leaguepedia_cargo,https://lol.fandom.com/wiki/Special:Redirect/page/930247,https://lol.fandom.com/wiki/Special:Redirect/file/EWolves_Brazillogo_square.png
lp_team_930423,Los Ratones,Los Ratones,leaguepedia_cargo,https://lol.fandom.com/wiki/Special:Redirect/page/930423,https://lol.fandom.com/wiki/Special:Redirect/file/Los_Ratoneslogo_square.png
lp_team_930439,Karmine Corp Blue Stars,Karmine Corp Blue Stars,leaguepedia_cargo,https://lol.fandom.com/wiki/Special:Redirect/page/930439,https://lol.fandom.com/wiki/Special:Redirect/file/Karmine_Corp_Blue_Starslogo_square.png
lp_team_930445,Skillcamp,Skillcamp,leaguepedia_cargo,https://lol.fandom.com/wiki/Special:Redirect/page/930445,https://lol.fandom.com/wiki/Special:Redirect/file/Skillcamplogo_profile.png
lp_team_930650,Team Valiant,Team Valiant,leaguepedia_cargo,https://lol.fandom.com/wiki/Special:Redirect/page/930650,https://lol.fandom.com/wiki/Special:Redirect/file/Team_Valiantlogo_square.png
lp_team_931393,Team Axelent69,Team Axelent69,leaguepedia_cargo,https://lol.fandom.com/wiki/Special:Redirect/page/931393,https://lol.fandom.com/wiki/Special:Redirect/file/Team_Axelent69logo_square.png
lp_team_931742,Luminosity Gaming,Luminosity Gaming,leaguepedia_cargo,https://lol.fandom.com/wiki/Special:Redirect/page/931742,https://lol.fandom.com/wiki/Special:Redirect/file/Luminosity_Gaminglogo_profile.png
lp_team_931747,LYON Academy,LYON Academy,leaguepedia_cargo,https://lol.fandom.com/wiki/Special:Redirect/page/931747,https://lol.fandom.com/wiki/Special:Redirect/file/LYON_Academylogo_profile.png
lp_team_931907,Hanwha Life Esports Academy,Hanwha Life Esports Academy,leaguepedia_cargo,https://lol.fandom.com/wiki/Special:Redirect/page/931907,https://lol.fandom.com/wiki/Special:Redirect/file/Hanwha_Life_Esportslogo_profile.png
lp_team_932942,Cupid Esports,Cupid Esports,leaguepedia_cargo,https://lol.fandom.com/wiki/Special:Redirect/page/932942,https://lol.fandom.com/wiki/Special:Redirect/file/Cupid_Esportslogo_profile.png
lp_team_933239,Team Secret Whales,Team Secret Whales,leaguepedia_cargo,https://lol.fandom.com/wiki/Special:Redirect/page/933239,https://lol.fandom.com/wiki/Special:Redirect/file/Team_Secret_Whaleslogo_profile.png
lp_team_933303,NTMR,NTMR,leaguepedia_cargo,https://lol.fandom.com/wiki/Special:Redirect/page/933303,https://lol.fandom.com/wiki/Special:Redirect/file/NTMRlogo_square.png
lp_team_933331,Movistar KOI Fénix,Movistar KOI Fénix,leaguepedia_cargo,https://lol.fandom.com/wiki/Special:Redirect/page/933331,https://lol.fandom.com/wiki/Special:Redirect/file/Movistar_KOI_F%C3%A9nixlogo_square.png
lp_team_933642,Galions,Galions,leaguepedia_cargo,https://lol.fandom.com/wiki/Special:Redirect/page/933642,https://lol.fandom.com/wiki/Special:Redirect/file/Galionslogo_square.png
lp_team_933650,Galions Pearl,Galions Pearl,leaguepedia_cargo,https://lol.fandom.com/wiki/Special:Redirect/page/933650,https://lol.fandom.com/wiki/Special:Redirect/file/Galions_Pearllogo_square.png
lp_team_934531,SLTitans Esports,SLTitans Esports,leaguepedia_cargo,https://lol.fandom.com/wiki/Special:Redirect/page/934531,https://lol.fandom.com/wiki/Special:Redirect/file/SLTitans_Esportslogo_square.png
lp_team_934853,Ambys Team,Ambys Team,leaguepedia_cargo,https://lol.fandom.com/wiki/Special:Redirect/page/934853,https://lol.fandom.com/wiki/Special:Redirect/file/Ambys_Teamlogo_square.png
lp_team_934903,Monta Club,Monta Club,leaguepedia_cargo,https://lol.fandom.com/wiki/Special:Redirect/page/934903,https://lol.fandom.com/wiki/Special:Redirect/file/Monta_Clublogo_square.png
lp_team_934915,Khore Gaming,Khore Gaming,leaguepedia_cargo,https://lol.fandom.com/wiki/Special:Redirect/page/934915,https://lol.fandom.com/wiki/Special:Redirect/file/Khore_Gaminglogo_square.png
lp_team_934921,Valkiria's Vikings,Valkiria's Vikings,leaguepedia_cargo,https://lol.fandom.com/wiki/Special:Redirect/page/934921,https://lol.fandom.com/wiki/Special:Redirect/file/Valkiria%27s_Vikingslogo_square.png
lp_team_937523,Bushido Wildcats,Bushido Wildcats,leaguepedia_cargo,https://lol.fandom.com/wiki/Special:Redirect/page/937523,https://lol.fandom.com/wiki/Special:Redirect/file/Bushido_Wildcatslogo_square.png
lp_team_937570,ULF Esports,ULF Esports,leaguepedia_cargo,https://lol.fandom.com/wiki/Special:Redirect/page/937570,https://lol.fandom.com/wiki/Special:Redirect/file/ULF_Esportslogo_square.png
lp_team_937613,West Point Esports Cadets,West Point Esports Cadets,leaguepedia_cargo,https://lol.fandom.com/wiki/Special:Redirect/page/937613,https://lol.fandom.com/wiki/Special:Redirect/file/West_Point_Esports_Cadetslogo_square.png
lp_team_937699,Dung Dynasty,Dung Dynasty,leaguepedia_cargo,https://lol.fandom.com/wiki/Special:Redirect/page/937699,https://lol.fandom.com/wiki/Special:Redirect/file/Dung_Dynastylogo_square.png
lp_team_938034,Saigon Dino,Saigon Dino,leaguepedia_cargo,https://lol.fandom.com/wiki/Special:Redirect/page/938034,https://lol.fandom.com/wiki/Special:Redirect/file/Saigon_Dinologo_square.png
lp_team_938394,Nightbirds,Nightbirds,leaguepedia_cargo,https://lol.fandom.com/wiki/Special:Redirect/page/938394,https://lol.fandom.com/wiki/Special:Redirect/file/Nightbirdslogo_square.png
lp_team_938562,Respawned Esports,Respawned Esports,leaguepedia_cargo,https://lol.fandom.com/wiki/Special:Redirect/page/938562,https://lol.fandom.com/wiki/Special:Redirect/file/Respawned_Esportslogo_square.png
lp_team_938582,REJECT,REJECT,leaguepedia_cargo,https://lol.fandom.com/wiki/Special:Redirect/page/938582,https://lol.fandom.com/wiki/Special:Redirect/file/REJECTlogo_profile.png
lp_team_938763,ORIGINwp,ORIGINwp,leaguepedia_cargo,https://lol.fandom.com/wiki/Special:Redirect/page/938763,https://lol.fandom.com/wiki/Special:Redirect/file/ORIGINwplogo_profile.png
lp_team_939241,Zena Esports,Zena Esports,leaguepedia_cargo,https://lol.fandom.com/wiki/Special:Redirect/page/939241,https://lol.fandom.com/wiki/Special:Redirect/file/Zena_Esportslogo_square.png
lp_team_939272,Tan'i eSports CZ,Tan'i eSports CZ,leaguepedia_cargo,https://lol.fandom.com/wiki/Special:Redirect/page/939272,https://lol.fandom.com/wiki/Special:Redirect/file/Tan%27i_eSports_CZlogo_square.png
lp_team_939297,AKA HERO,AKA HERO,leaguepedia_cargo,https://lol.fandom.com/wiki/Special:Redirect/page/939297,https://lol.fandom.com/wiki/Special:Redirect/file/AKA_HEROlogo_profile.png
lp_team_939456,We Plash! Academy,We Plash! Academy,leaguepedia_cargo,https://lol.fandom.com/wiki/Special:Redirect/page/939456,https://lol.fandom.com/wiki/Special:Redirect/file/We_Plash_Academylogo_square.png
lp_team_939742,Bodin E-Sports,Bodin E-Sports,leaguepedia_cargo,https://lol.fandom.com/wiki/Special:Redirect/page/939742,https://lol.fandom.com/wiki/Special:Redirect/file/Bodin_E-Sportslogo_square.png
lp_team_941173,Szef+6,Szef+6,leaguepedia_cargo,https://lol.fandom.com/wiki/Special:Redirect/page/941173,https://lol.fandom.com/wiki/Special:Redirect/file/Szef_6logo_square.png
lp_team_941181,Kiedyś Miałem Fun,Kiedyś Miałem Fun,leaguepedia_cargo,https://lol.fandom.com/wiki/Special:Redirect/page/941181,https://lol.fandom.com/wiki/Special:Redirect/file/Kiedy%C5%9B_Mia%C5%82em_Funlogo_square.png
lp_team_941194,htp eSport Akademie Hannover,htp eSport Akademie Hannover,leaguepedia_cargo,https://lol.fandom.com/wiki/Special:Redirect/page/941194,https://lol.fandom.com/wiki/Special:Redirect/file/Htp_eSport_Akademie_Hannoverlogo_square.png
lp_team_941662,Fluxo W7M,Fluxo W7M,leaguepedia_cargo,https://lol.fandom.com/wiki/Special:Redirect/page/941662,https://lol.fandom.com/wiki/Special:Redirect/file/Fluxo_W7Mlogo_square.png
lp_team_942102,Mighty Eagles,Mighty Eagles,leaguepedia_cargo,https://lol.fandom.com/wiki/Special:Redirect/page/942102,https://lol.fandom.com/wiki/Special:Redirect/file/Mighty_Eagleslogo_square.png
lp_team_942330,Fractious eSports,Fractious eSports,leaguepedia_cargo,https://lol.fandom.com/wiki/Special:Redirect/page/942330,https://lol.fandom.com/wiki/Special:Redirect/file/Fractious_eSportslogo_profile.png
lp_team_942740,D1VERSE,D1VERSE,leaguepedia_cargo,https://lol.fandom.com/wiki/Special:Redirect/page/942740,https://lol.fandom.com/wiki/Special:Redirect/file/D1VERSE_%28Vietnamese_Team%29logo_profile.png
lp_team_942872,Hannover Esports e.V.,Hannover Esports e.V.,leaguepedia_cargo,https://lol.fandom.com/wiki/Special:Redirect/page/942872,https://lol.fandom.com/wiki/Special:Redirect/file/Hannover_Esports_e.V.logo_square.png
lp_team_943552,Divernex,Divernex,leaguepedia_cargo,https://lol.fandom.com/wiki/Special:Redirect/page/943552,https://lol.fandom.com/wiki/Special:Redirect/file/Divernexlogo_square.png
lp_team_944841,RATZ,RATZ,leaguepedia_cargo,https://lol.fandom.com/wiki/Special:Redirect/page/944841,https://lol.fandom.com/wiki/Special:Redirect/file/RATZlogo_square.png
lp_team_945415,Zero Tenacity Spears,Zero Tenacity Spears,leaguepedia_cargo,https://lol.fandom.com/wiki/Special:Redirect/page/945415,https://lol.fandom.com/wiki/Special:Redirect/file/Zero_Tenacity_Spearslogo_square.png
lp_team_945502,LODIS Academy,LODIS Academy,leaguepedia_cargo,https://lol.fandom.com/wiki/Special:Redirect/page/945502,https://lol.fandom.com/wiki/Special:Redirect/file/LODIS_Academylogo_square.png
lp_team_945556,Hyper Kings,Hyper Kings,leaguepedia_cargo,https://lol.fandom.com/wiki/Special:Redirect/page/945556,https://lol.fandom.com/wiki/Special:Redirect/file/Hyper_Kingslogo_square.png
lp_team_945575,Meavedron Anonymo Master Academy,Meavedron Anonymo Master Academy,leaguepedia_cargo,https://lol.fandom.com/wiki/Special:Redirect/page/945575,https://lol.fandom.com/wiki/Special:Redirect/file/Meavedron_Anonymo_Master_Academylogo_square.png
lp_team_945603,DOCISK,DOCISK,leaguepedia_cargo,https://lol.fandom.com/wiki/Special:Redirect/page/945603,https://lol.fandom.com/wiki/Special:Redirect/file/DOCISKlogo_square.png
lp_team_946026,Hyper Vortex Esports,Hyper Vortex Esports,leaguepedia_cargo,https://lol.fandom.com/wiki/Special:Redirect/page/946026,https://lol.fandom.com/wiki/Special:Redirect/file/Hyper_Vortex_Esportslogo_square.png
lp_team_946056,Emerald Prisoners,Emerald Prisoners,leaguepedia_cargo,https://lol.fandom.com/wiki/Special:Redirect/page/946056,https://lol.fandom.com/wiki/Special:Redirect/file/Emerald_Prisonerslogo_square.png
lp_team_946206,KaBuM! Ilha das Lendas,KaBuM! Ilha das Lendas,leaguepedia_cargo,https://lol.fandom.com/wiki/Special:Redirect/page/946206,https://lol.fandom.com/wiki/Special:Redirect/file/KaBuM%21_Ilha_das_Lendaslogo_profile.png
lp_team_947730,Fantastic Esports,Fantastic Esports,leaguepedia_cargo,https://lol.fandom.com/wiki/Special:Redirect/page/947730,https://lol.fandom.com/wiki/Special:Redirect/file/Fantastic_Esportslogo_square.png
lp_team_947770,The Secret Club,The Secret Club,leaguepedia_cargo,https://lol.fandom.com/wiki/Special:Redirect/page/947770,https://lol.fandom.com/wiki/Special:Redirect/file/The_Secret_Clublogo_square.png
lp_team_947960,Saigon Secret,Saigon Secret,leaguepedia_cargo,https://lol.fandom.com/wiki/Special:Redirect/page/947960,https://lol.fandom.com/wiki/Special:Redirect/file/Saigon_Secretlogo_profile.png
lp_team_948017,FN Esports,FN Esports,leaguepedia_cargo,https://lol.fandom.com/wiki/Special:Redirect/page/948017,https://lol.fandom.com/wiki/Special:Redirect/file/FN_Esportslogo_square.png
lp_team_948410,Never Give Up,Never Give Up,leaguepedia_cargo,https://lol.fandom.com/wiki/Special:Redirect/page/948410,https://lol.fandom.com/wiki/Special:Redirect/file/Never_Give_Up_%28Vietnamese_Team%29logo_profile.png
lp_team_948439,Lenovo Legion Honvéd,Lenovo Legion Honvéd,leaguepedia_cargo,https://lol.fandom.com/wiki/Special:Redirect/page/948439,https://lol.fandom.com/wiki/Special:Redirect/file/Lenovo_Legion_Honv%C3%A9dlogo_square.png
lp_team_948502,Hanoi Rookies Esports,Hanoi Rookies Esports,leaguepedia_cargo,https://lol.fandom.com/wiki/Special:Redirect/page/948502,https://lol.fandom.com/wiki/Special:Redirect/file/Hanoi_Rookies_Esportslogo_profile.png
lp_team_948735,Silent Storm Esports,Silent Storm Esports,leaguepedia_cargo,https://lol.fandom.com/wiki/Special:Redirect/page/948735,https://lol.fandom.com/wiki/Special:Redirect/file/Silent_Storm_Esportslogo_square.png
lp_team_949164,RevenGa Esports,RevenGa Esports,leaguepedia_cargo,https://lol.fandom.com/wiki/Special:Redirect/page/949164,https://lol.fandom.com/wiki/Special:Redirect/file/RevenGa_Esportslogo_square.png
lp_team_949298,regnum4games,regnum4games,leaguepedia_cargo,https://lol.fandom.com/wiki/Special:Redirect/page/949298,https://lol.fandom.com/wiki/Special:Redirect/file/Regnum4gameslogo_square.png
lp_team_949322,Footprint Gaming,Footprint Gaming,leaguepedia_cargo,https://lol.fandom.com/wiki/Special:Redirect/page/949322,https://lol.fandom.com/wiki/Special:Redirect/file/Footprint_Gaminglogo_square.png
lp_team_949715,TeamOrangeGaming Academy,TeamOrangeGaming Academy,leaguepedia_cargo,https://lol.fandom.com/wiki/Special:Redirect/page/949715,https://lol.fandom.com/wiki/Special:Redirect/file/TeamOrangeGaming_Academylogo_square.png
lp_team_949801,LOTUS,LOTUS,leaguepedia_cargo,https://lol.fandom.com/wiki/Special:Redirect/page/949801,https://lol.fandom.com/wiki/Special:Redirect/file/LOTUS_%28Brazilian_Team%29logo_square.png
lp_team_950119,Zeu5 Esports,Zeu5 Esports,leaguepedia_cargo,https://lol.fandom.com/wiki/Special:Redirect/page/950119,https://lol.fandom.com/wiki/Special:Redirect/file/Zeu5_Esportslogo_profile.png
lp_team_950147,Wardens,Wardens,leaguepedia_cargo,https://lol.fandom.com/wiki/Special:Redirect/page/950147,https://lol.fandom.com/wiki/Special:Redirect/file/Wardenslogo_square.png
lp_team_950148,Citadel Gaming,Citadel Gaming,leaguepedia_cargo,https://lol.fandom.com/wiki/Special:Redirect/page/950148,https://lol.fandom.com/wiki/Special:Redirect/file/Citadel_Gaminglogo_profile.png
lp_team_950169,Galaxy Gaming,Galaxy Gaming,leaguepedia_cargo,https://lol.fandom.com/wiki/Special:Redirect/page/950169,https://lol.fandom.com/wiki/Special:Redirect/file/Galaxy_Gaming_%28American_Team%29logo_square.png
lp_team_950528,SINS Esports,SINS Esports,leaguepedia_cargo,https://lol.fandom.com/wiki/Special:Redirect/page/950528,https://lol.fandom.com/wiki/Special:Redirect/file/SINS_Esportslogo_square.png
lp_team_950982,Atruvia Münster Esports,Atruvia Münster Esports,leaguepedia_cargo,https://lol.fandom.com/wiki/Special:Redirect/page/950982,https://lol.fandom.com/wiki/Special:Redirect/file/M%C3%BCnster_Esportslogo_profile.png
lp_team_951006,A One Man Army Prime,A One Man Army Prime,leaguepedia_cargo,https://lol.fandom.com/wiki/Special:Redirect/page/951006,https://lol.fandom.com/wiki/Special:Redirect/file/A_One_Man_Army_Primelogo_square.png
lp_team_951715,VARREL YOUTH,VARREL YOUTH,leaguepedia_cargo,https://lol.fandom.com/wiki/Special:Redirect/page/951715,https://lol.fandom.com/wiki/Special:Redirect/file/VARREL_YOUTHlogo_profile.png
lp_team_951854,Spirit Quartz Gaming,Spirit Quartz Gaming,leaguepedia_cargo,https://lol.fandom.com/wiki/Special:Redirect/page/951854,https://lol.fandom.com/wiki/Special:Redirect/file/Spirit_Quartz_Gaminglogo_square.png
lp_team_952162,Dopamina E-Sport,Dopamina E-Sport,leaguepedia_cargo,https://lol.fandom.com/wiki/Special:Redirect/page/952162,https://lol.fandom.com/wiki/Special:Redirect/file/Dopamina_E-Sportlogo_square.png
lp_team_952942,Stellae Gaming,Stellae Gaming,leaguepedia_cargo,https://lol.fandom.com/wiki/Special:Redirect/page/952942,https://lol.fandom.com/wiki/Special:Redirect/file/Stellae_Gaminglogo_profile.png
lp_team_953038,aNc Legends,aNc Legends,leaguepedia_cargo,https://lol.fandom.com/wiki/Special:Redirect/page/953038,https://lol.fandom.com/wiki/Special:Redirect/file/ANc_Legendslogo_square.png
lp_team_953407,eWolves Lycans,eWolves Lycans,leaguepedia_cargo,https://lol.fandom.com/wiki/Special:Redirect/page/953407,https://lol.fandom.com/wiki/Special:Redirect/file/EWolves_Lycanslogo_square.png
lp_team_953645,Farenvehn,Farenvehn,leaguepedia_cargo,https://lol.fandom.com/wiki/Special:Redirect/page/953645,https://lol.fandom.com/wiki/Special:Redirect/file/Farenvehnlogo_square.png
lp_team_953780,Near Airport,Near Airport,leaguepedia_cargo,https://lol.fandom.com/wiki/Special:Redirect/page/953780,https://lol.fandom.com/wiki/Special:Redirect/file/Near_Airportlogo_profile.png
lp_team_954031,DarkZero Dragonsteel,DarkZero Dragonsteel,leaguepedia_cargo,https://lol.fandom.com/wiki/Special:Redirect/page/954031,https://lol.fandom.com/wiki/Special:Redirect/file/DarkZero_Dragonsteellogo_profile.png
lp_team_954215,Colossal Gaming,Colossal Gaming,leaguepedia_cargo,https://lol.fandom.com/wiki/Special:Redirect/page/954215,https://lol.fandom.com/wiki/Special:Redirect/file/Colossal_Gaminglogo_square.png
lp_team_954245,Vasco E-Sports,Vasco E-Sports,leaguepedia_cargo,https://lol.fandom.com/wiki/Special:Redirect/page/954245,https://lol.fandom.com/wiki/Special:Redirect/file/Vasco_E-Sportslogo_square.png
lp_team_954293,wangting,wangting,leaguepedia_cargo,https://lol.fandom.com/wiki/Special:Redirect/page/954293,https://lol.fandom.com/wiki/Special:Redirect/file/Wangtinglogo_square.png
lp_team_954825,Seven Dark,Seven Dark,leaguepedia_cargo,https://lol.fandom.com/wiki/Special:Redirect/page/954825,https://lol.fandom.com/wiki/Special:Redirect/file/Seven_Darklogo_square.png
lp_team_954907,ODD Esports,ODD Esports,leaguepedia_cargo,https://lol.fandom.com/wiki/Special:Redirect/page/954907,https://lol.fandom.com/wiki/Special:Redirect/file/ODD_Esportslogo_square.png
lp_team_954938,Sicar Esports,Sicar Esports,leaguepedia_cargo,https://lol.fandom.com/wiki/Special:Redirect/page/954938,https://lol.fandom.com/wiki/Special:Redirect/file/Sicar_Esportslogo_profile.png
lp_team_955076,Ethereal Enigmas,Ethereal Enigmas,leaguepedia_cargo,https://lol.fandom.com/wiki/Special:Redirect/page/955076,https://lol.fandom.com/wiki/Special:Redirect/file/Ethereal_Enigmaslogo_square.png
lp_team_955180,SDM Tigres,SDM Tigres,leaguepedia_cargo,https://lol.fandom.com/wiki/Special:Redirect/page/955180,https://lol.fandom.com/wiki/Special:Redirect/file/SDM_Tigreslogo_profile.png
lp_team_955640,Dragons Esports,Dragons Esports,leaguepedia_cargo,https://lol.fandom.com/wiki/Special:Redirect/page/955640,https://lol.fandom.com/wiki/Special:Redirect/file/Dragons_Esportslogo_square.png
lp_team_955675,Icon Esports,Icon Esports,leaguepedia_cargo,https://lol.fandom.com/wiki/Special:Redirect/page/955675,https://lol.fandom.com/wiki/Special:Redirect/file/Icon_Esports_%28Mexican_Team%29logo_square.png
lp_team_955926,StormMedia Fajnie Mieć Skład,StormMedia Fajnie Mieć Skład,leaguepedia_cargo,https://lol.fandom.com/wiki/Special:Redirect/page/955926,https://lol.fandom.com/wiki/Special:Redirect/file/StormMedia_Fajnie_Mie%C4%87_Sk%C5%82adlogo_square.png
lp_team_956676,MGN Vikings Academy,MGN Vikings Academy,leaguepedia_cargo,https://lol.fandom.com/wiki/Special:Redirect/page/956676,https://lol.fandom.com/wiki/Special:Redirect/file/MGN_Vikings_Academylogo_profile.png
lp_team_956747,Howl Esports,Howl Esports,leaguepedia_cargo,https://lol.fandom.com/wiki/Special:Redirect/page/956747,https://lol.fandom.com/wiki/Special:Redirect/file/Howl_Esportslogo_square.png
lp_team_957037,Curralzinho Esports,Curralzinho Esports,leaguepedia_cargo,https://lol.fandom.com/wiki/Special:Redirect/page/957037,https://lol.fandom.com/wiki/Special:Redirect/file/Curralzinho_Esportslogo_square.png
lp_team_957337,Team Evermeet,Team Evermeet,leaguepedia_cargo,https://lol.fandom.com/wiki/Special:Redirect/page/957337,https://lol.fandom.com/wiki/Special:Redirect/file/Team_Evermeetlogo_square.png
lp_team_957621,Observant Force,Observant Force,leaguepedia_cargo,https://lol.fandom.com/wiki/Special:Redirect/page/957621,https://lol.fandom.com/wiki/Special:Redirect/file/Observant_Forcelogo_square.png
lp_team_958332,Spartans EU,Spartans EU,leaguepedia_cargo,https://lol.fandom.com/wiki/Special:Redirect/page/958332,https://lol.fandom.com/wiki/Special:Redirect/file/Spartans_EUlogo_profile.png
lp_team_958510,Partizan Sangal,Partizan Sangal,leaguepedia_cargo,https://lol.fandom.com/wiki/Special:Redirect/page/958510,https://lol.fandom.com/wiki/Special:Redirect/file/Partizan_Sangallogo_square.png
lp_team_958992,Connect Arena Esports,Connect Arena Esports,leaguepedia_cargo,https://lol.fandom.com/wiki/Special:Redirect/page/958992,https://lol.fandom.com/wiki/Special:Redirect/file/Connect_Arena_Esportslogo_square.png
lp_team_960093,Full Sense,Full Sense,leaguepedia_cargo,https://lol.fandom.com/wiki/Special:Redirect/page/960093,https://lol.fandom.com/wiki/Special:Redirect/file/Full_Senselogo_profile.png
lp_team_960520,Yang Yang Gaming,Yang Yang Gaming,leaguepedia_cargo,https://lol.fandom.com/wiki/Special:Redirect/page/960520,https://lol.fandom.com/wiki/Special:Redirect/file/Yang_Yang_Gaminglogo_square.png
lp_team_960752,devils.one Academy,devils.one Academy,leaguepedia_cargo,https://lol.fandom.com/wiki/Special:Redirect/page/960752,https://lol.fandom.com/wiki/Special:Redirect/file/Devils.one_Academylogo_square.png
lp_team_962043,DOCISK Academy,DOCISK Academy,leaguepedia_cargo,https://lol.fandom.com/wiki/Special:Redirect/page/962043,https://lol.fandom.com/wiki/Special:Redirect/file/DOCISK_Academylogo_square.png
lp_team_962212,Emerald Prisoners Academy,Emerald Prisoners Academy,leaguepedia_cargo,https://lol.fandom.com/wiki/Special:Redirect/page/962212,https://lol.fandom.com/wiki/Special:Redirect/file/Emerald_Prisoners_Academylogo_square.png
lp_team_962408,El Dafayat Esports,El Dafayat Esports,leaguepedia_cargo,https://lol.fandom.com/wiki/Special:Redirect/page/962408,https://lol.fandom.com/wiki/Special:Redirect/file/El_Dafayat_Esportslogo_square.png
lp_team_962665,CGN Esports,CGN Esports,leaguepedia_cargo,https://lol.fandom.com/wiki/Special:Redirect/page/962665,https://lol.fandom.com/wiki/Special:Redirect/file/CGN_Esportslogo_square.png
lp_team_963511,Trinity,Trinity,leaguepedia_cargo,https://lol.fandom.com/wiki/Special:Redirect/page/963511,https://lol.fandom.com/wiki/Special:Redirect/file/Trinity_%28Thai_Team%29logo_square.png
lp_team_964241,PAGLE48,PAGLE48,leaguepedia_cargo,https://lol.fandom.com/wiki/Special:Redirect/page/964241,https://lol.fandom.com/wiki/Special:Redirect/file/PAGLE48logo_square.png
lp_team_964501,LittleSans,LittleSans,leaguepedia_cargo,https://lol.fandom.com/wiki/Special:Redirect/page/964501,https://lol.fandom.com/wiki/Special:Redirect/file/LittleSanslogo_square.png
lp_team_964526,Sportia Khore,Sportia Khore,leaguepedia_cargo,https://lol.fandom.com/wiki/Special:Redirect/page/964526,https://lol.fandom.com/wiki/Special:Redirect/file/Sportia_Khorelogo_square.png
lp_team_966695,Reload Ragnarok,Reload Ragnarok,leaguepedia_cargo,https://lol.fandom.com/wiki/Special:Redirect/page/966695,https://lol.fandom.com/wiki/Special:Redirect/file/Reload_Ragnaroklogo_square.png
lp_team_966716,WLG Female Stars,WLG Female Stars,leaguepedia_cargo,https://lol.fandom.com/wiki/Special:Redirect/page/966716,https://lol.fandom.com/wiki/Special:Redirect/file/WLG_Female_Starslogo_square.png
lp_team_966853,Apex Predator,Apex Predator,leaguepedia_cargo,https://lol.fandom.com/wiki/Special:Redirect/page/966853,https://lol.fandom.com/wiki/Special:Redirect/file/Apex_Predatorlogo_square.png
lp_team_966919,GenZ Gaming,GenZ Gaming,leaguepedia_cargo,https://lol.fandom.com/wiki/Special:Redirect/page/966919,https://lol.fandom.com/wiki/Special:Redirect/file/GenZ_Gaming_%282025_Vietnamese_Team%29logo_square.png
lp_team_966998,HUTECH CHICKEN,HUTECH CHICKEN,leaguepedia_cargo,https://lol.fandom.com/wiki/Special:Redirect/page/966998,https://lol.fandom.com/wiki/Special:Redirect/file/HUTECH_CHICKENlogo_square.png
lp_team_967006,Venus Gaming,Venus Gaming,leaguepedia_cargo,https://lol.fandom.com/wiki/Special:Redirect/page/967006,https://lol.fandom.com/wiki/Special:Redirect/file/Venus_Gaminglogo_square.png
lp_team_967021,Mila Gaming,Mila Gaming,leaguepedia_cargo,https://lol.fandom.com/wiki/Special:Redirect/page/967021,https://lol.fandom.com/wiki/Special:Redirect/file/Mila_Gaminglogo_square.png
lp_team_967107,Gaming Barcelona,Gaming Barcelona,leaguepedia_cargo,https://lol.fandom.com/wiki/Special:Redirect/page/967107,https://lol.fandom.com/wiki/Special:Redirect/file/Gaming_Barcelonalogo_square.png
lp_team_967631,Nocturne Gale,Nocturne Gale,leaguepedia_cargo,https://lol.fandom.com/wiki/Special:Redirect/page/967631,https://lol.fandom.com/wiki/Special:Redirect/file/Nocturne_Galelogo_square.png
lp_team_968180,Milk Esports,Milk Esports,leaguepedia_cargo,https://lol.fandom.com/wiki/Special:Redirect/page/968180,https://lol.fandom.com/wiki/Special:Redirect/file/Milk_Esportslogo_square.png
lp_team_968470,Actions Per Minute Academy,Actions Per Minute Academy,leaguepedia_cargo,https://lol.fandom.com/wiki/Special:Redirect/page/968470,https://lol.fandom.com/wiki/Special:Redirect/file/Actions_Per_Minute_Academylogo_square.png
lp_team_969131,Supernova Comets,Supernova Comets,leaguepedia_cargo,https://lol.fandom.com/wiki/Special:Redirect/page/969131,https://lol.fandom.com/wiki/Special:Redirect/file/Supernova_Cometslogo_square.png
lp_team_969542,University of Health Sciences and Pharmacy in St. Louis,University of Health Sciences and Pharmacy in St. Louis,leaguepedia_cargo,https://lol.fandom.com/wiki/Special:Redirect/page/969542,https://lol.fandom.com/wiki/Special:Redirect/file/University_of_Health_Sciences_and_Pharmacy_in_St._Louislogo_square.png
lp_team_971337,SN CyberCore Esports,SN CyberCore Esports,leaguepedia_cargo,https://lol.fandom.com/wiki/Special:Redirect/page/971337,https://lol.fandom.com/wiki/Special:Redirect/file/SN_CyberCore_Esportslogo_profile.png
lp_team_973380,Zerance Bloom,Zerance Bloom,leaguepedia_cargo,https://lol.fandom.com/wiki/Special:Redirect/page/973380,https://lol.fandom.com/wiki/Special:Redirect/file/Zerance_Bloomlogo_square.png
lp_team_973555,Nexus Reapers,Nexus Reapers,leaguepedia_cargo,https://lol.fandom.com/wiki/Special:Redirect/page/973555,https://lol.fandom.com/wiki/Special:Redirect/file/Nexus_Reaperslogo_square.png
lp_team_973565,Las Divinas,Las Divinas,leaguepedia_cargo,https://lol.fandom.com/wiki/Special:Redirect/page/973565,https://lol.fandom.com/wiki/Special:Redirect/file/Las_Divinaslogo_square.png
lp_team_973577,Last Minute Airlines,Last Minute Airlines,leaguepedia_cargo,https://lol.fandom.com/wiki/Special:Redirect/page/973577,https://lol.fandom.com/wiki/Special:Redirect/file/Last_Minute_Airlineslogo_square.png
lp_team_973645,Femmes Fatales,Femmes Fatales,leaguepedia_cargo,https://lol.fandom.com/wiki/Special:Redirect/page/973645,https://lol.fandom.com/wiki/Special:Redirect/file/Femmes_Fataleslogo_square.png
lp_team_973763,Prosperity Esports,Prosperity Esports,leaguepedia_cargo,https://lol.fandom.com/wiki/Special:Redirect/page/973763,https://lol.fandom.com/wiki/Special:Redirect/file/Prosperity_Esportslogo_square.png
lp_team_973998,Soul's Heart Esport,Soul's Heart Esport,leaguepedia_cargo,https://lol.fandom.com/wiki/Special:Redirect/page/973998,https://lol.fandom.com/wiki/Special:Redirect/file/Soul%27s_Heart_Esportlogo_square.png
lp_team_976169,VfB eSports,VfB eSports,leaguepedia_cargo,https://lol.fandom.com/wiki/Special:Redirect/page/976169,https://lol.fandom.com/wiki/Special:Redirect/file/VfB_eSportslogo_square.png
lp_team_977118,NGU eSports,NGU eSports,leaguepedia_cargo,https://lol.fandom.com/wiki/Special:Redirect/page/977118,https://lol.fandom.com/wiki/Special:Redirect/file/NGU_eSportslogo_square.png
lp_team_977124,eGekko,eGekko,leaguepedia_cargo,https://lol.fandom.com/wiki/Special:Redirect/page/977124,https://lol.fandom.com/wiki/Special:Redirect/file/EGekkologo_square.png
lp_team_977294,Team Mentality,Team Mentality,leaguepedia_cargo,https://lol.fandom.com/wiki/Special:Redirect/page/977294,https://lol.fandom.com/wiki/Special:Redirect/file/Team_Mentalitylogo_square.png
lp_team_978705,Aegis Flames e-Sports,Aegis Flames e-Sports,leaguepedia_cargo,https://lol.fandom.com/wiki/Special:Redirect/page/978705,https://lol.fandom.com/wiki/Special:Redirect/file/Aegis_Flames_e-Sportslogo_square.png
lp_team_978745,spongecord prime,spongecord prime,leaguepedia_cargo,https://lol.fandom.com/wiki/Special:Redirect/page/978745,https://lol.fandom.com/wiki/Special:Redirect/file/Spongecord_primelogo_square.png
lp_team_978809,7REX,7REX,leaguepedia_cargo,https://lol.fandom.com/wiki/Special:Redirect/page/978809,https://lol.fandom.com/wiki/Special:Redirect/file/7REXlogo_square.png
lp_team_979266,Lausanne-Sport Esports,Lausanne-Sport Esports,leaguepedia_cargo,https://lol.fandom.com/wiki/Special:Redirect/page/979266,https://lol.fandom.com/wiki/Special:Redirect/file/Lausanne-Sport_Esportslogo_profile.png
lp_team_979684,Evil genius,Evil genius,leaguepedia_cargo,https://lol.fandom.com/wiki/Special:Redirect/page/979684,https://lol.fandom.com/wiki/Special:Redirect/file/Evil_genius_%28RTV_Team%29logo_square.png
lp_team_979741,Caldya Esport,Caldya Esport,leaguepedia_cargo,https://lol.fandom.com/wiki/Special:Redirect/page/979741,https://lol.fandom.com/wiki/Special:Redirect/file/Caldya_Esportlogo_square.png
lp_team_980037,Barcząca Esports by Yumisu,Barcząca Esports by Yumisu,leaguepedia_cargo,https://lol.fandom.com/wiki/Special:Redirect/page/980037,https://lol.fandom.com/wiki/Special:Redirect/file/Barcz%C4%85ca_Esports_by_Yumisulogo_square.png
lp_team_980231,Golden Lions,Golden Lions,leaguepedia_cargo,https://lol.fandom.com/wiki/Special:Redirect/page/980231,https://lol.fandom.com/wiki/Special:Redirect/file/Golden_Lionslogo_square.png
lp_team_980238,Alpha7 Esports,Alpha7 Esports,leaguepedia_cargo,https://lol.fandom.com/wiki/Special:Redirect/page/980238,https://lol.fandom.com/wiki/Special:Redirect/file/Alpha7_Esportslogo_square.png
lp_team_980245,Lechuga Gaming,Lechuga Gaming,leaguepedia_cargo,https://lol.fandom.com/wiki/Special:Redirect/page/980245,https://lol.fandom.com/wiki/Special:Redirect/file/Lechuga_Gaminglogo_square.png
lp_team_980595,Jolly Rogers,Jolly Rogers,leaguepedia_cargo,https://lol.fandom.com/wiki/Special:Redirect/page/980595,https://lol.fandom.com/wiki/Special:Redirect/file/Jolly_Rogerslogo_square.png
lp_team_981612,The Forbidden Five,The Forbidden Five,leaguepedia_cargo,https://lol.fandom.com/wiki/Special:Redirect/page/981612,https://lol.fandom.com/wiki/Special:Redirect/file/The_Forbidden_Fivelogo_square.png
lp_team_981951,Andromeda Gaming,Andromeda Gaming,leaguepedia_cargo,https://lol.fandom.com/wiki/Special:Redirect/page/981951,https://lol.fandom.com/wiki/Special:Redirect/file/Andromeda_Gaminglogo_profile.png
lp_team_981957,Priority,Priority,leaguepedia_cargo,https://lol.fandom.com/wiki/Special:Redirect/page/981957,https://lol.fandom.com/wiki/Special:Redirect/file/Prioritylogo_square.png
lp_team_982194,Vancouver Impact,Vancouver Impact,leaguepedia_cargo,https://lol.fandom.com/wiki/Special:Redirect/page/982194,https://lol.fandom.com/wiki/Special:Redirect/file/Vancouver_Impactlogo_square.png
lp_team_982322,CITA Kaizen,CITA Kaizen,leaguepedia_cargo,https://lol.fandom.com/wiki/Special:Redirect/page/982322,https://lol.fandom.com/wiki/Special:Redirect/file/CITA_Kaizenlogo_square.png
lp_team_982584,Xibalbá Esports,Xibalbá Esports,leaguepedia_cargo,https://lol.fandom.com/wiki/Special:Redirect/page/982584,https://lol.fandom.com/wiki/Special:Redirect/file/Xibalb%C3%A1_Esportslogo_square.png
lp_team_983455,Milk Esports Whole Milk,Milk Esports Whole Milk,leaguepedia_cargo,https://lol.fandom.com/wiki/Special:Redirect/page/983455,https://lol.fandom.com/wiki/Special:Redirect/file/Milk_Esports_Whole_Milklogo_square.png
lp_team_984721,Könige der Meere,Könige der Meere,leaguepedia_cargo,https://lol.fandom.com/wiki/Special:Redirect/page/984721,https://lol.fandom.com/wiki/Special:Redirect/file/K%C3%B6nige_der_Meerelogo_square.png
lp_team_985214,Moon Wolf e-Sports,Moon Wolf e-Sports,leaguepedia_cargo,https://lol.fandom.com/wiki/Special:Redirect/page/985214,https://lol.fandom.com/wiki/Special:Redirect/file/Moon_Wolf_e-Sportslogo_square.png
lp_team_986096,BERZLOY,BERZLOY,leaguepedia_cargo,https://lol.fandom.com/wiki/Special:Redirect/page/986096,https://lol.fandom.com/wiki/Special:Redirect/file/BERZLOYlogo_square.png
lp_team_986565,Inferno Esports,Inferno Esports,leaguepedia_cargo,https://lol.fandom.com/wiki/Special:Redirect/page/986565,https://lol.fandom.com/wiki/Special:Redirect/file/Inferno_Esports_%28Filipino_Team%29logo_square.png
lp_team_988404,LØS Trainee,LØS Trainee,leaguepedia_cargo,https://lol.fandom.com/wiki/Special:Redirect/page/988404,https://lol.fandom.com/wiki/Special:Redirect/file/L%C3%98S_Traineelogo_square.png
lp_team_988484,Genetic Esport,Genetic Esport,leaguepedia_cargo,https://lol.fandom.com/wiki/Special:Redirect/page/988484,https://lol.fandom.com/wiki/Special:Redirect/file/Genetic_Esportlogo_profile.png
lp_team_988978,REDPack Esports,REDPack Esports,leaguepedia_cargo,https://lol.fandom.com/wiki/Special:Redirect/page/988978,https://lol.fandom.com/wiki/Special:Redirect/file/REDPack_Esportslogo_square.png
lp_team_989177,DOCISK Hussars,DOCISK Hussars,leaguepedia_cargo,https://lol.fandom.com/wiki/Special:Redirect/page/989177,https://lol.fandom.com/wiki/Special:Redirect/file/DOCISK_Hussarslogo_square.png
lp_team_989942,RMD Gaming,RMD Gaming,leaguepedia_cargo,https://lol.fandom.com/wiki/Special:Redirect/page/989942,https://lol.fandom.com/wiki/Special:Redirect/file/RMD_Gaminglogo_square.png
lp_team_989954,Fajnie Mieć Skład Academy,Fajnie Mieć Skład Academy,leaguepedia_cargo,https://lol.fandom.com/wiki/Special:Redirect/page/989954,https://lol.fandom.com/wiki/Special:Redirect/file/Fajnie_Mie%C4%87_Sk%C5%82ad_Academylogo_square.png
lp_team_990939,Yang Dae Pal,Yang Dae Pal,leaguepedia_cargo,https://lol.fandom.com/wiki/Special:Redirect/page/990939,https://lol.fandom.com/wiki/Special:Redirect/file/Yang_Dae_Pal_Korean_BBQ_Restaurantlogo_profile.png
lp_team_991534,S8UL Esports,S8UL Esports,leaguepedia_cargo,https://lol.fandom.com/wiki/Special:Redirect/page/991534,https://lol.fandom.com/wiki/Special:Redirect/file/S8UL_Esportslogo_square.png
lp_team_991553,Otter Side,Otter Side,leaguepedia_cargo,https://lol.fandom.com/wiki/Special:Redirect/page/991553,https://lol.fandom.com/wiki/Special:Redirect/file/Otter_Sidelogo_profile.png
lp_team_992514,e-Champ Gaming Trainee,e-Champ Gaming Trainee,leaguepedia_cargo,https://lol.fandom.com/wiki/Special:Redirect/page/992514,https://lol.fandom.com/wiki/Special:Redirect/file/E-Champ_Gaming_Traineelogo_square.png
lp_team_992908,Faerie Charm,Faerie Charm,leaguepedia_cargo,https://lol.fandom.com/wiki/Special:Redirect/page/992908,https://lol.fandom.com/wiki/Special:Redirect/file/Faerie_Charm_%28Singaporean_Team%29logo_square.png
lp_team_993938,Eterna,Eterna,leaguepedia_cargo,https://lol.fandom.com/wiki/Special:Redirect/page/993938,https://lol.fandom.com/wiki/Special:Redirect/file/Eternalogo_square.png
lp_team_994030,Saving OCE,Saving OCE,leaguepedia_cargo,https://lol.fandom.com/wiki/Special:Redirect/page/994030,https://lol.fandom.com/wiki/Special:Redirect/file/Saving_OCElogo_square.png
lp_team_994281,Nocturnals,Nocturnals,leaguepedia_cargo,https://lol.fandom.com/wiki/Special:Redirect/page/994281,https://lol.fandom.com/wiki/Special:Redirect/file/Nocturnalslogo_square.png
lp_team_994327,Big Dragon57,Big Dragon57,leaguepedia_cargo,https://lol.fandom.com/wiki/Special:Redirect/page/994327,https://lol.fandom.com/wiki/Special:Redirect/file/Big_Dragon57logo_square.png
lp_team_994387,OP Team,OP Team,leaguepedia_cargo,https://lol.fandom.com/wiki/Special:Redirect/page/994387,https://lol.fandom.com/wiki/Special:Redirect/file/OP_Teamlogo_square.png
lp_team_994575,SleepyGoose,SleepyGoose,leaguepedia_cargo,https://lol.fandom.com/wiki/Special:Redirect/page/994575,https://lol.fandom.com/wiki/Special:Redirect/file/SleepyGooselogo_square.png
lp_team_994590,Nakrob Mangkorn,Nakrob Mangkorn,leaguepedia_cargo,https://lol.fandom.com/wiki/Special:Redirect/page/994590,https://lol.fandom.com/wiki/Special:Redirect/file/Nakrob_Mangkornlogo_square.png
lp_team_994766,Pro Probably,Pro Probably,leaguepedia_cargo,https://lol.fandom.com/wiki/Special:Redirect/page/994766,https://lol.fandom.com/wiki/Special:Redirect/file/Pro_Probablylogo_square.png
lp_team_994958,Comeback Kid,Comeback Kid,leaguepedia_cargo,https://lol.fandom.com/wiki/Special:Redirect/page/994958,https://lol.fandom.com/wiki/Special:Redirect/file/Comeback_Kidlogo_square.png
lp_team_995261,Timeforce,Timeforce,leaguepedia_cargo,https://lol.fandom.com/wiki/Special:Redirect/page/995261,https://lol.fandom.com/wiki/Special:Redirect/file/Timeforcelogo_square.png
lp_team_995648,Crusaders,Crusaders,leaguepedia_cargo,https://lol.fandom.com/wiki/Special:Redirect/page/995648,https://lol.fandom.com/wiki/Special:Redirect/file/Crusaderslogo_square.png
lp_team_995882,Zenshi Gaming,Zenshi Gaming,leaguepedia_cargo,https://lol.fandom.com/wiki/Special:Redirect/page/995882,https://lol.fandom.com/wiki/Special:Redirect/file/Zenshi_Gaminglogo_square.png
lp_team_996724,Blue Otter Europe,Blue Otter Europe,leaguepedia_cargo,https://lol.fandom.com/wiki/Special:Redirect/page/996724,https://lol.fandom.com/wiki/Special:Redirect/file/Blue_Otter_Europelogo_square.png
lp_team_997852,Reveal Multigaming,Reveal Multigaming,leaguepedia_cargo,https://lol.fandom.com/wiki/Special:Redirect/page/997852,https://lol.fandom.com/wiki/Special:Redirect/file/Reveal_Multigaminglogo_square.png
lp_team_997881,Kanji Esports,Kanji Esports,leaguepedia_cargo,https://lol.fandom.com/wiki/Special:Redirect/page/997881,https://lol.fandom.com/wiki/Special:Redirect/file/Kanji_Esportslogo_square.png
lp_team_998126,Epic Avalanche,Epic Avalanche,leaguepedia_cargo,https://lol.fandom.com/wiki/Special:Redirect/page/998126,https://lol.fandom.com/wiki/Special:Redirect/file/Epic_Avalanchelogo_square.png
lp_team_998518,Brod n Friends,Brod n Friends,leaguepedia_cargo,https://lol.fandom.com/wiki/Special:Redirect/page/998518,https://lol.fandom.com/wiki/Special:Redirect/file/Brod_n_Friendslogo_square.png
lp_team_998712,Bitfix RG,Bitfix RG,leaguepedia_cargo,https://lol.fandom.com/wiki/Special:Redirect/page/998712,https://lol.fandom.com/wiki/Special:Redirect/file/Bitfix_RGlogo_square.png
lp_team_998717,B2U,B2U,leaguepedia_cargo,https://lol.fandom.com/wiki/Special:Redirect/page/998717,https://lol.fandom.com/wiki/Special:Redirect/file/B2Ulogo_square.png
lp_team_998782,Venomcrest Serpents,Venomcrest Serpents,leaguepedia_cargo,https://lol.fandom.com/wiki/Special:Redirect/page/998782,https://lol.fandom.com/wiki/Special:Redirect/file/Venomcrest_Serpentslogo_square.png
lp_team_998794,CNG Royal,CNG Royal,leaguepedia_cargo,https://lol.fandom.com/wiki/Special:Redirect/page/998794,https://lol.fandom.com/wiki/Special:Redirect/file/CNG_Royallogo_square.png
lp_team_998799,Lund Esports Organization,Lund Esports Organization,leaguepedia_cargo,https://lol.fandom.com/wiki/Special:Redirect/page/998799,https://lol.fandom.com/wiki/Special:Redirect/file/Lund_Esports_Organizationlogo_profile.png
lp_team_999272,JSK Esports,JSK Esports,leaguepedia_cargo,https://lol.fandom.com/wiki/Special:Redirect/page/999272,https://lol.fandom.com/wiki/Special:Redirect/file/JSK_Esportslogo_profile.png
lp_team_999410,Sicar Esports Valkyrias,Sicar Esports Valkyrias,leaguepedia_cargo,https://lol.fandom.com/wiki/Special:Redirect/page/999410,https://lol.fandom.com/wiki/Special:Redirect/file/Sicar_Esports_Valkyriaslogo_square.png
lp_team_999880,Azules Esports Fem,Azules Esports Fem,leaguepedia_cargo,https://lol.fandom.com/wiki/Special:Redirect/page/999880,https://lol.fandom.com/wiki/Special:Redirect/file/Azules_Esports_Femlogo_square.png
lp_team_1000619,Shadow Bloom,Shadow Bloom,leaguepedia_cargo,https://lol.fandom.com/wiki/Special:Redirect/page/1000619,https://lol.fandom.com/wiki/Special:Redirect/file/Shadow_Bloomlogo_square.png
lp_team_1000970,Bamboo Juice,Bamboo Juice,leaguepedia_cargo,https://lol.fandom.com/wiki/Special:Redirect/page/1000970,https://lol.fandom.com/wiki/Special:Redirect/file/Bamboo_Juicelogo_square.png
lp_team_1001770,Entropy x Teufel,Entropy x Teufel,leaguepedia_cargo,https://lol.fandom.com/wiki/Special:Redirect/page/1001770,https://lol.fandom.com/wiki/Special:Redirect/file/Entropy_x_Teufellogo_square.png
lp_team_1002312,Phoenix1,Phoenix1,leaguepedia_cargo,https://lol.fandom.com/wiki/Special:Redirect/page/1002312,https://lol.fandom.com/wiki/Special:Redirect/file/Phoenix1logo_square.png
lp_team_1002328,Sentinels,Sentinels,leaguepedia_cargo,https://lol.fandom.com/wiki/Special:Redirect/page/1002328,https://lol.fandom.com/wiki/Special:Redirect/file/Sentinelslogo_profile.png
lp_team_1003011,6GPA,6GPA,leaguepedia_cargo,https://lol.fandom.com/wiki/Special:Redirect/page/1003011,https://lol.fandom.com/wiki/Special:Redirect/file/6GPAlogo_profile.png
lp_team_1007487,Mental Rush,Mental Rush,leaguepedia_cargo,https://lol.fandom.com/wiki/Special:Redirect/page/1007487,https://lol.fandom.com/wiki/Special:Redirect/file/Mental_Rushlogo_square.png
lp_team_1007843,Godalions Blossom,Godalions Blossom,leaguepedia_cargo,https://lol.fandom.com/wiki/Special:Redirect/page/1007843,https://lol.fandom.com/wiki/Special:Redirect/file/Godalions_Blossomlogo_square.png
lp_team_1007871,Aurora Celestials,Aurora Celestials,leaguepedia_cargo,https://lol.fandom.com/wiki/Special:Redirect/page/1007871,https://lol.fandom.com/wiki/Special:Redirect/file/Aurora_Celestialslogo_square.png
lp_team_1009516,9Gaming Esports,9Gaming Esports,leaguepedia_cargo,https://lol.fandom.com/wiki/Special:Redirect/page/1009516,https://lol.fandom.com/wiki/Special:Redirect/file/9Gaminglogo_profile.png
lp_team_1009721,French Flair,French Flair,leaguepedia_cargo,https://lol.fandom.com/wiki/Special:Redirect/page/1009721,https://lol.fandom.com/wiki/Special:Redirect/file/French_Flairlogo_square.png
lp_team_1010094,NextGeneration Esports,NextGeneration Esports,leaguepedia_cargo,https://lol.fandom.com/wiki/Special:Redirect/page/1010094,https://lol.fandom.com/wiki/Special:Redirect/file/NextGeneration_Esportslogo_square.png
lp_team_1010339,Arneb,Arneb,leaguepedia_cargo,https://lol.fandom.com/wiki/Special:Redirect/page/1010339,https://lol.fandom.com/wiki/Special:Redirect/file/Arneblogo_profile.png
lp_team_1010418,Galions Sharks,Galions Sharks,leaguepedia_cargo,https://lol.fandom.com/wiki/Special:Redirect/page/1010418,https://lol.fandom.com/wiki/Special:Redirect/file/Galions_Sharkslogo_square.png
lp_team_1010467,ZYB Esport,ZYB Esport,leaguepedia_cargo,https://lol.fandom.com/wiki/Special:Redirect/page/1010467,https://lol.fandom.com/wiki/Special:Redirect/file/ZYB_Esportlogo_square.png
lp_team_1010672,MT1 Esports,MT1 Esports,leaguepedia_cargo,https://lol.fandom.com/wiki/Special:Redirect/page/1010672,https://lol.fandom.com/wiki/Special:Redirect/file/MT1_Esportslogo_square.png
lp_team_1010805,Shifters,Shifters,leaguepedia_cargo,https://lol.fandom.com/wiki/Special:Redirect/page/1010805,https://lol.fandom.com/wiki/Special:Redirect/file/Shifterslogo_profile.png
lp_team_1011519,Eintracht Spandau Zwei,Eintracht Spandau Zwei,leaguepedia_cargo,https://lol.fandom.com/wiki/Special:Redirect/page/1011519,https://lol.fandom.com/wiki/Special:Redirect/file/Eintracht_Spandau_Zweilogo_square.png
lp_team_1011559,L Guide Gaming,L Guide Gaming,leaguepedia_cargo,https://lol.fandom.com/wiki/Special:Redirect/page/1011559,https://lol.fandom.com/wiki/Special:Redirect/file/L_Guide_Gaminglogo_profile.png
lp_team_1011575,Inferno Drive Tokyo,Inferno Drive Tokyo,leaguepedia_cargo,https://lol.fandom.com/wiki/Special:Redirect/page/1011575,https://lol.fandom.com/wiki/Special:Redirect/file/Inferno_Drive_Tokyologo_profile.png
lp_team_1011587,RAYN Clocks,RAYN Clocks,leaguepedia_cargo,https://lol.fandom.com/wiki/Special:Redirect/page/1011587,https://lol.fandom.com/wiki/Special:Redirect/file/RAYN_Clockslogo_square.png
lp_team_1011630,ALMO Players,ALMO Players,leaguepedia_cargo,https://lol.fandom.com/wiki/Special:Redirect/page/1011630,https://lol.fandom.com/wiki/Special:Redirect/file/ALMO_Playerslogo_square.png
lp_team_1011805,MVK Esports,MVK Esports,leaguepedia_cargo,https://lol.fandom.com/wiki/Special:Redirect/page/1011805,https://lol.fandom.com/wiki/Special:Redirect/file/MVK_Esportslogo_profile.png
lp_team_1011806,MVK Esports Academy,MVK Esports Academy,leaguepedia_cargo,https://lol.fandom.com/wiki/Special:Redirect/page/1011806,https://lol.fandom.com/wiki/Special:Redirect/file/MVK_Esports_Academylogo_profile.png
lp_team_1011855,Deacoy,Deacoy,leaguepedia_cargo,https://lol.fandom.com/wiki/Special:Redirect/page/1011855,https://lol.fandom.com/wiki/Special:Redirect/file/Deacoylogo_square.png
lp_team_1012039,HMBLE,HMBLE,leaguepedia_cargo,https://lol.fandom.com/wiki/Special:Redirect/page/1012039,https://lol.fandom.com/wiki/Special:Redirect/file/HMBLElogo_square.png
lp_team_1012052,4 Swines & A Bum,4 Swines & A Bum,leaguepedia_cargo,https://lol.fandom.com/wiki/Special:Redirect/page/1012052,https://lol.fandom.com/wiki/Special:Redirect/file/4_Swines_%26_A_Bumlogo_profile.png
lp_team_1012143,La BOMBAS,La BOMBAS,leaguepedia_cargo,https://lol.fandom.com/wiki/Special:Redirect/page/1012143,https://lol.fandom.com/wiki/Special:Redirect/file/La_BOMBASlogo_square.png
lp_team_1012176,G2 NORD,G2 NORD,leaguepedia_cargo,https://lol.fandom.com/wiki/Special:Redirect/page/1012176,https://lol.fandom.com/wiki/Special:Redirect/file/G2_NORDlogo_square.png
lp_team_1012189,The Bandits,The Bandits,leaguepedia_cargo,https://lol.fandom.com/wiki/Special:Redirect/page/1012189,https://lol.fandom.com/wiki/Special:Redirect/file/The_Banditslogo_square.png
lp_team_1012261,S2G Esports,S2G Esports,leaguepedia_cargo,https://lol.fandom.com/wiki/Special:Redirect/page/1012261,https://lol.fandom.com/wiki/Special:Redirect/file/S2G_Esportslogo_square.png
lp_team_1012266,Deer Gaming,Deer Gaming,leaguepedia_cargo,https://lol.fandom.com/wiki/Special:Redirect/page/1012266,https://lol.fandom.com/wiki/Special:Redirect/file/Deer_Gaminglogo_square.png
lp_team_1012340,Team Phoenix,Team Phoenix,leaguepedia_cargo,https://lol.fandom.com/wiki/Special:Redirect/page/1012340,https://lol.fandom.com/wiki/Special:Redirect/file/Team_Phoenix_%28Turkish_Team%29logo_square.png
lp_team_1012347,Frites Esports Club,Frites Esports Club,leaguepedia_cargo,https://lol.fandom.com/wiki/Special:Redirect/page/1012347,https://lol.fandom.com/wiki/Special:Redirect/file/Frites_Esports_Clublogo_square.png
lp_team_1012870,SU Esports,SU Esports,leaguepedia_cargo,https://lol.fandom.com/wiki/Special:Redirect/page/1012870,https://lol.fandom.com/wiki/Special:Redirect/file/SU_Esportslogo_square.png
lp_team_1013046,Yumeea,Yumeea,leaguepedia_cargo,https://lol.fandom.com/wiki/Special:Redirect/page/1013046,https://lol.fandom.com/wiki/Special:Redirect/file/Yumeealogo_square.png
lp_team_1013203,NICE GUYS,NICE GUYS,leaguepedia_cargo,https://lol.fandom.com/wiki/Special:Redirect/page/1013203,https://lol.fandom.com/wiki/Special:Redirect/file/NICE_GUYSlogo_square.png
lp_team_1013232,Babos Gaming,Babos Gaming,leaguepedia_cargo,https://lol.fandom.com/wiki/Special:Redirect/page/1013232,https://lol.fandom.com/wiki/Special:Redirect/file/Babos_Gaminglogo_square.png
lp_team_1013661,Arctic Pandas,Arctic Pandas,leaguepedia_cargo,https://lol.fandom.com/wiki/Special:Redirect/page/1013661,https://lol.fandom.com/wiki/Special:Redirect/file/Arctic_Pandaslogo_square.png
lp_team_1013886,Rising Gaming,Rising Gaming,leaguepedia_cargo,https://lol.fandom.com/wiki/Special:Redirect/page/1013886,https://lol.fandom.com/wiki/Special:Redirect/file/Rising_Gaminglogo_square.png
lp_team_1015993,TLN Pirates,TLN Pirates,leaguepedia_cargo,https://lol.fandom.com/wiki/Special:Redirect/page/1015993,https://lol.fandom.com/wiki/Special:Redirect/file/TLN_Pirateslogo_square.png
lp_team_1016265,SPAXFAMILY,SPAXFAMILY,leaguepedia_cargo,https://lol.fandom.com/wiki/Special:Redirect/page/1016265,https://lol.fandom.com/wiki/Special:Redirect/file/SPAXFAMILYlogo_square.png
lp_team_1017336,Reset E-Sports,Reset E-Sports,leaguepedia_cargo,https://lol.fandom.com/wiki/Special:Redirect/page/1017336,https://lol.fandom.com/wiki/Special:Redirect/file/Reset_E-Sportslogo_square.png
lp_team_1017346,Sponge Gaming,Sponge Gaming,leaguepedia_cargo,https://lol.fandom.com/wiki/Special:Redirect/page/1017346,https://lol.fandom.com/wiki/Special:Redirect/file/Sponge_Gaminglogo_square.png
lp_team_1017440,PRAXIS,PRAXIS,leaguepedia_cargo,https://lol.fandom.com/wiki/Special:Redirect/page/1017440,https://lol.fandom.com/wiki/Special:Redirect/file/PRAXISlogo_square.png
lp_team_1017458,Uwinks,Uwinks,leaguepedia_cargo,https://lol.fandom.com/wiki/Special:Redirect/page/1017458,https://lol.fandom.com/wiki/Special:Redirect/file/Uwinkslogo_square.png
lp_team_1017647,Valhalla Esports,Valhalla Esports,leaguepedia_cargo,https://lol.fandom.com/wiki/Special:Redirect/page/1017647,https://lol.fandom.com/wiki/Special:Redirect/file/Valhalla_Esports_%28Brazilian_Team%29logo_square.png
lp_team_1018169,29Gaming,29Gaming,leaguepedia_cargo,https://lol.fandom.com/wiki/Special:Redirect/page/1018169,https://lol.fandom.com/wiki/Special:Redirect/file/29Gaminglogo_square.png
lp_team_1018276,CAG OSAKA,CAG OSAKA,leaguepedia_cargo,https://lol.fandom.com/wiki/Special:Redirect/page/1018276,https://lol.fandom.com/wiki/Special:Redirect/file/CAG_OSAKAlogo_profile.png
lp_team_1018729,Project Conquerors Athena,Project Conquerors Athena,leaguepedia_cargo,https://lol.fandom.com/wiki/Special:Redirect/page/1018729,https://lol.fandom.com/wiki/Special:Redirect/file/Project_Conquerors_Athenalogo_square.png
lp_team_1019393,Extreme Dive Gaming,Extreme Dive Gaming,leaguepedia_cargo,https://lol.fandom.com/wiki/Special:Redirect/page/1019393,https://lol.fandom.com/wiki/Special:Redirect/file/Extreme_Dive_Gaminglogo_square.png
lp_team_1019401,UB Alma Mater,UB Alma Mater,leaguepedia_cargo,https://lol.fandom.com/wiki/Special:Redirect/page/1019401,https://lol.fandom.com/wiki/Special:Redirect/file/UB_Alma_Materlogo_profile.png
lp_team_1019418,Saigon Warriors,Saigon Warriors,leaguepedia_cargo,https://lol.fandom.com/wiki/Special:Redirect/page/1019418,https://lol.fandom.com/wiki/Special:Redirect/file/Saigon_Warriorslogo_square.png
lp_team_1019505,Farenvehn Fem,Farenvehn Fem,leaguepedia_cargo,https://lol.fandom.com/wiki/Special:Redirect/page/1019505,https://lol.fandom.com/wiki/Special:Redirect/file/Farenvehn_Femlogo_square.png
lp_team_1020207,Quảng Ninh Gốc,Quảng Ninh Gốc,leaguepedia_cargo,https://lol.fandom.com/wiki/Special:Redirect/page/1020207,https://lol.fandom.com/wiki/Special:Redirect/file/Qu%E1%BA%A3ng_Ninh_G%E1%BB%91clogo_square.png
lp_team_1020227,Sphere Esports,Sphere Esports,leaguepedia_cargo,https://lol.fandom.com/wiki/Special:Redirect/page/1020227,https://lol.fandom.com/wiki/Special:Redirect/file/Sphere_Esportslogo_square.png
lp_team_1020327,VelbeliKaizokudan,VelbeliKaizokudan,leaguepedia_cargo,https://lol.fandom.com/wiki/Special:Redirect/page/1020327,https://lol.fandom.com/wiki/Special:Redirect/file/VelbeliKaizokudanlogo_square.png
lp_team_1020353,NOVEX,NOVEX,leaguepedia_cargo,https://lol.fandom.com/wiki/Special:Redirect/page/1020353,https://lol.fandom.com/wiki/Special:Redirect/file/NOVEXlogo_square.png
lp_team_1020354,New Meta,New Meta,leaguepedia_cargo,https://lol.fandom.com/wiki/Special:Redirect/page/1020354,https://lol.fandom.com/wiki/Special:Redirect/file/New_Metalogo_profile.png
lp_team_1020359,Fast8,Fast8,leaguepedia_cargo,https://lol.fandom.com/wiki/Special:Redirect/page/1020359,https://lol.fandom.com/wiki/Special:Redirect/file/Fast8logo_profile.png
lp_team_1020733,Onion Team,Onion Team,leaguepedia_cargo,https://lol.fandom.com/wiki/Special:Redirect/page/1020733,https://lol.fandom.com/wiki/Special:Redirect/file/Onion_Teamlogo_square.png
lp_team_1020985,Team Solid,Team Solid,leaguepedia_cargo,https://lol.fandom.com/wiki/Special:Redirect/page/1020985,https://lol.fandom.com/wiki/Special:Redirect/file/Team_Solid_%28Brazilian_Team%29logo_square.png
lp_team_1021612,Volticons,Volticons,leaguepedia_cargo,https://lol.fandom.com/wiki/Special:Redirect/page/1021612,https://lol.fandom.com/wiki/Special:Redirect/file/Volticonslogo_square.png
lp_team_1022283,Bomba Team,Bomba Team,leaguepedia_cargo,https://lol.fandom.com/wiki/Special:Redirect/page/1022283,https://lol.fandom.com/wiki/Special:Redirect/file/Bomba_Teamlogo_square.png
lp_team_1022356,Ngựa Hí Esports,Ngựa Hí Esports,leaguepedia_cargo,https://lol.fandom.com/wiki/Special:Redirect/page/1022356,https://lol.fandom.com/wiki/Special:Redirect/file/Ng%E1%BB%B1a_H%C3%AD_Esportslogo_square.png
lp_team_1022458,BraVeLY,BraVeLY,leaguepedia_cargo,https://lol.fandom.com/wiki/Special:Redirect/page/1022458,https://lol.fandom.com/wiki/Special:Redirect/file/BraVeLYlogo_square.png
lp_team_1022730,Viktus,Viktus,leaguepedia_cargo,https://lol.fandom.com/wiki/Special:Redirect/page/1022730,https://lol.fandom.com/wiki/Special:Redirect/file/Viktuslogo_square.png
lp_team_1022970,Vantex Esports,Vantex Esports,leaguepedia_cargo,https://lol.fandom.com/wiki/Special:Redirect/page/1022970,https://lol.fandom.com/wiki/Special:Redirect/file/Vantex_Esportslogo_square.png
lp_team_1023408,KaBuM! Trainee,KaBuM! Trainee,leaguepedia_cargo,https://lol.fandom.com/wiki/Special:Redirect/page/1023408,https://lol.fandom.com/wiki/Special:Redirect/file/KaBuM%21_Traineelogo_square.png
lp_team_1023576,Ei Nerd Esports,Ei Nerd Esports,leaguepedia_cargo,https://lol.fandom.com/wiki/Special:Redirect/page/1023576,https://lol.fandom.com/wiki/Special:Redirect/file/Ei_Nerd_Esportslogo_profile.png
lp_team_1023622,Pratt Community College,Pratt Community College,leaguepedia_cargo,https://lol.fandom.com/wiki/Special:Redirect/page/1023622,https://lol.fandom.com/wiki/Special:Redirect/file/Pratt_Community_Collegelogo_square.png
lp_team_1023916,Juventus Gaming White,Juventus Gaming White,leaguepedia_cargo,https://lol.fandom.com/wiki/Special:Redirect/page/1023916,https://lol.fandom.com/wiki/Special:Redirect/file/Juventus_Gaming_Whitelogo_square.png
lp_team_1023949,9z Globant,9z Globant,leaguepedia_cargo,https://lol.fandom.com/wiki/Special:Redirect/page/1023949,https://lol.fandom.com/wiki/Special:Redirect/file/9z_Globantlogo_square.png
lp_team_1023959,G3V E-sports,G3V E-sports,leaguepedia_cargo,https://lol.fandom.com/wiki/Special:Redirect/page/1023959,https://lol.fandom.com/wiki/Special:Redirect/file/G3V_E-sportslogo_square.png
lp_team_1023964,Colmeia Esports,Colmeia Esports,leaguepedia_cargo,https://lol.fandom.com/wiki/Special:Redirect/page/1023964,https://lol.fandom.com/wiki/Special:Redirect/file/Colmeia_Esportslogo_square.png
lp_team_1024189,The New Kings,The New Kings,leaguepedia_cargo,https://lol.fandom.com/wiki/Special:Redirect/page/1024189,https://lol.fandom.com/wiki/Special:Redirect/file/The_New_Kingslogo_square.png
lp_team_1024513,Smoke Tram Academy,Smoke Tram Academy,leaguepedia_cargo,https://lol.fandom.com/wiki/Special:Redirect/page/1024513,https://lol.fandom.com/wiki/Special:Redirect/file/Smoke_Tram_Academylogo_square.png
lp_team_1024681,Tu Papá Esports,Tu Papá Esports,leaguepedia_cargo,https://lol.fandom.com/wiki/Special:Redirect/page/1024681,https://lol.fandom.com/wiki/Special:Redirect/file/Tu_Pap%C3%A1_Esportslogo_square.png
lp_team_1024743,NCG Esports,NCG Esports,leaguepedia_cargo,https://lol.fandom.com/wiki/Special:Redirect/page/1024743,https://lol.fandom.com/wiki/Special:Redirect/file/NCG_Esportslogo_square.png
lp_team_1025908,Witchcraft,Witchcraft,leaguepedia_cargo,https://lol.fandom.com/wiki/Special:Redirect/page/1025908,https://lol.fandom.com/wiki/Special:Redirect/file/Witchcraftlogo_square.png
lp_team_1025928,SixSeven,SixSeven,leaguepedia_cargo,https://lol.fandom.com/wiki/Special:Redirect/page/1025928,https://lol.fandom.com/wiki/Special:Redirect/file/SixSevenlogo_square.png
lp_team_1026264,Cusprills,Cusprills,leaguepedia_cargo,https://lol.fandom.com/wiki/Special:Redirect/page/1026264,https://lol.fandom.com/wiki/Special:Redirect/file/Cusprillslogo_square.png
lp_team_1026588,Milk Esports Brazil,Milk Esports Brazil,leaguepedia_cargo,https://lol.fandom.com/wiki/Special:Redirect/page/1026588,https://lol.fandom.com/wiki/Special:Redirect/file/Milk_Esports_Brazillogo_square.png
lp_team_1028728,UCAM University Esports,UCAM University Esports,leaguepedia_cargo,https://lol.fandom.com/wiki/Special:Redirect/page/1028728,https://lol.fandom.com/wiki/Special:Redirect/file/UCAM_University_Esportslogo_square.png
lp_team_1028993,Aeterna Esports,Aeterna Esports,leaguepedia_cargo,https://lol.fandom.com/wiki/Special:Redirect/page/1028993,https://lol.fandom.com/wiki/Special:Redirect/file/Aeterna_Esportslogo_square.png
lp_team_1029630,StoneHenge Esports,StoneHenge Esports,leaguepedia_cargo,https://lol.fandom.com/wiki/Special:Redirect/page/1029630,https://lol.fandom.com/wiki/Special:Redirect/file/StoneHenge_Esportslogo_square.png
lp_team_1029642,BETA,BETA,leaguepedia_cargo,https://lol.fandom.com/wiki/Special:Redirect/page/1029642,https://lol.fandom.com/wiki/Special:Redirect/file/BETAlogo_square.png
lp_team_1029824,TITANS,TITANS,leaguepedia_cargo,https://lol.fandom.com/wiki/Special:Redirect/page/1029824,https://lol.fandom.com/wiki/Special:Redirect/file/TITANSlogo_square.png
lp_team_1030510,Ozarox Esports,Ozarox Esports,leaguepedia_cargo,https://lol.fandom.com/wiki/Special:Redirect/page/1030510,https://lol.fandom.com/wiki/Special:Redirect/file/Ozarox_Esportslogo_square.png
lp_team_1031645,Bohemian Guardians,Bohemian Guardians,leaguepedia_cargo,https://lol.fandom.com/wiki/Special:Redirect/page/1031645,https://lol.fandom.com/wiki/Special:Redirect/file/Bohemian_Guardianslogo_square.png
lp_team_1032168,Crystal Rose,Crystal Rose,leaguepedia_cargo,https://lol.fandom.com/wiki/Special:Redirect/page/1032168,https://lol.fandom.com/wiki/Special:Redirect/file/Crystal_Rose_%28French_Team%29logo_square.png
lp_team_1033198,Shadow Keepers Esports,Shadow Keepers Esports,leaguepedia_cargo,https://lol.fandom.com/wiki/Special:Redirect/page/1033198,https://lol.fandom.com/wiki/Special:Redirect/file/Shadow_Keepers_Esportslogo_square.png
lp_team_1033208,Viper Night Raider,Viper Night Raider,leaguepedia_cargo,https://lol.fandom.com/wiki/Special:Redirect/page/1033208,https://lol.fandom.com/wiki/Special:Redirect/file/Viper_Night_Raiderlogo_square.png
lp_team_1033209,SillySilly Gaming,SillySilly Gaming,leaguepedia_cargo,https://lol.fandom.com/wiki/Special:Redirect/page/1033209,https://lol.fandom.com/wiki/Special:Redirect/file/SillySilly_Gaminglogo_square.png
lp_team_1033376,Equinox Core,Equinox Core,leaguepedia_cargo,https://lol.fandom.com/wiki/Special:Redirect/page/1033376,https://lol.fandom.com/wiki/Special:Redirect/file/Equinox_Corelogo_square.png
lp_team_1033383,Xu Ji Basalt,Xu Ji Basalt,leaguepedia_cargo,https://lol.fandom.com/wiki/Special:Redirect/page/1033383,https://lol.fandom.com/wiki/Special:Redirect/file/Xu_Ji_Basaltlogo_profile.png
lp_team_1033545,Clã NKZ,Clã NKZ,leaguepedia_cargo,https://lol.fandom.com/wiki/Special:Redirect/page/1033545,https://lol.fandom.com/wiki/Special:Redirect/file/Cl%C3%A3_NKZlogo_square.png
lp_team_1033807,Shark Bite Furious Gaming Black,Shark Bite Furious Gaming Black,leaguepedia_cargo,https://lol.fandom.com/wiki/Special:Redirect/page/1033807,https://lol.fandom.com/wiki/Special:Redirect/file/SharkBite_Furious_Gaming_Blacklogo_square.png
lp_team_1033818,PvB,PvB,leaguepedia_cargo,https://lol.fandom.com/wiki/Special:Redirect/page/1033818,https://lol.fandom.com/wiki/Special:Redirect/file/PvB_%28Swiss_Team%29logo_square.png
lp_team_1033823,AceGaming,AceGaming,leaguepedia_cargo,https://lol.fandom.com/wiki/Special:Redirect/page/1033823,https://lol.fandom.com/wiki/Special:Redirect/file/AceGaminglogo_square.png
lp_team_1034080,Croatian Flair,Croatian Flair,leaguepedia_cargo,https://lol.fandom.com/wiki/Special:Redirect/page/1034080,https://lol.fandom.com/wiki/Special:Redirect/file/Croatian_Flairlogo_square.png
lp_team_1034107,EXILE esports Academy,EXILE esports Academy,leaguepedia_cargo,https://lol.fandom.com/wiki/Special:Redirect/page/1034107,https://lol.fandom.com/wiki/Special:Redirect/file/EXILE_esports_Academylogo_square.png
lp_team_1034114,CITA Kaizen Academy,CITA Kaizen Academy,leaguepedia_cargo,https://lol.fandom.com/wiki/Special:Redirect/page/1034114,https://lol.fandom.com/wiki/Special:Redirect/file/CITA_Kaizen_Academylogo_square.png
lp_team_1034120,Gados Sem Limites E-Sports,Gados Sem Limites E-Sports,leaguepedia_cargo,https://lol.fandom.com/wiki/Special:Redirect/page/1034120,https://lol.fandom.com/wiki/Special:Redirect/file/Gados_Sem_Limites_E-Sportslogo_square.png
lp_team_1034440,Shark Bite Furious Gaming White,Shark Bite Furious Gaming White,leaguepedia_cargo,https://lol.fandom.com/wiki/Special:Redirect/page/1034440,https://lol.fandom.com/wiki/Special:Redirect/file/SharkBite_Furious_Gaming_Whitelogo_square.png
lp_team_1035477,TQ DURPA KASHLQ,TQ DURPA KASHLQ,leaguepedia_cargo,https://lol.fandom.com/wiki/Special:Redirect/page/1035477,https://lol.fandom.com/wiki/Special:Redirect/file/TQ_DURPA_KASHLQlogo_square.png
lp_team_1035823,Rugby Club Havířov,Rugby Club Havířov,leaguepedia_cargo,https://lol.fandom.com/wiki/Special:Redirect/page/1035823,https://lol.fandom.com/wiki/Special:Redirect/file/Rugby_Club_Hav%C3%AD%C5%99ovlogo_square.png
lp_team_1037371,RMD Gaming Trainee,RMD Gaming Trainee,leaguepedia_cargo,https://lol.fandom.com/wiki/Special:Redirect/page/1037371,https://lol.fandom.com/wiki/Special:Redirect/file/RMD_Gaming_Traineelogo_square.png
lp_team_1037750,Be Legend Forever,Be Legend Forever,leaguepedia_cargo,https://lol.fandom.com/wiki/Special:Redirect/page/1037750,https://lol.fandom.com/wiki/Special:Redirect/file/Be_Legend_Foreverlogo_square.png
lp_team_1037807,Dream Esports,Dream Esports,leaguepedia_cargo,https://lol.fandom.com/wiki/Special:Redirect/page/1037807,https://lol.fandom.com/wiki/Special:Redirect/file/Dream_Esportslogo_square.png
lp_team_1039159,FPT University Ho Chi Minh,FPT University Ho Chi Minh,leaguepedia_cargo,https://lol.fandom.com/wiki/Special:Redirect/page/1039159,https://lol.fandom.com/wiki/Special:Redirect/file/FPT_University_Hochiminhlogo_square.png
lp_team_1039326,JSK Academy,JSK Academy,leaguepedia_cargo,https://lol.fandom.com/wiki/Special:Redirect/page/1039326,https://lol.fandom.com/wiki/Special:Redirect/file/JSK_Academylogo_square.png
lp_team_1039386,Juventus Gaming Red,Juventus Gaming Red,leaguepedia_cargo,https://lol.fandom.com/wiki/Special:Redirect/page/1039386,https://lol.fandom.com/wiki/Special:Redirect/file/Juventus_Gaming_Redlogo_square.png
lp_team_1039391,Juventus Gaming Gold,Juventus Gaming Gold,leaguepedia_cargo,https://lol.fandom.com/wiki/Special:Redirect/page/1039391,https://lol.fandom.com/wiki/Special:Redirect/file/Juventus_Gaming_Goldlogo_square.png
lp_team_1039397,Filhos do Moita,Filhos do Moita,leaguepedia_cargo,https://lol.fandom.com/wiki/Special:Redirect/page/1039397,https://lol.fandom.com/wiki/Special:Redirect/file/Filhos_do_Moitalogo_square.png
lp_team_1039536,Team Spawn Peek,Team Spawn Peek,leaguepedia_cargo,https://lol.fandom.com/wiki/Special:Redirect/page/1039536,https://lol.fandom.com/wiki/Special:Redirect/file/Team_Spawn_Peeklogo_square.png
lp_team_1040043,ZEN Esports,ZEN Esports,leaguepedia_cargo,https://lol.fandom.com/wiki/Special:Redirect/page/1040043,https://lol.fandom.com/wiki/Special:Redirect/file/ZEN_Esports_%28Vietnamese_Team%29logo_profile.png
lp_team_1040175,emBRAZA! Esports,emBRAZA! Esports,leaguepedia_cargo,https://lol.fandom.com/wiki/Special:Redirect/page/1040175,https://lol.fandom.com/wiki/Special:Redirect/file/EmBRAZA%21_Esportslogo_square.png
lp_team_1040363,RAMPAGE,RAMPAGE,leaguepedia_cargo,https://lol.fandom.com/wiki/Special:Redirect/page/1040363,https://lol.fandom.com/wiki/Special:Redirect/file/RAMPAGE_%28Brazilian_Team%29logo_square.png
lp_team_1040503,Kuma e-Sports,Kuma e-Sports,leaguepedia_cargo,https://lol.fandom.com/wiki/Special:Redirect/page/1040503,https://lol.fandom.com/wiki/Special:Redirect/file/Kuma_e-Sportslogo_square.png
lp_team_1041490,Nine Lives Esports,Nine Lives Esports,leaguepedia_cargo,https://lol.fandom.com/wiki/Special:Redirect/page/1041490,https://lol.fandom.com/wiki/Special:Redirect/file/Nine_Lives_Esportslogo_square.png
lp_team_1041504,Team Samsara,Team Samsara,leaguepedia_cargo,https://lol.fandom.com/wiki/Special:Redirect/page/1041504,https://lol.fandom.com/wiki/Special:Redirect/file/Team_Samsaralogo_profile.png
lp_team_1041505,Make-A-Wish,Make-A-Wish,leaguepedia_cargo,https://lol.fandom.com/wiki/Special:Redirect/page/1041505,https://lol.fandom.com/wiki/Special:Redirect/file/Make-A-Wishlogo_square.png
lp_team_1041506,Rem's Helpers,Rem's Helpers,leaguepedia_cargo,https://lol.fandom.com/wiki/Special:Redirect/page/1041506,https://lol.fandom.com/wiki/Special:Redirect/file/Rem%27s_Helperslogo_square.png
lp_team_1041507,International Love,International Love,leaguepedia_cargo,https://lol.fandom.com/wiki/Special:Redirect/page/1041507,https://lol.fandom.com/wiki/Special:Redirect/file/International_Lovelogo_square.png
lp_team_1041759,God Darkness Esports,God Darkness Esports,leaguepedia_cargo,https://lol.fandom.com/wiki/Special:Redirect/page/1041759,https://lol.fandom.com/wiki/Special:Redirect/file/God_Darkness_Esportslogo_square.png
lp_team_1042599,We Can Win,We Can Win,leaguepedia_cargo,https://lol.fandom.com/wiki/Special:Redirect/page/1042599,https://lol.fandom.com/wiki/Special:Redirect/file/We_Can_Winlogo_square.png
lp_team_1043815,St. Cloud State University,St. Cloud State University,leaguepedia_cargo,https://lol.fandom.com/wiki/Special:Redirect/page/1043815,https://lol.fandom.com/wiki/Special:Redirect/file/St._Cloud_State_Universitylogo_square.png
lp_team_1044246,Invokers,Invokers,leaguepedia_cargo,https://lol.fandom.com/wiki/Special:Redirect/page/1044246,https://lol.fandom.com/wiki/Special:Redirect/file/Invokerslogo_square.png
lp_team_1045799,Pyramid IV Esports,Pyramid IV Esports,leaguepedia_cargo,https://lol.fandom.com/wiki/Special:Redirect/page/1045799,https://lol.fandom.com/wiki/Special:Redirect/file/Pyramid_IV_Esportslogo_profile.png
lp_team_1045971,DeathMark E-Sports,DeathMark E-Sports,leaguepedia_cargo,https://lol.fandom.com/wiki/Special:Redirect/page/1045971,https://lol.fandom.com/wiki/Special:Redirect/file/DeathMark_E-Sportslogo_square.png
lp_team_1046537,Bubliki,Bubliki,leaguepedia_cargo,https://lol.fandom.com/wiki/Special:Redirect/page/1046537,https://lol.fandom.com/wiki/Special:Redirect/file/Bublikilogo_profile.png
lp_team_1047392,Barcząca Esports Babylon,Barcząca Esports Babylon,leaguepedia_cargo,https://lol.fandom.com/wiki/Special:Redirect/page/1047392,https://lol.fandom.com/wiki/Special:Redirect/file/Barcz%C4%85ca_Esports_Babylonlogo_square.png
lp_team_1050745,Eclipse,Eclipse,leaguepedia_cargo,https://lol.fandom.com/wiki/Special:Redirect/page/1050745,https://lol.fandom.com/wiki/Special:Redirect/file/Eclipse_%28French_Team%29logo_square.png
lp_team_1050859,Kits Esports,Kits Esports,leaguepedia_cargo,https://lol.fandom.com/wiki/Special:Redirect/page/1050859,https://lol.fandom.com/wiki/Special:Redirect/file/Kits_Esportslogo_square.png
lp_team_1050916,Docta Esports,Docta Esports,leaguepedia_cargo,https://lol.fandom.com/wiki/Special:Redirect/page/1050916,https://lol.fandom.com/wiki/Special:Redirect/file/Docta_Esportslogo_square.png
lp_team_1050938,Valerion,Valerion,leaguepedia_cargo,https://lol.fandom.com/wiki/Special:Redirect/page/1050938,https://lol.fandom.com/wiki/Special:Redirect/file/Valerionlogo_square.png
lp_team_1051326,ZEN Esports,ZEN Esports,leaguepedia_cargo,https://lol.fandom.com/wiki/Special:Redirect/page/1051326,https://lol.fandom.com/wiki/Special:Redirect/file/ZEN_Esports_%28Argentinian_Team%29logo_square.png
lp_team_1051995,Ancient Ones,Ancient Ones,leaguepedia_cargo,https://lol.fandom.com/wiki/Special:Redirect/page/1051995,https://lol.fandom.com/wiki/Special:Redirect/file/Ancient_Oneslogo_square.png
lp_team_1052200,Solary Eclipse,Solary Eclipse,leaguepedia_cargo,https://lol.fandom.com/wiki/Special:Redirect/page/1052200,https://lol.fandom.com/wiki/Special:Redirect/file/Solary_Eclipselogo_square.png
lp_team_1052264,Ground Zero Academy,Ground Zero Academy,leaguepedia_cargo,https://lol.fandom.com/wiki/Special:Redirect/page/1052264,https://lol.fandom.com/wiki/Special:Redirect/file/Ground_Zero_Academylogo_square.png
lp_team_1053394,2 Massive,2 Massive,leaguepedia_cargo,https://lol.fandom.com/wiki/Special:Redirect/page/1053394,https://lol.fandom.com/wiki/Special:Redirect/file/2_Massivelogo_square.png
lp_team_1053518,Sørby eSport,Sørby eSport,leaguepedia_cargo,https://lol.fandom.com/wiki/Special:Redirect/page/1053518,https://lol.fandom.com/wiki/Special:Redirect/file/S%C3%B8rby_eSportlogo_square.png
lp_team_1053646,Disruptors,Disruptors,leaguepedia_cargo,https://lol.fandom.com/wiki/Special:Redirect/page/1053646,https://lol.fandom.com/wiki/Special:Redirect/file/Disruptorslogo_square.png
lp_team_1053810,Roosevelt University,Roosevelt University,leaguepedia_cargo,https://lol.fandom.com/wiki/Special:Redirect/page/1053810,https://lol.fandom.com/wiki/Special:Redirect/file/Roosevelt_Universitylogo_square.png
lp_team_1054174,Circus Kittens,Circus Kittens,leaguepedia_cargo,https://lol.fandom.com/wiki/Special:Redirect/page/1054174,https://lol.fandom.com/wiki/Special:Redirect/file/Circus_Kittenslogo_square.png
lp_team_1054180,Team Rift,Team Rift,leaguepedia_cargo,https://lol.fandom.com/wiki/Special:Redirect/page/1054180,https://lol.fandom.com/wiki/Special:Redirect/file/Team_Riftlogo_square.png
lp_team_1054269,Volda E-Sport,Volda E-Sport,leaguepedia_cargo,https://lol.fandom.com/wiki/Special:Redirect/page/1054269,https://lol.fandom.com/wiki/Special:Redirect/file/Volda_E-Sportlogo_square.png
lp_team_1054363,Team High Ground,Team High Ground,leaguepedia_cargo,https://lol.fandom.com/wiki/Special:Redirect/page/1054363,https://lol.fandom.com/wiki/Special:Redirect/file/Team_High_Groundlogo_square.png
lp_team_1054477,Xi Lai Gaming,Xi Lai Gaming,leaguepedia_cargo,https://lol.fandom.com/wiki/Special:Redirect/page/1054477,https://lol.fandom.com/wiki/Special:Redirect/file/Xi_Lai_Gaminglogo_square.png
lp_team_1054560,Embrace Whatever Happens,Embrace Whatever Happens,leaguepedia_cargo,https://lol.fandom.com/wiki/Special:Redirect/page/1054560,https://lol.fandom.com/wiki/Special:Redirect/file/Embrace_Whatever_Happenslogo_square.png
lp_team_1055465,RogerSaMa,RogerSaMa,leaguepedia_cargo,https://lol.fandom.com/wiki/Special:Redirect/page/1055465,https://lol.fandom.com/wiki/Special:Redirect/file/RogerSaMalogo_square.png
lp_team_1055580,Shark Attack,Shark Attack,leaguepedia_cargo,https://lol.fandom.com/wiki/Special:Redirect/page/1055580,https://lol.fandom.com/wiki/Special:Redirect/file/Shark_Attacklogo_square.png
lp_team_1056837,AZ Rising Eterna,AZ Rising Eterna,leaguepedia_cargo,https://lol.fandom.com/wiki/Special:Redirect/page/1056837,https://lol.fandom.com/wiki/Special:Redirect/file/AZ_Rising_Eternalogo_square.png
lp_team_1056911,DIA Ozarox Esports,DIA Ozarox Esports,leaguepedia_cargo,https://lol.fandom.com/wiki/Special:Redirect/page/1056911,https://lol.fandom.com/wiki/Special:Redirect/file/DIA_Ozarox_Esportslogo_profile.png
lp_team_1056953,FlyQuest RED,FlyQuest RED,leaguepedia_cargo,https://lol.fandom.com/wiki/Special:Redirect/page/1056953,https://lol.fandom.com/wiki/Special:Redirect/file/FlyQuest_REDlogo_profile.png
lp_team_1057054,RLX Esports,RLX Esports,leaguepedia_cargo,https://lol.fandom.com/wiki/Special:Redirect/page/1057054,https://lol.fandom.com/wiki/Special:Redirect/file/RLX_Esportslogo_profile.png
lp_team_1057068,Hooligans,Hooligans,leaguepedia_cargo,https://lol.fandom.com/wiki/Special:Redirect/page/1057068,https://lol.fandom.com/wiki/Special:Redirect/file/Hooliganslogo_square.png
lp_team_1057209,Ducks Deluxe x Evil Geniuses,Ducks Deluxe x Evil Geniuses,leaguepedia_cargo,https://lol.fandom.com/wiki/Special:Redirect/page/1057209,https://lol.fandom.com/wiki/Special:Redirect/file/Unknown_Infobox_Image_-_Team.png
lp_team_1058046,Reignfall,Reignfall,leaguepedia_cargo,https://lol.fandom.com/wiki/Special:Redirect/page/1058046,https://lol.fandom.com/wiki/Special:Redirect/file/Reignfalllogo_square.png
lp_team_1058083,Five Leaf Clover,Five Leaf Clover,leaguepedia_cargo,https://lol.fandom.com/wiki/Special:Redirect/page/1058083,https://lol.fandom.com/wiki/Special:Redirect/file/Five_Leaf_Cloverlogo_square.png
lp_team_1058091,UP2UMEDIA Cebulaki,UP2UMEDIA Cebulaki,leaguepedia_cargo,https://lol.fandom.com/wiki/Special:Redirect/page/1058091,https://lol.fandom.com/wiki/Special:Redirect/file/UP2UMEDIA_Cebulakilogo_profile.png
lp_team_1058271,Bunny Girls,Bunny Girls,leaguepedia_cargo,https://lol.fandom.com/wiki/Special:Redirect/page/1058271,https://lol.fandom.com/wiki/Special:Redirect/file/Bunny_Girlslogo_square.png
lp_team_1060156,Miau,Miau,leaguepedia_cargo,https://lol.fandom.com/wiki/Special:Redirect/page/1060156,https://lol.fandom.com/wiki/Special:Redirect/file/Miaulogo_square.png
lp_team_1060613,Spirit Blossom,Spirit Blossom,leaguepedia_cargo,https://lol.fandom.com/wiki/Special:Redirect/page/1060613,https://lol.fandom.com/wiki/Special:Redirect/file/Spirit_Blossomlogo_square.png
lp_team_1061197,Definitely not washed up,Definitely not washed up,leaguepedia_cargo,https://lol.fandom.com/wiki/Special:Redirect/page/1061197,https://lol.fandom.com/wiki/Special:Redirect/file/Definitely_not_washed_uplogo_square.png
lp_team_1061499,Only The Family,Only The Family,leaguepedia_cargo,https://lol.fandom.com/wiki/Special:Redirect/page/1061499,https://lol.fandom.com/wiki/Special:Redirect/file/Only_The_Familylogo_profile.png
lp_team_1061504,Botafogo Esports,Botafogo Esports,leaguepedia_cargo,https://lol.fandom.com/wiki/Special:Redirect/page/1061504,https://lol.fandom.com/wiki/Special:Redirect/file/Botafogo_Esportslogo_profile.png
lp_team_1062488,Majoris Angels,Majoris Angels,leaguepedia_cargo,https://lol.fandom.com/wiki/Special:Redirect/page/1062488,https://lol.fandom.com/wiki/Special:Redirect/file/Majoris_Angelslogo_profile.png
lp_team_1063033,GM Gaming,GM Gaming,leaguepedia_cargo,https://lol.fandom.com/wiki/Special:Redirect/page/1063033,https://lol.fandom.com/wiki/Special:Redirect/file/GM_Gaminglogo_square.png
